Fitter report for CPLD_pwm
Fri Aug 07 11:23:42 2026
Quartus II 64-Bit Version 13.0.1 Build 232 06/12/2013 Service Pack 1 SJ Web Edition


---------------------
; Table of Contents ;
---------------------
  1. Legal Notice
  2. Fitter Summary
  3. Fitter Settings
  4. Parallel Compilation
  5. I/O Assignment Warnings
  6. Ignored Assignments
  7. Incremental Compilation Preservation Summary
  8. Incremental Compilation Partition Settings
  9. Incremental Compilation Placement Preservation
 10. Pin-Out File
 11. Fitter Resource Usage Summary
 12. Fitter Partition Statistics
 13. Input Pins
 14. Output Pins
 15. Dual Purpose and Dedicated Pins
 16. I/O Bank Usage
 17. All Package Pins
 18. PLL Summary
 19. PLL Usage
 20. Fitter Resource Utilization by Entity
 21. Delay Chain Summary
 22. Pad To Core Delay Chain Fanout
 23. Control Signals
 24. Global & Other Fast Signals
 25. Non-Global High Fan-Out Signals
 26. Fitter DSP Block Usage Summary
 27. DSP Block Details
 28. Other Routing Usage Summary
 29. LAB Logic Elements
 30. LAB-wide Signals
 31. LAB Signals Sourced
 32. LAB Signals Sourced Out
 33. LAB Distinct Inputs
 34. I/O Rules Summary
 35. I/O Rules Details
 36. I/O Rules Matrix
 37. Fitter Device Options
 38. Operating Settings and Conditions
 39. Fitter Messages
 40. Fitter Suppressed Messages



----------------
; Legal Notice ;
----------------
Copyright (C) 1991-2013 Altera Corporation
Your use of Altera Corporation's design tools, logic functions 
and other software and tools, and its AMPP partner logic 
functions, and any output files from any of the foregoing 
(including device programming or simulation files), and any 
associated documentation or information are expressly subject 
to the terms and conditions of the Altera Program License 
Subscription Agreement, Altera MegaCore Function License 
Agreement, or other applicable license agreement, including, 
without limitation, that your use is for the sole purpose of 
programming logic devices manufactured by Altera and sold by 
Altera or its authorized distributors.  Please refer to the 
applicable agreement for further details.



+--------------------------------------------------------------------------------------+
; Fitter Summary                                                                       ;
+------------------------------------+-------------------------------------------------+
; Fitter Status                      ; Successful - Fri Aug 07 11:23:42 2026           ;
; Quartus II 64-Bit Version          ; 13.0.1 Build 232 06/12/2013 SP 1 SJ Web Edition ;
; Revision Name                      ; CPLD_pwm                                        ;
; Top-level Entity Name              ; CPLD_pwm                                        ;
; Family                             ; Cyclone IV E                                    ;
; Device                             ; EP4CE10F17C8                                    ;
; Timing Models                      ; Final                                           ;
; Total logic elements               ; 443 / 10,320 ( 4 % )                            ;
;     Total combinational functions  ; 386 / 10,320 ( 4 % )                            ;
;     Dedicated logic registers      ; 119 / 10,320 ( 1 % )                            ;
; Total registers                    ; 119                                             ;
; Total pins                         ; 133 / 180 ( 74 % )                              ;
; Total virtual pins                 ; 0                                               ;
; Total memory bits                  ; 0 / 423,936 ( 0 % )                             ;
; Embedded Multiplier 9-bit elements ; 6 / 46 ( 13 % )                                 ;
; Total PLLs                         ; 1 / 2 ( 50 % )                                  ;
+------------------------------------+-------------------------------------------------+


+------------------------------------------------------------------------------------------------------------------------------------------------------------+
; Fitter Settings                                                                                                                                            ;
+----------------------------------------------------------------------------+---------------------------------------+---------------------------------------+
; Option                                                                     ; Setting                               ; Default Value                         ;
+----------------------------------------------------------------------------+---------------------------------------+---------------------------------------+
; Device                                                                     ; EP4CE10F17C8                          ;                                       ;
; Minimum Core Junction Temperature                                          ; 0                                     ;                                       ;
; Maximum Core Junction Temperature                                          ; 85                                    ;                                       ;
; Fit Attempts to Skip                                                       ; 0                                     ; 0.0                                   ;
; Device I/O Standard                                                        ; 3.3-V LVTTL                           ;                                       ;
; Use smart compilation                                                      ; Off                                   ; Off                                   ;
; Enable parallel Assembler and TimeQuest Timing Analyzer during compilation ; On                                    ; On                                    ;
; Enable compact report table                                                ; Off                                   ; Off                                   ;
; Auto Merge PLLs                                                            ; On                                    ; On                                    ;
; Router Timing Optimization Level                                           ; Normal                                ; Normal                                ;
; Perform Clocking Topology Analysis During Routing                          ; Off                                   ; Off                                   ;
; Placement Effort Multiplier                                                ; 1.0                                   ; 1.0                                   ;
; Router Effort Multiplier                                                   ; 1.0                                   ; 1.0                                   ;
; Optimize Hold Timing                                                       ; All Paths                             ; All Paths                             ;
; Optimize Multi-Corner Timing                                               ; On                                    ; On                                    ;
; PowerPlay Power Optimization                                               ; Normal compilation                    ; Normal compilation                    ;
; SSN Optimization                                                           ; Off                                   ; Off                                   ;
; Optimize Timing                                                            ; Normal compilation                    ; Normal compilation                    ;
; Optimize Timing for ECOs                                                   ; Off                                   ; Off                                   ;
; Regenerate full fit report during ECO compiles                             ; Off                                   ; Off                                   ;
; Optimize IOC Register Placement for Timing                                 ; Normal                                ; Normal                                ;
; Limit to One Fitting Attempt                                               ; Off                                   ; Off                                   ;
; Final Placement Optimizations                                              ; Automatically                         ; Automatically                         ;
; Fitter Aggressive Routability Optimizations                                ; Automatically                         ; Automatically                         ;
; Fitter Initial Placement Seed                                              ; 1                                     ; 1                                     ;
; PCI I/O                                                                    ; Off                                   ; Off                                   ;
; Weak Pull-Up Resistor                                                      ; Off                                   ; Off                                   ;
; Enable Bus-Hold Circuitry                                                  ; Off                                   ; Off                                   ;
; Auto Packed Registers                                                      ; Auto                                  ; Auto                                  ;
; Auto Delay Chains                                                          ; On                                    ; On                                    ;
; Auto Delay Chains for High Fanout Input Pins                               ; Off                                   ; Off                                   ;
; Allow Single-ended Buffer for Differential-XSTL Input                      ; Off                                   ; Off                                   ;
; Treat Bidirectional Pin as Output Pin                                      ; Off                                   ; Off                                   ;
; Perform Physical Synthesis for Combinational Logic for Fitting             ; Off                                   ; Off                                   ;
; Perform Physical Synthesis for Combinational Logic for Performance         ; Off                                   ; Off                                   ;
; Perform Register Duplication for Performance                               ; Off                                   ; Off                                   ;
; Perform Logic to Memory Mapping for Fitting                                ; Off                                   ; Off                                   ;
; Perform Register Retiming for Performance                                  ; Off                                   ; Off                                   ;
; Perform Asynchronous Signal Pipelining                                     ; Off                                   ; Off                                   ;
; Fitter Effort                                                              ; Auto Fit                              ; Auto Fit                              ;
; Physical Synthesis Effort Level                                            ; Normal                                ; Normal                                ;
; Logic Cell Insertion - Logic Duplication                                   ; Auto                                  ; Auto                                  ;
; Auto Register Duplication                                                  ; Auto                                  ; Auto                                  ;
; Auto Global Clock                                                          ; On                                    ; On                                    ;
; Auto Global Register Control Signals                                       ; On                                    ; On                                    ;
; Reserve all unused pins                                                    ; As input tri-stated with weak pull-up ; As input tri-stated with weak pull-up ;
; Synchronizer Identification                                                ; Off                                   ; Off                                   ;
; Enable Beneficial Skew Optimization                                        ; On                                    ; On                                    ;
; Optimize Design for Metastability                                          ; On                                    ; On                                    ;
; Force Fitter to Avoid Periphery Placement Warnings                         ; Off                                   ; Off                                   ;
; Enable input tri-state on active configuration pins in user mode           ; Off                                   ; Off                                   ;
+----------------------------------------------------------------------------+---------------------------------------+---------------------------------------+


Parallel compilation was disabled, but you have multiple processors available. Enable parallel compilation to reduce compilation time.
+-------------------------------------+
; Parallel Compilation                ;
+----------------------------+--------+
; Processors                 ; Number ;
+----------------------------+--------+
; Number detected on machine ; 16     ;
; Maximum allowed            ; 1      ;
+----------------------------+--------+


+--------------------------------------------+
; I/O Assignment Warnings                    ;
+-------------------+------------------------+
; Pin Name          ; Reason                 ;
+-------------------+------------------------+
; gates_out[0]      ; Missing drive strength ;
; gates_out[1]      ; Missing drive strength ;
; gates_out[2]      ; Missing drive strength ;
; gates_out[3]      ; Missing drive strength ;
; gates_out[4]      ; Missing drive strength ;
; gates_out[5]      ; Missing drive strength ;
; gates_out[6]      ; Missing drive strength ;
; gates_out[7]      ; Missing drive strength ;
; gates_out[8]      ; Missing drive strength ;
; gates_out[9]      ; Missing drive strength ;
; gates_out[10]     ; Missing drive strength ;
; gates_out[11]     ; Missing drive strength ;
; gates_out[12]     ; Missing drive strength ;
; gates_out[13]     ; Missing drive strength ;
; gates_out[14]     ; Missing drive strength ;
; gates_out[15]     ; Missing drive strength ;
; gates_out[16]     ; Missing drive strength ;
; gates_out[17]     ; Missing drive strength ;
; gates_out[18]     ; Missing drive strength ;
; gates_out[19]     ; Missing drive strength ;
; gates_out[20]     ; Missing drive strength ;
; gates_out[21]     ; Missing drive strength ;
; gates_out[22]     ; Missing drive strength ;
; gates_out[23]     ; Missing drive strength ;
; cap_period[0]     ; Missing drive strength ;
; cap_period[1]     ; Missing drive strength ;
; cap_period[2]     ; Missing drive strength ;
; cap_period[3]     ; Missing drive strength ;
; cap_period[4]     ; Missing drive strength ;
; cap_period[5]     ; Missing drive strength ;
; cap_period[6]     ; Missing drive strength ;
; cap_period[7]     ; Missing drive strength ;
; cap_period[8]     ; Missing drive strength ;
; cap_period[9]     ; Missing drive strength ;
; cap_period[10]    ; Missing drive strength ;
; cap_period[11]    ; Missing drive strength ;
; cap_period[12]    ; Missing drive strength ;
; cap_period[13]    ; Missing drive strength ;
; cap_period[14]    ; Missing drive strength ;
; cap_period[15]    ; Missing drive strength ;
; cap_high_time[0]  ; Missing drive strength ;
; cap_high_time[1]  ; Missing drive strength ;
; cap_high_time[2]  ; Missing drive strength ;
; cap_high_time[3]  ; Missing drive strength ;
; cap_high_time[4]  ; Missing drive strength ;
; cap_high_time[5]  ; Missing drive strength ;
; cap_high_time[6]  ; Missing drive strength ;
; cap_high_time[7]  ; Missing drive strength ;
; cap_high_time[8]  ; Missing drive strength ;
; cap_high_time[9]  ; Missing drive strength ;
; cap_high_time[10] ; Missing drive strength ;
; cap_high_time[11] ; Missing drive strength ;
; cap_high_time[12] ; Missing drive strength ;
; cap_high_time[13] ; Missing drive strength ;
; cap_high_time[14] ; Missing drive strength ;
; cap_high_time[15] ; Missing drive strength ;
; cap_valid         ; Missing drive strength ;
; pll_locked        ; Missing drive strength ;
+-------------------+------------------------+


+--------------------------------------------------------------------------------------------+
; Ignored Assignments                                                                        ;
+--------------+----------------+--------------+------------+---------------+----------------+
; Name         ; Ignored Entity ; Ignored From ; Ignored To ; Ignored Value ; Ignored Source ;
+--------------+----------------+--------------+------------+---------------+----------------+
; Location     ;                ;              ; sys_rst_n  ; PIN_M1        ; QSF Assignment ;
; I/O Standard ;                ;              ; sys_rst_n  ; 3.3-V LVTTL   ; QSF Assignment ;
+--------------+----------------+--------------+------------+---------------+----------------+


+----------------------------------------------+
; Incremental Compilation Preservation Summary ;
+---------------------+------------------------+
; Type                ; Value                  ;
+---------------------+------------------------+
; Placement (by node) ;                        ;
;     -- Requested    ; 0 / 790 ( 0.00 % )     ;
;     -- Achieved     ; 0 / 790 ( 0.00 % )     ;
;                     ;                        ;
; Routing (by net)    ;                        ;
;     -- Requested    ; 0 / 0 ( 0.00 % )       ;
;     -- Achieved     ; 0 / 0 ( 0.00 % )       ;
+---------------------+------------------------+


+----------------------------------------------------------------------------------------------------------------------------------------------------------------------------------------+
; Incremental Compilation Partition Settings                                                                                                                                             ;
+--------------------------------+----------------+-------------------+-------------------------+------------------------+------------------------------+--------------------------------+
; Partition Name                 ; Partition Type ; Netlist Type Used ; Preservation Level Used ; Netlist Type Requested ; Preservation Level Requested ; Contents                       ;
+--------------------------------+----------------+-------------------+-------------------------+------------------------+------------------------------+--------------------------------+
; Top                            ; User-created   ; Source File       ; N/A                     ; Source File            ; N/A                          ;                                ;
; hard_block:auto_generated_inst ; Auto-generated ; Source File       ; N/A                     ; Source File            ; N/A                          ; hard_block:auto_generated_inst ;
+--------------------------------+----------------+-------------------+-------------------------+------------------------+------------------------------+--------------------------------+


+------------------------------------------------------------------------------------------------------------+
; Incremental Compilation Placement Preservation                                                             ;
+--------------------------------+---------+-------------------+-------------------------+-------------------+
; Partition Name                 ; # Nodes ; # Preserved Nodes ; Preservation Level Used ; Netlist Type Used ;
+--------------------------------+---------+-------------------+-------------------------+-------------------+
; Top                            ; 778     ; 0                 ; N/A                     ; Source File       ;
; hard_block:auto_generated_inst ; 12      ; 0                 ; N/A                     ; Source File       ;
+--------------------------------+---------+-------------------+-------------------------+-------------------+


+--------------+
; Pin-Out File ;
+--------------+
The pin-out file can be found in E:/repos/FPGA_CPLD/CPLD_pwm/output_files/CPLD_pwm.pin.


+--------------------------------------------------------------------+
; Fitter Resource Usage Summary                                      ;
+---------------------------------------------+----------------------+
; Resource                                    ; Usage                ;
+---------------------------------------------+----------------------+
; Total logic elements                        ; 443 / 10,320 ( 4 % ) ;
;     -- Combinational with no register       ; 324                  ;
;     -- Register only                        ; 57                   ;
;     -- Combinational with a register        ; 62                   ;
;                                             ;                      ;
; Logic element usage by number of LUT inputs ;                      ;
;     -- 4 input functions                    ; 119                  ;
;     -- 3 input functions                    ; 97                   ;
;     -- <=2 input functions                  ; 170                  ;
;     -- Register only                        ; 57                   ;
;                                             ;                      ;
; Logic elements by mode                      ;                      ;
;     -- normal mode                          ; 194                  ;
;     -- arithmetic mode                      ; 192                  ;
;                                             ;                      ;
; Total registers*                            ; 119 / 11,172 ( 1 % ) ;
;     -- Dedicated logic registers            ; 119 / 10,320 ( 1 % ) ;
;     -- I/O registers                        ; 0 / 852 ( 0 % )      ;
;                                             ;                      ;
; Total LABs:  partially or completely used   ; 38 / 645 ( 6 % )     ;
; Virtual pins                                ; 0                    ;
; I/O pins                                    ; 133 / 180 ( 74 % )   ;
;     -- Clock pins                           ; 4 / 3 ( 133 % )      ;
;     -- Dedicated input pins                 ; 0 / 9 ( 0 % )        ;
;                                             ;                      ;
; Global signals                              ; 2                    ;
; M9Ks                                        ; 0 / 46 ( 0 % )       ;
; Total block memory bits                     ; 0 / 423,936 ( 0 % )  ;
; Total block memory implementation bits      ; 0 / 423,936 ( 0 % )  ;
; Embedded Multiplier 9-bit elements          ; 6 / 46 ( 13 % )      ;
; PLLs                                        ; 1 / 2 ( 50 % )       ;
; Global clocks                               ; 2 / 10 ( 20 % )      ;
; JTAGs                                       ; 0 / 1 ( 0 % )        ;
; CRC blocks                                  ; 0 / 1 ( 0 % )        ;
; ASMI blocks                                 ; 0 / 1 ( 0 % )        ;
; Impedance control blocks                    ; 0 / 4 ( 0 % )        ;
; Average interconnect usage (total/H/V)      ; 1% / 1% / 2%         ;
; Peak interconnect usage (total/H/V)         ; 4% / 4% / 4%         ;
; Maximum fan-out                             ; 120                  ;
; Highest non-global fan-out                  ; 49                   ;
; Total fan-out                               ; 1812                 ;
; Average fan-out                             ; 2.15                 ;
+---------------------------------------------+----------------------+
*  Register count does not include registers inside RAM blocks or DSP blocks.



+----------------------------------------------------------------------------------------------------+
; Fitter Partition Statistics                                                                        ;
+---------------------------------------------+---------------------+--------------------------------+
; Statistic                                   ; Top                 ; hard_block:auto_generated_inst ;
+---------------------------------------------+---------------------+--------------------------------+
; Difficulty Clustering Region                ; Low                 ; Low                            ;
;                                             ;                     ;                                ;
; Total logic elements                        ; 443 / 10320 ( 4 % ) ; 0 / 10320 ( 0 % )              ;
;     -- Combinational with no register       ; 324                 ; 0                              ;
;     -- Register only                        ; 57                  ; 0                              ;
;     -- Combinational with a register        ; 62                  ; 0                              ;
;                                             ;                     ;                                ;
; Logic element usage by number of LUT inputs ;                     ;                                ;
;     -- 4 input functions                    ; 119                 ; 0                              ;
;     -- 3 input functions                    ; 97                  ; 0                              ;
;     -- <=2 input functions                  ; 170                 ; 0                              ;
;     -- Register only                        ; 57                  ; 0                              ;
;                                             ;                     ;                                ;
; Logic elements by mode                      ;                     ;                                ;
;     -- normal mode                          ; 194                 ; 0                              ;
;     -- arithmetic mode                      ; 192                 ; 0                              ;
;                                             ;                     ;                                ;
; Total registers                             ; 119                 ; 0                              ;
;     -- Dedicated logic registers            ; 119 / 10320 ( 1 % ) ; 0 / 10320 ( 0 % )              ;
;                                             ;                     ;                                ;
; Total LABs:  partially or completely used   ; 38 / 645 ( 6 % )    ; 0 / 645 ( 0 % )                ;
;                                             ;                     ;                                ;
; Virtual pins                                ; 0                   ; 0                              ;
; I/O pins                                    ; 133                 ; 0                              ;
; Embedded Multiplier 9-bit elements          ; 6 / 46 ( 13 % )     ; 0 / 46 ( 0 % )                 ;
; Total memory bits                           ; 0                   ; 0                              ;
; Total RAM block bits                        ; 0                   ; 0                              ;
; PLL                                         ; 0 / 2 ( 0 % )       ; 1 / 2 ( 50 % )                 ;
; Clock control block                         ; 1 / 12 ( 8 % )      ; 1 / 12 ( 8 % )                 ;
;                                             ;                     ;                                ;
; Connections                                 ;                     ;                                ;
;     -- Input Connections                    ; 144                 ; 2                              ;
;     -- Registered Input Connections         ; 119                 ; 0                              ;
;     -- Output Connections                   ; 2                   ; 144                            ;
;     -- Registered Output Connections        ; 0                   ; 0                              ;
;                                             ;                     ;                                ;
; Internal Connections                        ;                     ;                                ;
;     -- Total Connections                    ; 1937                ; 153                            ;
;     -- Registered Connections               ; 388                 ; 0                              ;
;                                             ;                     ;                                ;
; External Connections                        ;                     ;                                ;
;     -- Top                                  ; 0                   ; 146                            ;
;     -- hard_block:auto_generated_inst       ; 146                 ; 0                              ;
;                                             ;                     ;                                ;
; Partition Interface                         ;                     ;                                ;
;     -- Input Ports                          ; 75                  ; 2                              ;
;     -- Output Ports                         ; 58                  ; 2                              ;
;     -- Bidir Ports                          ; 0                   ; 0                              ;
;                                             ;                     ;                                ;
; Registered Ports                            ;                     ;                                ;
;     -- Registered Input Ports               ; 0                   ; 0                              ;
;     -- Registered Output Ports              ; 0                   ; 0                              ;
;                                             ;                     ;                                ;
; Port Connectivity                           ;                     ;                                ;
;     -- Input Ports driven by GND            ; 0                   ; 0                              ;
;     -- Output Ports driven by GND           ; 0                   ; 0                              ;
;     -- Input Ports driven by VCC            ; 0                   ; 0                              ;
;     -- Output Ports driven by VCC           ; 0                   ; 0                              ;
;     -- Input Ports with no Source           ; 0                   ; 0                              ;
;     -- Output Ports with no Source          ; 0                   ; 0                              ;
;     -- Input Ports with no Fanout           ; 0                   ; 0                              ;
;     -- Output Ports with no Fanout          ; 0                   ; 0                              ;
+---------------------------------------------+---------------------+--------------------------------+


+-----------------------------------------------------------------------------------------------------------------------------------------------------------------------------------------------------------------------------------------------------------------------------------+
; Input Pins                                                                                                                                                                                                                                                                        ;
+--------------+-------+----------+--------------+--------------+--------------+-----------------------+--------------------+--------+----------------+---------------+-----------------+----------+--------------+--------------+---------------------------+----------------------+
; Name         ; Pin # ; I/O Bank ; X coordinate ; Y coordinate ; Z coordinate ; Combinational Fan-Out ; Registered Fan-Out ; Global ; Input Register ; Power Up High ; PCI I/O Enabled ; Bus Hold ; Weak Pull Up ; I/O Standard ; Termination Control Block ; Location assigned by ;
+--------------+-------+----------+--------------+--------------+--------------+-----------------------+--------------------+--------+----------------+---------------+-----------------+----------+--------------+--------------+---------------------------+----------------------+
; clk_50m      ; M2    ; 2        ; 0            ; 11           ; 14           ; 1                     ; 0                  ; no     ; no             ; no            ; yes             ; no       ; Off          ; 3.3-V LVTTL  ; --                        ; User                 ;
; gates_in[0]  ; A3    ; 8        ; 3            ; 24           ; 14           ; 1                     ; 0                  ; no     ; no             ; no            ; yes             ; no       ; Off          ; 3.3-V LVTTL  ; --                        ; User                 ;
; gates_in[10] ; F1    ; 1        ; 0            ; 19           ; 21           ; 1                     ; 0                  ; no     ; no             ; no            ; yes             ; no       ; Off          ; 3.3-V LVTTL  ; --                        ; User                 ;
; gates_in[11] ; J1    ; 2        ; 0            ; 10           ; 14           ; 1                     ; 0                  ; no     ; no             ; no            ; yes             ; no       ; Off          ; 3.3-V LVTTL  ; --                        ; User                 ;
; gates_in[12] ; R16   ; 5        ; 34           ; 5            ; 14           ; 0                     ; 0                  ; no     ; no             ; no            ; yes             ; no       ; Off          ; 3.3-V LVTTL  ; --                        ; Fitter               ;
; gates_in[13] ; T12   ; 4        ; 25           ; 0            ; 21           ; 0                     ; 0                  ; no     ; no             ; no            ; yes             ; no       ; Off          ; 3.3-V LVTTL  ; --                        ; Fitter               ;
; gates_in[14] ; A9    ; 7        ; 16           ; 24           ; 0            ; 0                     ; 0                  ; no     ; no             ; no            ; yes             ; no       ; Off          ; 3.3-V LVTTL  ; --                        ; Fitter               ;
; gates_in[15] ; B11   ; 7        ; 25           ; 24           ; 21           ; 0                     ; 0                  ; no     ; no             ; no            ; yes             ; no       ; Off          ; 3.3-V LVTTL  ; --                        ; Fitter               ;
; gates_in[16] ; R5    ; 3        ; 9            ; 0            ; 7            ; 0                     ; 0                  ; no     ; no             ; no            ; yes             ; no       ; Off          ; 3.3-V LVTTL  ; --                        ; Fitter               ;
; gates_in[17] ; E11   ; 7        ; 28           ; 24           ; 14           ; 0                     ; 0                  ; no     ; no             ; no            ; yes             ; no       ; Off          ; 3.3-V LVTTL  ; --                        ; Fitter               ;
; gates_in[18] ; A12   ; 7        ; 25           ; 24           ; 0            ; 0                     ; 0                  ; no     ; no             ; no            ; yes             ; no       ; Off          ; 3.3-V LVTTL  ; --                        ; Fitter               ;
; gates_in[19] ; T4    ; 3        ; 5            ; 0            ; 14           ; 0                     ; 0                  ; no     ; no             ; no            ; yes             ; no       ; Off          ; 3.3-V LVTTL  ; --                        ; Fitter               ;
; gates_in[1]  ; A5    ; 8        ; 7            ; 24           ; 14           ; 1                     ; 0                  ; no     ; no             ; no            ; yes             ; no       ; Off          ; 3.3-V LVTTL  ; --                        ; User                 ;
; gates_in[20] ; N11   ; 4        ; 30           ; 0            ; 21           ; 0                     ; 0                  ; no     ; no             ; no            ; yes             ; no       ; Off          ; 3.3-V LVTTL  ; --                        ; Fitter               ;
; gates_in[21] ; D11   ; 7        ; 32           ; 24           ; 21           ; 0                     ; 0                  ; no     ; no             ; no            ; yes             ; no       ; Off          ; 3.3-V LVTTL  ; --                        ; Fitter               ;
; gates_in[22] ; B13   ; 7        ; 30           ; 24           ; 21           ; 0                     ; 0                  ; no     ; no             ; no            ; yes             ; no       ; Off          ; 3.3-V LVTTL  ; --                        ; Fitter               ;
; gates_in[23] ; A11   ; 7        ; 25           ; 24           ; 14           ; 0                     ; 0                  ; no     ; no             ; no            ; yes             ; no       ; Off          ; 3.3-V LVTTL  ; --                        ; Fitter               ;
; gates_in[2]  ; A6    ; 8        ; 9            ; 24           ; 14           ; 1                     ; 0                  ; no     ; no             ; no            ; yes             ; no       ; Off          ; 3.3-V LVTTL  ; --                        ; User                 ;
; gates_in[3]  ; B3    ; 8        ; 3            ; 24           ; 21           ; 1                     ; 0                  ; no     ; no             ; no            ; yes             ; no       ; Off          ; 3.3-V LVTTL  ; --                        ; User                 ;
; gates_in[4]  ; N3    ; 3        ; 1            ; 0            ; 21           ; 1                     ; 0                  ; no     ; no             ; no            ; yes             ; no       ; Off          ; 3.3-V LVTTL  ; --                        ; User                 ;
; gates_in[5]  ; L3    ; 2        ; 0            ; 7            ; 0            ; 1                     ; 0                  ; no     ; no             ; no            ; yes             ; no       ; Off          ; 3.3-V LVTTL  ; --                        ; User                 ;
; gates_in[6]  ; L4    ; 2        ; 0            ; 6            ; 21           ; 1                     ; 0                  ; no     ; no             ; no            ; yes             ; no       ; Off          ; 3.3-V LVTTL  ; --                        ; User                 ;
; gates_in[7]  ; K8    ; 3        ; 9            ; 0            ; 14           ; 1                     ; 0                  ; no     ; no             ; no            ; yes             ; no       ; Off          ; 3.3-V LVTTL  ; --                        ; User                 ;
; gates_in[8]  ; G1    ; 1        ; 0            ; 18           ; 21           ; 1                     ; 0                  ; no     ; no             ; no            ; yes             ; no       ; Off          ; 3.3-V LVTTL  ; --                        ; User                 ;
; gates_in[9]  ; J6    ; 2        ; 0            ; 10           ; 21           ; 1                     ; 0                  ; no     ; no             ; no            ; yes             ; no       ; Off          ; 3.3-V LVTTL  ; --                        ; User                 ;
; mod_a[0]     ; N9    ; 4        ; 21           ; 0            ; 14           ; 3                     ; 0                  ; no     ; no             ; no            ; yes             ; no       ; Off          ; 3.3-V LVTTL  ; --                        ; Fitter               ;
; mod_a[10]    ; C11   ; 7        ; 23           ; 24           ; 0            ; 4                     ; 0                  ; no     ; no             ; no            ; yes             ; no       ; Off          ; 3.3-V LVTTL  ; --                        ; Fitter               ;
; mod_a[11]    ; L9    ; 4        ; 18           ; 0            ; 0            ; 4                     ; 0                  ; no     ; no             ; no            ; yes             ; no       ; Off          ; 3.3-V LVTTL  ; --                        ; Fitter               ;
; mod_a[12]    ; C9    ; 7        ; 18           ; 24           ; 7            ; 4                     ; 0                  ; no     ; no             ; no            ; yes             ; no       ; Off          ; 3.3-V LVTTL  ; --                        ; Fitter               ;
; mod_a[13]    ; J15   ; 5        ; 34           ; 10           ; 7            ; 4                     ; 0                  ; no     ; no             ; no            ; yes             ; no       ; Off          ; 3.3-V LVTTL  ; --                        ; Fitter               ;
; mod_a[14]    ; T10   ; 4        ; 21           ; 0            ; 0            ; 4                     ; 0                  ; no     ; no             ; no            ; yes             ; no       ; Off          ; 3.3-V LVTTL  ; --                        ; Fitter               ;
; mod_a[15]    ; B8    ; 8        ; 16           ; 24           ; 21           ; 30                    ; 0                  ; no     ; no             ; no            ; yes             ; no       ; Off          ; 3.3-V LVTTL  ; --                        ; Fitter               ;
; mod_a[1]     ; T9    ; 4        ; 18           ; 0            ; 14           ; 3                     ; 0                  ; no     ; no             ; no            ; yes             ; no       ; Off          ; 3.3-V LVTTL  ; --                        ; Fitter               ;
; mod_a[2]     ; B10   ; 7        ; 21           ; 24           ; 14           ; 3                     ; 0                  ; no     ; no             ; no            ; yes             ; no       ; Off          ; 3.3-V LVTTL  ; --                        ; Fitter               ;
; mod_a[3]     ; J13   ; 5        ; 34           ; 11           ; 0            ; 3                     ; 0                  ; no     ; no             ; no            ; yes             ; no       ; Off          ; 3.3-V LVTTL  ; --                        ; Fitter               ;
; mod_a[4]     ; R10   ; 4        ; 21           ; 0            ; 7            ; 4                     ; 0                  ; no     ; no             ; no            ; yes             ; no       ; Off          ; 3.3-V LVTTL  ; --                        ; Fitter               ;
; mod_a[5]     ; F9    ; 7        ; 23           ; 24           ; 14           ; 4                     ; 0                  ; no     ; no             ; no            ; yes             ; no       ; Off          ; 3.3-V LVTTL  ; --                        ; Fitter               ;
; mod_a[6]     ; E9    ; 7        ; 18           ; 24           ; 21           ; 4                     ; 0                  ; no     ; no             ; no            ; yes             ; no       ; Off          ; 3.3-V LVTTL  ; --                        ; Fitter               ;
; mod_a[7]     ; B16   ; 6        ; 34           ; 18           ; 0            ; 4                     ; 0                  ; no     ; no             ; no            ; yes             ; no       ; Off          ; 3.3-V LVTTL  ; --                        ; Fitter               ;
; mod_a[8]     ; K9    ; 4        ; 18           ; 0            ; 7            ; 6                     ; 0                  ; no     ; no             ; no            ; yes             ; no       ; Off          ; 3.3-V LVTTL  ; --                        ; Fitter               ;
; mod_a[9]     ; R9    ; 4        ; 18           ; 0            ; 21           ; 4                     ; 0                  ; no     ; no             ; no            ; yes             ; no       ; Off          ; 3.3-V LVTTL  ; --                        ; Fitter               ;
; mod_b[0]     ; J14   ; 5        ; 34           ; 10           ; 0            ; 3                     ; 0                  ; no     ; no             ; no            ; yes             ; no       ; Off          ; 3.3-V LVTTL  ; --                        ; Fitter               ;
; mod_b[10]    ; K15   ; 5        ; 34           ; 9            ; 7            ; 4                     ; 0                  ; no     ; no             ; no            ; yes             ; no       ; Off          ; 3.3-V LVTTL  ; --                        ; Fitter               ;
; mod_b[11]    ; F13   ; 6        ; 34           ; 17           ; 0            ; 4                     ; 0                  ; no     ; no             ; no            ; yes             ; no       ; Off          ; 3.3-V LVTTL  ; --                        ; Fitter               ;
; mod_b[12]    ; J11   ; 5        ; 34           ; 9            ; 21           ; 4                     ; 0                  ; no     ; no             ; no            ; yes             ; no       ; Off          ; 3.3-V LVTTL  ; --                        ; Fitter               ;
; mod_b[13]    ; G15   ; 6        ; 34           ; 17           ; 14           ; 4                     ; 0                  ; no     ; no             ; no            ; yes             ; no       ; Off          ; 3.3-V LVTTL  ; --                        ; Fitter               ;
; mod_b[14]    ; K16   ; 5        ; 34           ; 9            ; 14           ; 4                     ; 0                  ; no     ; no             ; no            ; yes             ; no       ; Off          ; 3.3-V LVTTL  ; --                        ; Fitter               ;
; mod_b[15]    ; T8    ; 3        ; 16           ; 0            ; 0            ; 29                    ; 0                  ; no     ; no             ; no            ; yes             ; no       ; Off          ; 3.3-V LVTTL  ; --                        ; Fitter               ;
; mod_b[1]     ; P9    ; 4        ; 25           ; 0            ; 0            ; 3                     ; 0                  ; no     ; no             ; no            ; yes             ; no       ; Off          ; 3.3-V LVTTL  ; --                        ; Fitter               ;
; mod_b[2]     ; G16   ; 6        ; 34           ; 17           ; 21           ; 3                     ; 0                  ; no     ; no             ; no            ; yes             ; no       ; Off          ; 3.3-V LVTTL  ; --                        ; Fitter               ;
; mod_b[3]     ; F15   ; 6        ; 34           ; 18           ; 14           ; 3                     ; 0                  ; no     ; no             ; no            ; yes             ; no       ; Off          ; 3.3-V LVTTL  ; --                        ; Fitter               ;
; mod_b[4]     ; K11   ; 5        ; 34           ; 6            ; 14           ; 4                     ; 0                  ; no     ; no             ; no            ; yes             ; no       ; Off          ; 3.3-V LVTTL  ; --                        ; Fitter               ;
; mod_b[5]     ; J16   ; 5        ; 34           ; 9            ; 0            ; 4                     ; 0                  ; no     ; no             ; no            ; yes             ; no       ; Off          ; 3.3-V LVTTL  ; --                        ; Fitter               ;
; mod_b[6]     ; J12   ; 5        ; 34           ; 11           ; 7            ; 4                     ; 0                  ; no     ; no             ; no            ; yes             ; no       ; Off          ; 3.3-V LVTTL  ; --                        ; Fitter               ;
; mod_b[7]     ; L12   ; 5        ; 34           ; 3            ; 21           ; 4                     ; 0                  ; no     ; no             ; no            ; yes             ; no       ; Off          ; 3.3-V LVTTL  ; --                        ; Fitter               ;
; mod_b[8]     ; P16   ; 5        ; 34           ; 5            ; 21           ; 6                     ; 0                  ; no     ; no             ; no            ; yes             ; no       ; Off          ; 3.3-V LVTTL  ; --                        ; Fitter               ;
; mod_b[9]     ; N14   ; 5        ; 34           ; 4            ; 21           ; 4                     ; 0                  ; no     ; no             ; no            ; yes             ; no       ; Off          ; 3.3-V LVTTL  ; --                        ; Fitter               ;
; mod_c[0]     ; F14   ; 6        ; 34           ; 19           ; 14           ; 3                     ; 0                  ; no     ; no             ; no            ; yes             ; no       ; Off          ; 3.3-V LVTTL  ; --                        ; Fitter               ;
; mod_c[10]    ; N15   ; 5        ; 34           ; 7            ; 14           ; 4                     ; 0                  ; no     ; no             ; no            ; yes             ; no       ; Off          ; 3.3-V LVTTL  ; --                        ; Fitter               ;
; mod_c[11]    ; L10   ; 4        ; 25           ; 0            ; 7            ; 4                     ; 0                  ; no     ; no             ; no            ; yes             ; no       ; Off          ; 3.3-V LVTTL  ; --                        ; Fitter               ;
; mod_c[12]    ; L14   ; 5        ; 34           ; 7            ; 7            ; 4                     ; 0                  ; no     ; no             ; no            ; yes             ; no       ; Off          ; 3.3-V LVTTL  ; --                        ; Fitter               ;
; mod_c[13]    ; N16   ; 5        ; 34           ; 7            ; 21           ; 4                     ; 0                  ; no     ; no             ; no            ; yes             ; no       ; Off          ; 3.3-V LVTTL  ; --                        ; Fitter               ;
; mod_c[14]    ; E15   ; 6        ; 34           ; 12           ; 0            ; 5                     ; 0                  ; no     ; no             ; no            ; yes             ; no       ; Off          ; 3.3-V LVTTL  ; --                        ; Fitter               ;
; mod_c[15]    ; E10   ; 7        ; 28           ; 24           ; 21           ; 30                    ; 0                  ; no     ; no             ; no            ; yes             ; no       ; Off          ; 3.3-V LVTTL  ; --                        ; Fitter               ;
; mod_c[1]     ; L13   ; 5        ; 34           ; 8            ; 21           ; 3                     ; 0                  ; no     ; no             ; no            ; yes             ; no       ; Off          ; 3.3-V LVTTL  ; --                        ; Fitter               ;
; mod_c[2]     ; L16   ; 5        ; 34           ; 8            ; 14           ; 3                     ; 0                  ; no     ; no             ; no            ; yes             ; no       ; Off          ; 3.3-V LVTTL  ; --                        ; Fitter               ;
; mod_c[3]     ; P15   ; 5        ; 34           ; 4            ; 14           ; 3                     ; 0                  ; no     ; no             ; no            ; yes             ; no       ; Off          ; 3.3-V LVTTL  ; --                        ; Fitter               ;
; mod_c[4]     ; M15   ; 5        ; 34           ; 12           ; 14           ; 4                     ; 0                  ; no     ; no             ; no            ; yes             ; no       ; Off          ; 3.3-V LVTTL  ; --                        ; Fitter               ;
; mod_c[5]     ; D16   ; 6        ; 34           ; 19           ; 7            ; 4                     ; 0                  ; no     ; no             ; no            ; yes             ; no       ; Off          ; 3.3-V LVTTL  ; --                        ; Fitter               ;
; mod_c[6]     ; E16   ; 6        ; 34           ; 12           ; 7            ; 4                     ; 0                  ; no     ; no             ; no            ; yes             ; no       ; Off          ; 3.3-V LVTTL  ; --                        ; Fitter               ;
; mod_c[7]     ; M16   ; 5        ; 34           ; 12           ; 21           ; 4                     ; 0                  ; no     ; no             ; no            ; yes             ; no       ; Off          ; 3.3-V LVTTL  ; --                        ; Fitter               ;
; mod_c[8]     ; A14   ; 7        ; 28           ; 24           ; 0            ; 6                     ; 0                  ; no     ; no             ; no            ; yes             ; no       ; Off          ; 3.3-V LVTTL  ; --                        ; Fitter               ;
; mod_c[9]     ; L15   ; 5        ; 34           ; 8            ; 7            ; 4                     ; 0                  ; no     ; no             ; no            ; yes             ; no       ; Off          ; 3.3-V LVTTL  ; --                        ; Fitter               ;
; pwm_cap_in   ; B4    ; 8        ; 5            ; 24           ; 21           ; 1                     ; 0                  ; no     ; no             ; no            ; yes             ; no       ; Off          ; 3.3-V LVTTL  ; --                        ; User                 ;
; rst_n        ; E1    ; 1        ; 0            ; 11           ; 7            ; 120                   ; 0                  ; yes    ; no             ; no            ; yes             ; no       ; Off          ; 3.3-V LVTTL  ; --                        ; Fitter               ;
+--------------+-------+----------+--------------+--------------+--------------+-----------------------+--------------------+--------+----------------+---------------+-----------------+----------+--------------+--------------+---------------------------+----------------------+


+----------------------------------------------------------------------------------------------------------------------------------------------------------------------------------------------------------------------------------------------------------------------------------------------------------------------------------------------------------------------------------------------------------------------------------------------+
; Output Pins                                                                                                                                                                                                                                                                                                                                                                                                                                  ;
+-------------------+-------+----------+--------------+--------------+--------------+-----------------+------------------------+---------------+-----------+-----------------+------------+---------------+----------+--------------+--------------+------------------+-------------+---------------------------+----------------------------+-----------------------------+----------------------+----------------------+---------------------+
; Name              ; Pin # ; I/O Bank ; X coordinate ; Y coordinate ; Z coordinate ; Output Register ; Output Enable Register ; Power Up High ; Slew Rate ; PCI I/O Enabled ; Open Drain ; TRI Primitive ; Bus Hold ; Weak Pull Up ; I/O Standard ; Current Strength ; Termination ; Termination Control Block ; Output Buffer Pre-emphasis ; Voltage Output Differential ; Location assigned by ; Output Enable Source ; Output Enable Group ;
+-------------------+-------+----------+--------------+--------------+--------------+-----------------+------------------------+---------------+-----------+-----------------+------------+---------------+----------+--------------+--------------+------------------+-------------+---------------------------+----------------------------+-----------------------------+----------------------+----------------------+---------------------+
; cap_high_time[0]  ; C3    ; 8        ; 1            ; 24           ; 0            ; no              ; no                     ; no            ; 2         ; no              ; no         ; no            ; no       ; Off          ; 3.3-V LVTTL  ; 8mA              ; Off         ; --                        ; no                         ; no                          ; Fitter               ; -                    ; -                   ;
; cap_high_time[10] ; F8    ; 8        ; 13           ; 24           ; 21           ; no              ; no                     ; no            ; 2         ; no              ; no         ; no            ; no       ; Off          ; 3.3-V LVTTL  ; 8mA              ; Off         ; --                        ; no                         ; no                          ; Fitter               ; -                    ; -                   ;
; cap_high_time[11] ; D8    ; 8        ; 13           ; 24           ; 7            ; no              ; no                     ; no            ; 2         ; no              ; no         ; no            ; no       ; Off          ; 3.3-V LVTTL  ; 8mA              ; Off         ; --                        ; no                         ; no                          ; Fitter               ; -                    ; -                   ;
; cap_high_time[12] ; N1    ; 2        ; 0            ; 7            ; 21           ; no              ; no                     ; no            ; 2         ; no              ; no         ; no            ; no       ; Off          ; 3.3-V LVTTL  ; 8mA              ; Off         ; --                        ; no                         ; no                          ; Fitter               ; -                    ; -                   ;
; cap_high_time[13] ; E8    ; 8        ; 13           ; 24           ; 14           ; no              ; no                     ; no            ; 2         ; no              ; no         ; no            ; no       ; Off          ; 3.3-V LVTTL  ; 8mA              ; Off         ; --                        ; no                         ; no                          ; Fitter               ; -                    ; -                   ;
; cap_high_time[14] ; F5    ; 1        ; 0            ; 23           ; 14           ; no              ; no                     ; no            ; 2         ; no              ; no         ; no            ; no       ; Off          ; 3.3-V LVTTL  ; 8mA              ; Off         ; --                        ; no                         ; no                          ; Fitter               ; -                    ; -                   ;
; cap_high_time[15] ; T2    ; 3        ; 3            ; 0            ; 0            ; no              ; no                     ; no            ; 2         ; no              ; no         ; no            ; no       ; Off          ; 3.3-V LVTTL  ; 8mA              ; Off         ; --                        ; no                         ; no                          ; Fitter               ; -                    ; -                   ;
; cap_high_time[1]  ; A15   ; 7        ; 21           ; 24           ; 0            ; no              ; no                     ; no            ; 2         ; no              ; no         ; no            ; no       ; Off          ; 3.3-V LVTTL  ; 8mA              ; Off         ; --                        ; no                         ; no                          ; Fitter               ; -                    ; -                   ;
; cap_high_time[2]  ; C2    ; 1        ; 0            ; 22           ; 14           ; no              ; no                     ; no            ; 2         ; no              ; no         ; no            ; no       ; Off          ; 3.3-V LVTTL  ; 8mA              ; Off         ; --                        ; no                         ; no                          ; Fitter               ; -                    ; -                   ;
; cap_high_time[3]  ; E5    ; 1        ; 0            ; 23           ; 7            ; no              ; no                     ; no            ; 2         ; no              ; no         ; no            ; no       ; Off          ; 3.3-V LVTTL  ; 8mA              ; Off         ; --                        ; no                         ; no                          ; Fitter               ; -                    ; -                   ;
; cap_high_time[4]  ; G2    ; 1        ; 0            ; 18           ; 14           ; no              ; no                     ; no            ; 2         ; no              ; no         ; no            ; no       ; Off          ; 3.3-V LVTTL  ; 8mA              ; Off         ; --                        ; no                         ; no                          ; Fitter               ; -                    ; -                   ;
; cap_high_time[5]  ; D5    ; 8        ; 3            ; 24           ; 0            ; no              ; no                     ; no            ; 2         ; no              ; no         ; no            ; no       ; Off          ; 3.3-V LVTTL  ; 8mA              ; Off         ; --                        ; no                         ; no                          ; Fitter               ; -                    ; -                   ;
; cap_high_time[6]  ; D1    ; 1        ; 0            ; 21           ; 21           ; no              ; no                     ; no            ; 2         ; no              ; no         ; no            ; no       ; Off          ; 3.3-V LVTTL  ; 8mA              ; Off         ; --                        ; no                         ; no                          ; Fitter               ; -                    ; -                   ;
; cap_high_time[7]  ; B9    ; 7        ; 16           ; 24           ; 7            ; no              ; no                     ; no            ; 2         ; no              ; no         ; no            ; no       ; Off          ; 3.3-V LVTTL  ; 8mA              ; Off         ; --                        ; no                         ; no                          ; Fitter               ; -                    ; -                   ;
; cap_high_time[8]  ; D3    ; 8        ; 1            ; 24           ; 7            ; no              ; no                     ; no            ; 2         ; no              ; no         ; no            ; no       ; Off          ; 3.3-V LVTTL  ; 8mA              ; Off         ; --                        ; no                         ; no                          ; Fitter               ; -                    ; -                   ;
; cap_high_time[9]  ; J2    ; 2        ; 0            ; 10           ; 0            ; no              ; no                     ; no            ; 2         ; no              ; no         ; no            ; no       ; Off          ; 3.3-V LVTTL  ; 8mA              ; Off         ; --                        ; no                         ; no                          ; Fitter               ; -                    ; -                   ;
; cap_period[0]     ; E6    ; 8        ; 7            ; 24           ; 7            ; no              ; no                     ; no            ; 2         ; no              ; no         ; no            ; no       ; Off          ; 3.3-V LVTTL  ; 8mA              ; Off         ; --                        ; no                         ; no                          ; Fitter               ; -                    ; -                   ;
; cap_period[10]    ; D6    ; 8        ; 3            ; 24           ; 7            ; no              ; no                     ; no            ; 2         ; no              ; no         ; no            ; no       ; Off          ; 3.3-V LVTTL  ; 8mA              ; Off         ; --                        ; no                         ; no                          ; Fitter               ; -                    ; -                   ;
; cap_period[11]    ; F2    ; 1        ; 0            ; 19           ; 14           ; no              ; no                     ; no            ; 2         ; no              ; no         ; no            ; no       ; Off          ; 3.3-V LVTTL  ; 8mA              ; Off         ; --                        ; no                         ; no                          ; Fitter               ; -                    ; -                   ;
; cap_period[12]    ; F6    ; 8        ; 11           ; 24           ; 14           ; no              ; no                     ; no            ; 2         ; no              ; no         ; no            ; no       ; Off          ; 3.3-V LVTTL  ; 8mA              ; Off         ; --                        ; no                         ; no                          ; Fitter               ; -                    ; -                   ;
; cap_period[13]    ; K1    ; 2        ; 0            ; 8            ; 7            ; no              ; no                     ; no            ; 2         ; no              ; no         ; no            ; no       ; Off          ; 3.3-V LVTTL  ; 8mA              ; Off         ; --                        ; no                         ; no                          ; Fitter               ; -                    ; -                   ;
; cap_period[14]    ; B1    ; 1        ; 0            ; 22           ; 0            ; no              ; no                     ; no            ; 2         ; no              ; no         ; no            ; no       ; Off          ; 3.3-V LVTTL  ; 8mA              ; Off         ; --                        ; no                         ; no                          ; Fitter               ; -                    ; -                   ;
; cap_period[15]    ; D4    ; 1        ; 0            ; 23           ; 0            ; no              ; no                     ; no            ; 2         ; no              ; no         ; no            ; no       ; Off          ; 3.3-V LVTTL  ; 8mA              ; Off         ; --                        ; no                         ; no                          ; Fitter               ; -                    ; -                   ;
; cap_period[1]     ; L2    ; 2        ; 0            ; 8            ; 14           ; no              ; no                     ; no            ; 2         ; no              ; no         ; no            ; no       ; Off          ; 3.3-V LVTTL  ; 8mA              ; Off         ; --                        ; no                         ; no                          ; Fitter               ; -                    ; -                   ;
; cap_period[2]     ; N2    ; 2        ; 0            ; 7            ; 14           ; no              ; no                     ; no            ; 2         ; no              ; no         ; no            ; no       ; Off          ; 3.3-V LVTTL  ; 8mA              ; Off         ; --                        ; no                         ; no                          ; Fitter               ; -                    ; -                   ;
; cap_period[3]     ; A8    ; 8        ; 16           ; 24           ; 14           ; no              ; no                     ; no            ; 2         ; no              ; no         ; no            ; no       ; Off          ; 3.3-V LVTTL  ; 8mA              ; Off         ; --                        ; no                         ; no                          ; Fitter               ; -                    ; -                   ;
; cap_period[4]     ; K2    ; 2        ; 0            ; 8            ; 0            ; no              ; no                     ; no            ; 2         ; no              ; no         ; no            ; no       ; Off          ; 3.3-V LVTTL  ; 8mA              ; Off         ; --                        ; no                         ; no                          ; Fitter               ; -                    ; -                   ;
; cap_period[5]     ; A10   ; 7        ; 21           ; 24           ; 7            ; no              ; no                     ; no            ; 2         ; no              ; no         ; no            ; no       ; Off          ; 3.3-V LVTTL  ; 8mA              ; Off         ; --                        ; no                         ; no                          ; Fitter               ; -                    ; -                   ;
; cap_period[6]     ; E7    ; 8        ; 7            ; 24           ; 0            ; no              ; no                     ; no            ; 2         ; no              ; no         ; no            ; no       ; Off          ; 3.3-V LVTTL  ; 8mA              ; Off         ; --                        ; no                         ; no                          ; Fitter               ; -                    ; -                   ;
; cap_period[7]     ; L1    ; 2        ; 0            ; 8            ; 21           ; no              ; no                     ; no            ; 2         ; no              ; no         ; no            ; no       ; Off          ; 3.3-V LVTTL  ; 8mA              ; Off         ; --                        ; no                         ; no                          ; Fitter               ; -                    ; -                   ;
; cap_period[8]     ; F7    ; 8        ; 11           ; 24           ; 21           ; no              ; no                     ; no            ; 2         ; no              ; no         ; no            ; no       ; Off          ; 3.3-V LVTTL  ; 8mA              ; Off         ; --                        ; no                         ; no                          ; Fitter               ; -                    ; -                   ;
; cap_period[9]     ; C8    ; 8        ; 13           ; 24           ; 0            ; no              ; no                     ; no            ; 2         ; no              ; no         ; no            ; no       ; Off          ; 3.3-V LVTTL  ; 8mA              ; Off         ; --                        ; no                         ; no                          ; Fitter               ; -                    ; -                   ;
; cap_valid         ; C6    ; 8        ; 9            ; 24           ; 7            ; no              ; no                     ; no            ; 2         ; no              ; no         ; no            ; no       ; Off          ; 3.3-V LVTTL  ; 8mA              ; Off         ; --                        ; no                         ; no                          ; User                 ; -                    ; -                   ;
; gates_out[0]      ; B5    ; 8        ; 5            ; 24           ; 7            ; no              ; no                     ; no            ; 2         ; no              ; no         ; no            ; no       ; Off          ; 3.3-V LVTTL  ; 8mA              ; Off         ; --                        ; no                         ; no                          ; User                 ; -                    ; -                   ;
; gates_out[10]     ; M6    ; 3        ; 7            ; 0            ; 7            ; no              ; no                     ; no            ; 2         ; no              ; no         ; no            ; no       ; Off          ; 3.3-V LVTTL  ; 8mA              ; Off         ; --                        ; no                         ; no                          ; User                 ; -                    ; -                   ;
; gates_out[11]     ; A2    ; 8        ; 5            ; 24           ; 0            ; no              ; no                     ; no            ; 2         ; no              ; no         ; no            ; no       ; Off          ; 3.3-V LVTTL  ; 8mA              ; Off         ; --                        ; no                         ; no                          ; User                 ; -                    ; -                   ;
; gates_out[12]     ; R6    ; 3        ; 11           ; 0            ; 21           ; no              ; no                     ; no            ; 2         ; no              ; no         ; no            ; no       ; Off          ; 3.3-V LVTTL  ; 8mA              ; Off         ; --                        ; no                         ; no                          ; Fitter               ; -                    ; -                   ;
; gates_out[13]     ; D9    ; 7        ; 18           ; 24           ; 14           ; no              ; no                     ; no            ; 2         ; no              ; no         ; no            ; no       ; Off          ; 3.3-V LVTTL  ; 8mA              ; Off         ; --                        ; no                         ; no                          ; Fitter               ; -                    ; -                   ;
; gates_out[14]     ; L8    ; 3        ; 13           ; 0            ; 14           ; no              ; no                     ; no            ; 2         ; no              ; no         ; no            ; no       ; Off          ; 3.3-V LVTTL  ; 8mA              ; Off         ; --                        ; no                         ; no                          ; Fitter               ; -                    ; -                   ;
; gates_out[15]     ; R7    ; 3        ; 11           ; 0            ; 0            ; no              ; no                     ; no            ; 2         ; no              ; no         ; no            ; no       ; Off          ; 3.3-V LVTTL  ; 8mA              ; Off         ; --                        ; no                         ; no                          ; Fitter               ; -                    ; -                   ;
; gates_out[16]     ; T6    ; 3        ; 11           ; 0            ; 14           ; no              ; no                     ; no            ; 2         ; no              ; no         ; no            ; no       ; Off          ; 3.3-V LVTTL  ; 8mA              ; Off         ; --                        ; no                         ; no                          ; Fitter               ; -                    ; -                   ;
; gates_out[17]     ; T5    ; 3        ; 9            ; 0            ; 0            ; no              ; no                     ; no            ; 2         ; no              ; no         ; no            ; no       ; Off          ; 3.3-V LVTTL  ; 8mA              ; Off         ; --                        ; no                         ; no                          ; Fitter               ; -                    ; -                   ;
; gates_out[18]     ; P8    ; 3        ; 16           ; 0            ; 14           ; no              ; no                     ; no            ; 2         ; no              ; no         ; no            ; no       ; Off          ; 3.3-V LVTTL  ; 8mA              ; Off         ; --                        ; no                         ; no                          ; Fitter               ; -                    ; -                   ;
; gates_out[19]     ; M7    ; 3        ; 9            ; 0            ; 21           ; no              ; no                     ; no            ; 2         ; no              ; no         ; no            ; no       ; Off          ; 3.3-V LVTTL  ; 8mA              ; Off         ; --                        ; no                         ; no                          ; Fitter               ; -                    ; -                   ;
; gates_out[1]      ; B6    ; 8        ; 9            ; 24           ; 21           ; no              ; no                     ; no            ; 2         ; no              ; no         ; no            ; no       ; Off          ; 3.3-V LVTTL  ; 8mA              ; Off         ; --                        ; no                         ; no                          ; User                 ; -                    ; -                   ;
; gates_out[20]     ; T7    ; 3        ; 13           ; 0            ; 21           ; no              ; no                     ; no            ; 2         ; no              ; no         ; no            ; no       ; Off          ; 3.3-V LVTTL  ; 8mA              ; Off         ; --                        ; no                         ; no                          ; Fitter               ; -                    ; -                   ;
; gates_out[21]     ; P6    ; 3        ; 7            ; 0            ; 0            ; no              ; no                     ; no            ; 2         ; no              ; no         ; no            ; no       ; Off          ; 3.3-V LVTTL  ; 8mA              ; Off         ; --                        ; no                         ; no                          ; Fitter               ; -                    ; -                   ;
; gates_out[22]     ; N8    ; 3        ; 16           ; 0            ; 21           ; no              ; no                     ; no            ; 2         ; no              ; no         ; no            ; no       ; Off          ; 3.3-V LVTTL  ; 8mA              ; Off         ; --                        ; no                         ; no                          ; Fitter               ; -                    ; -                   ;
; gates_out[23]     ; M8    ; 3        ; 13           ; 0            ; 0            ; no              ; no                     ; no            ; 2         ; no              ; no         ; no            ; no       ; Off          ; 3.3-V LVTTL  ; 8mA              ; Off         ; --                        ; no                         ; no                          ; Fitter               ; -                    ; -                   ;
; gates_out[2]      ; B7    ; 8        ; 11           ; 24           ; 7            ; no              ; no                     ; no            ; 2         ; no              ; no         ; no            ; no       ; Off          ; 3.3-V LVTTL  ; 8mA              ; Off         ; --                        ; no                         ; no                          ; User                 ; -                    ; -                   ;
; gates_out[3]      ; A4    ; 8        ; 5            ; 24           ; 14           ; no              ; no                     ; no            ; 2         ; no              ; no         ; no            ; no       ; Off          ; 3.3-V LVTTL  ; 8mA              ; Off         ; --                        ; no                         ; no                          ; User                 ; -                    ; -                   ;
; gates_out[4]      ; L7    ; 3        ; 11           ; 0            ; 7            ; no              ; no                     ; no            ; 2         ; no              ; no         ; no            ; no       ; Off          ; 3.3-V LVTTL  ; 8mA              ; Off         ; --                        ; no                         ; no                          ; User                 ; -                    ; -                   ;
; gates_out[5]      ; L6    ; 2        ; 0            ; 9            ; 7            ; no              ; no                     ; no            ; 2         ; no              ; no         ; no            ; no       ; Off          ; 3.3-V LVTTL  ; 8mA              ; Off         ; --                        ; no                         ; no                          ; User                 ; -                    ; -                   ;
; gates_out[6]      ; K5    ; 2        ; 0            ; 6            ; 14           ; no              ; no                     ; no            ; 2         ; no              ; no         ; no            ; no       ; Off          ; 3.3-V LVTTL  ; 8mA              ; Off         ; --                        ; no                         ; no                          ; User                 ; -                    ; -                   ;
; gates_out[7]      ; K6    ; 2        ; 0            ; 9            ; 0            ; no              ; no                     ; no            ; 2         ; no              ; no         ; no            ; no       ; Off          ; 3.3-V LVTTL  ; 8mA              ; Off         ; --                        ; no                         ; no                          ; User                 ; -                    ; -                   ;
; gates_out[8]      ; F3    ; 1        ; 0            ; 21           ; 7            ; no              ; no                     ; no            ; 2         ; no              ; no         ; no            ; no       ; Off          ; 3.3-V LVTTL  ; 8mA              ; Off         ; --                        ; no                         ; no                          ; User                 ; -                    ; -                   ;
; gates_out[9]      ; G5    ; 1        ; 0            ; 19           ; 0            ; no              ; no                     ; no            ; 2         ; no              ; no         ; no            ; no       ; Off          ; 3.3-V LVTTL  ; 8mA              ; Off         ; --                        ; no                         ; no                          ; User                 ; -                    ; -                   ;
; pll_locked        ; A7    ; 8        ; 11           ; 24           ; 0            ; no              ; no                     ; no            ; 2         ; no              ; no         ; no            ; no       ; Off          ; 3.3-V LVTTL  ; 8mA              ; Off         ; --                        ; no                         ; no                          ; User                 ; -                    ; -                   ;
+-------------------+-------+----------+--------------+--------------+--------------+-----------------+------------------------+---------------+-----------+-----------------+------------+---------------+----------+--------------+--------------+------------------+-------------+---------------------------+----------------------------+-----------------------------+----------------------+----------------------+---------------------+


+-------------------------------------------------------------------------------------------------------------------------+
; Dual Purpose and Dedicated Pins                                                                                         ;
+----------+-----------------------------+--------------------------+-------------------------+---------------------------+
; Location ; Pin Name                    ; Reserved As              ; User Signal Name        ; Pin Type                  ;
+----------+-----------------------------+--------------------------+-------------------------+---------------------------+
; C1       ; DIFFIO_L1n, DATA1, ASDO     ; As input tri-stated      ; ~ALTERA_ASDO_DATA1~     ; Dual Purpose Pin          ;
; D2       ; DIFFIO_L2p, FLASH_nCE, nCSO ; As input tri-stated      ; ~ALTERA_FLASH_nCE_nCSO~ ; Dual Purpose Pin          ;
; F4       ; nSTATUS                     ; -                        ; -                       ; Dedicated Programming Pin ;
; H1       ; DCLK                        ; As output driving ground ; ~ALTERA_DCLK~           ; Dual Purpose Pin          ;
; H2       ; DATA0                       ; As input tri-stated      ; ~ALTERA_DATA0~          ; Dual Purpose Pin          ;
; H5       ; nCONFIG                     ; -                        ; -                       ; Dedicated Programming Pin ;
; J3       ; nCE                         ; -                        ; -                       ; Dedicated Programming Pin ;
; J16      ; DIFFIO_R7n, DEV_OE          ; Use as regular IO        ; mod_b[5]                ; Dual Purpose Pin          ;
; J15      ; DIFFIO_R7p, DEV_CLRn        ; Use as regular IO        ; mod_a[13]               ; Dual Purpose Pin          ;
; H14      ; CONF_DONE                   ; -                        ; -                       ; Dedicated Programming Pin ;
; H13      ; MSEL0                       ; -                        ; -                       ; Dedicated Programming Pin ;
; H12      ; MSEL1                       ; -                        ; -                       ; Dedicated Programming Pin ;
; G12      ; MSEL2                       ; -                        ; -                       ; Dedicated Programming Pin ;
; G12      ; MSEL3                       ; -                        ; -                       ; Dedicated Programming Pin ;
; G16      ; DIFFIO_R4n, INIT_DONE       ; Use as regular IO        ; mod_b[2]                ; Dual Purpose Pin          ;
; G15      ; DIFFIO_R4p, CRC_ERROR       ; Use as regular IO        ; mod_b[13]               ; Dual Purpose Pin          ;
; F16      ; DIFFIO_R3n, nCEO            ; Use as programming pin   ; ~ALTERA_nCEO~           ; Dual Purpose Pin          ;
; F15      ; DIFFIO_R3p, CLKUSR          ; Use as regular IO        ; mod_b[3]                ; Dual Purpose Pin          ;
; E8       ; DIFFIO_T10n, DATA2          ; Use as regular IO        ; cap_high_time[13]       ; Dual Purpose Pin          ;
; F8       ; DIFFIO_T10p, DATA3          ; Use as regular IO        ; cap_high_time[10]       ; Dual Purpose Pin          ;
; B7       ; DIFFIO_T9p, DATA4           ; Use as regular IO        ; gates_out[2]            ; Dual Purpose Pin          ;
; E7       ; DATA5                       ; Use as regular IO        ; cap_period[6]           ; Dual Purpose Pin          ;
; E6       ; DATA6                       ; Use as regular IO        ; cap_period[0]           ; Dual Purpose Pin          ;
; A5       ; DIFFIO_T6n, DATA7           ; Use as regular IO        ; gates_in[1]             ; Dual Purpose Pin          ;
+----------+-----------------------------+--------------------------+-------------------------+---------------------------+


+-------------------------------------------------------------+
; I/O Bank Usage                                              ;
+----------+-------------------+---------------+--------------+
; I/O Bank ; Usage             ; VCCIO Voltage ; VREF Voltage ;
+----------+-------------------+---------------+--------------+
; 1        ; 17 / 17 ( 100 % ) ; 3.3V          ; --           ;
; 2        ; 15 / 19 ( 79 % )  ; 3.3V          ; --           ;
; 3        ; 19 / 26 ( 73 % )  ; 3.3V          ; --           ;
; 4        ; 11 / 27 ( 41 % )  ; 3.3V          ; --           ;
; 5        ; 22 / 25 ( 88 % )  ; 3.3V          ; --           ;
; 6        ; 10 / 14 ( 71 % )  ; 3.3V          ; --           ;
; 7        ; 18 / 26 ( 69 % )  ; 3.3V          ; --           ;
; 8        ; 26 / 26 ( 100 % ) ; 3.3V          ; --           ;
+----------+-------------------+---------------+--------------+


+-----------------------------------------------------------------------------------------------------------------------------------------------------------------------------------------+
; All Package Pins                                                                                                                                                                        ;
+----------+------------+----------+-----------------------------------------------------------+--------+--------------+---------+------------+-----------------+----------+--------------+
; Location ; Pad Number ; I/O Bank ; Pin Name/Usage                                            ; Dir.   ; I/O Standard ; Voltage ; I/O Type   ; User Assignment ; Bus Hold ; Weak Pull Up ;
+----------+------------+----------+-----------------------------------------------------------+--------+--------------+---------+------------+-----------------+----------+--------------+
; A1       ;            ; 8        ; VCCIO8                                                    ; power  ;              ; 3.3V    ; --         ;                 ; --       ; --           ;
; A2       ; 194        ; 8        ; gates_out[11]                                             ; output ; 3.3-V LVTTL  ;         ; Column I/O ; Y               ; no       ; Off          ;
; A3       ; 200        ; 8        ; gates_in[0]                                               ; input  ; 3.3-V LVTTL  ;         ; Column I/O ; Y               ; no       ; Off          ;
; A4       ; 196        ; 8        ; gates_out[3]                                              ; output ; 3.3-V LVTTL  ;         ; Column I/O ; Y               ; no       ; Off          ;
; A5       ; 192        ; 8        ; gates_in[1]                                               ; input  ; 3.3-V LVTTL  ;         ; Column I/O ; Y               ; no       ; Off          ;
; A6       ; 188        ; 8        ; gates_in[2]                                               ; input  ; 3.3-V LVTTL  ;         ; Column I/O ; Y               ; no       ; Off          ;
; A7       ; 183        ; 8        ; pll_locked                                                ; output ; 3.3-V LVTTL  ;         ; Column I/O ; Y               ; no       ; Off          ;
; A8       ; 177        ; 8        ; cap_period[3]                                             ; output ; 3.3-V LVTTL  ;         ; Column I/O ; N               ; no       ; Off          ;
; A9       ; 175        ; 7        ; gates_in[14]                                              ; input  ; 3.3-V LVTTL  ;         ; Column I/O ; N               ; no       ; Off          ;
; A10      ; 168        ; 7        ; cap_period[5]                                             ; output ; 3.3-V LVTTL  ;         ; Column I/O ; N               ; no       ; Off          ;
; A11      ; 161        ; 7        ; gates_in[23]                                              ; input  ; 3.3-V LVTTL  ;         ; Column I/O ; N               ; no       ; Off          ;
; A12      ; 159        ; 7        ; gates_in[18]                                              ; input  ; 3.3-V LVTTL  ;         ; Column I/O ; N               ; no       ; Off          ;
; A13      ; 153        ; 7        ; RESERVED_INPUT_WITH_WEAK_PULLUP                           ;        ;              ;         ; Column I/O ;                 ; no       ; On           ;
; A14      ; 155        ; 7        ; mod_c[8]                                                  ; input  ; 3.3-V LVTTL  ;         ; Column I/O ; N               ; no       ; Off          ;
; A15      ; 167        ; 7        ; cap_high_time[1]                                          ; output ; 3.3-V LVTTL  ;         ; Column I/O ; N               ; no       ; Off          ;
; A16      ;            ; 7        ; VCCIO7                                                    ; power  ;              ; 3.3V    ; --         ;                 ; --       ; --           ;
; B1       ; 3          ; 1        ; cap_period[14]                                            ; output ; 3.3-V LVTTL  ;         ; Row I/O    ; N               ; no       ; Off          ;
; B2       ;            ;          ; GND                                                       ; gnd    ;              ;         ; --         ;                 ; --       ; --           ;
; B3       ; 201        ; 8        ; gates_in[3]                                               ; input  ; 3.3-V LVTTL  ;         ; Column I/O ; Y               ; no       ; Off          ;
; B4       ; 197        ; 8        ; pwm_cap_in                                                ; input  ; 3.3-V LVTTL  ;         ; Column I/O ; Y               ; no       ; Off          ;
; B5       ; 195        ; 8        ; gates_out[0]                                              ; output ; 3.3-V LVTTL  ;         ; Column I/O ; Y               ; no       ; Off          ;
; B6       ; 189        ; 8        ; gates_out[1]                                              ; output ; 3.3-V LVTTL  ;         ; Column I/O ; Y               ; no       ; Off          ;
; B7       ; 184        ; 8        ; gates_out[2]                                              ; output ; 3.3-V LVTTL  ;         ; Column I/O ; Y               ; no       ; Off          ;
; B8       ; 178        ; 8        ; mod_a[15]                                                 ; input  ; 3.3-V LVTTL  ;         ; Column I/O ; N               ; no       ; Off          ;
; B9       ; 176        ; 7        ; cap_high_time[7]                                          ; output ; 3.3-V LVTTL  ;         ; Column I/O ; N               ; no       ; Off          ;
; B10      ; 169        ; 7        ; mod_a[2]                                                  ; input  ; 3.3-V LVTTL  ;         ; Column I/O ; N               ; no       ; Off          ;
; B11      ; 162        ; 7        ; gates_in[15]                                              ; input  ; 3.3-V LVTTL  ;         ; Column I/O ; N               ; no       ; Off          ;
; B12      ; 160        ; 7        ; RESERVED_INPUT_WITH_WEAK_PULLUP                           ;        ;              ;         ; Column I/O ;                 ; no       ; On           ;
; B13      ; 154        ; 7        ; gates_in[22]                                              ; input  ; 3.3-V LVTTL  ;         ; Column I/O ; N               ; no       ; Off          ;
; B14      ; 156        ; 7        ; RESERVED_INPUT_WITH_WEAK_PULLUP                           ;        ;              ;         ; Column I/O ;                 ; no       ; On           ;
; B15      ;            ;          ; GND                                                       ; gnd    ;              ;         ; --         ;                 ; --       ; --           ;
; B16      ; 141        ; 6        ; mod_a[7]                                                  ; input  ; 3.3-V LVTTL  ;         ; Row I/O    ; N               ; no       ; Off          ;
; C1       ; 5          ; 1        ; ~ALTERA_ASDO_DATA1~ / RESERVED_INPUT_WITH_WEAK_PULLUP     ; input  ; 3.3-V LVTTL  ;         ; Row I/O    ; N               ; no       ; On           ;
; C2       ; 4          ; 1        ; cap_high_time[2]                                          ; output ; 3.3-V LVTTL  ;         ; Row I/O    ; N               ; no       ; Off          ;
; C3       ; 202        ; 8        ; cap_high_time[0]                                          ; output ; 3.3-V LVTTL  ;         ; Column I/O ; N               ; no       ; Off          ;
; C4       ;            ; 8        ; VCCIO8                                                    ; power  ;              ; 3.3V    ; --         ;                 ; --       ; --           ;
; C5       ;            ;          ; GND                                                       ; gnd    ;              ;         ; --         ;                 ; --       ; --           ;
; C6       ; 187        ; 8        ; cap_valid                                                 ; output ; 3.3-V LVTTL  ;         ; Column I/O ; Y               ; no       ; Off          ;
; C7       ;            ; 8        ; VCCIO8                                                    ; power  ;              ; 3.3V    ; --         ;                 ; --       ; --           ;
; C8       ; 179        ; 8        ; cap_period[9]                                             ; output ; 3.3-V LVTTL  ;         ; Column I/O ; N               ; no       ; Off          ;
; C9       ; 172        ; 7        ; mod_a[12]                                                 ; input  ; 3.3-V LVTTL  ;         ; Column I/O ; N               ; no       ; Off          ;
; C10      ;            ; 7        ; VCCIO7                                                    ; power  ;              ; 3.3V    ; --         ;                 ; --       ; --           ;
; C11      ; 163        ; 7        ; mod_a[10]                                                 ; input  ; 3.3-V LVTTL  ;         ; Column I/O ; N               ; no       ; Off          ;
; C12      ;            ;          ; GND                                                       ; gnd    ;              ;         ; --         ;                 ; --       ; --           ;
; C13      ;            ; 7        ; VCCIO7                                                    ; power  ;              ; 3.3V    ; --         ;                 ; --       ; --           ;
; C14      ; 149        ; 7        ; RESERVED_INPUT_WITH_WEAK_PULLUP                           ;        ;              ;         ; Column I/O ;                 ; no       ; On           ;
; C15      ; 147        ; 6        ; RESERVED_INPUT_WITH_WEAK_PULLUP                           ;        ;              ;         ; Row I/O    ;                 ; no       ; On           ;
; C16      ; 146        ; 6        ; RESERVED_INPUT_WITH_WEAK_PULLUP                           ;        ;              ;         ; Row I/O    ;                 ; no       ; On           ;
; D1       ; 8          ; 1        ; cap_high_time[6]                                          ; output ; 3.3-V LVTTL  ;         ; Row I/O    ; N               ; no       ; Off          ;
; D2       ; 7          ; 1        ; ~ALTERA_FLASH_nCE_nCSO~ / RESERVED_INPUT_WITH_WEAK_PULLUP ; input  ; 3.3-V LVTTL  ;         ; Row I/O    ; N               ; no       ; On           ;
; D3       ; 203        ; 8        ; cap_high_time[8]                                          ; output ; 3.3-V LVTTL  ;         ; Column I/O ; N               ; no       ; Off          ;
; D4       ; 0          ; 1        ; cap_period[15]                                            ; output ; 3.3-V LVTTL  ;         ; Row I/O    ; N               ; no       ; Off          ;
; D5       ; 198        ; 8        ; cap_high_time[5]                                          ; output ; 3.3-V LVTTL  ;         ; Column I/O ; N               ; no       ; Off          ;
; D6       ; 199        ; 8        ; cap_period[10]                                            ; output ; 3.3-V LVTTL  ;         ; Column I/O ; N               ; no       ; Off          ;
; D7       ;            ;          ; GND                                                       ; gnd    ;              ;         ; --         ;                 ; --       ; --           ;
; D8       ; 180        ; 8        ; cap_high_time[11]                                         ; output ; 3.3-V LVTTL  ;         ; Column I/O ; N               ; no       ; Off          ;
; D9       ; 173        ; 7        ; gates_out[13]                                             ; output ; 3.3-V LVTTL  ;         ; Column I/O ; N               ; no       ; Off          ;
; D10      ;            ;          ; GND                                                       ; gnd    ;              ;         ; --         ;                 ; --       ; --           ;
; D11      ; 151        ; 7        ; gates_in[21]                                              ; input  ; 3.3-V LVTTL  ;         ; Column I/O ; N               ; no       ; Off          ;
; D12      ; 152        ; 7        ; RESERVED_INPUT_WITH_WEAK_PULLUP                           ;        ;              ;         ; Column I/O ;                 ; no       ; On           ;
; D13      ;            ;          ; VCCD_PLL2                                                 ; power  ;              ; 1.2V    ; --         ;                 ; --       ; --           ;
; D14      ; 150        ; 7        ; RESERVED_INPUT_WITH_WEAK_PULLUP                           ;        ;              ;         ; Column I/O ;                 ; no       ; On           ;
; D15      ; 144        ; 6        ; RESERVED_INPUT_WITH_WEAK_PULLUP                           ;        ;              ;         ; Row I/O    ;                 ; no       ; On           ;
; D16      ; 143        ; 6        ; mod_c[5]                                                  ; input  ; 3.3-V LVTTL  ;         ; Row I/O    ; N               ; no       ; Off          ;
; E1       ; 24         ; 1        ; rst_n                                                     ; input  ; 3.3-V LVTTL  ;         ; Row I/O    ; N               ; no       ; Off          ;
; E2       ;            ;          ; GND                                                       ; gnd    ;              ;         ; --         ;                 ; --       ; --           ;
; E3       ;            ; 1        ; VCCIO1                                                    ; power  ;              ; 3.3V    ; --         ;                 ; --       ; --           ;
; E4       ;            ;          ; GND                                                       ; gnd    ;              ;         ; --         ;                 ; --       ; --           ;
; E5       ; 1          ; 1        ; cap_high_time[3]                                          ; output ; 3.3-V LVTTL  ;         ; Row I/O    ; N               ; no       ; Off          ;
; E6       ; 191        ; 8        ; cap_period[0]                                             ; output ; 3.3-V LVTTL  ;         ; Column I/O ; N               ; no       ; Off          ;
; E7       ; 190        ; 8        ; cap_period[6]                                             ; output ; 3.3-V LVTTL  ;         ; Column I/O ; N               ; no       ; Off          ;
; E8       ; 181        ; 8        ; cap_high_time[13]                                         ; output ; 3.3-V LVTTL  ;         ; Column I/O ; N               ; no       ; Off          ;
; E9       ; 174        ; 7        ; mod_a[6]                                                  ; input  ; 3.3-V LVTTL  ;         ; Column I/O ; N               ; no       ; Off          ;
; E10      ; 158        ; 7        ; mod_c[15]                                                 ; input  ; 3.3-V LVTTL  ;         ; Column I/O ; N               ; no       ; Off          ;
; E11      ; 157        ; 7        ; gates_in[17]                                              ; input  ; 3.3-V LVTTL  ;         ; Column I/O ; N               ; no       ; Off          ;
; E12      ;            ;          ; GNDA2                                                     ; gnd    ;              ;         ; --         ;                 ; --       ; --           ;
; E13      ;            ;          ; GND                                                       ; gnd    ;              ;         ; --         ;                 ; --       ; --           ;
; E14      ;            ; 6        ; VCCIO6                                                    ; power  ;              ; 3.3V    ; --         ;                 ; --       ; --           ;
; E15      ; 128        ; 6        ; mod_c[14]                                                 ; input  ; 3.3-V LVTTL  ;         ; Row I/O    ; N               ; no       ; Off          ;
; E16      ; 127        ; 6        ; mod_c[6]                                                  ; input  ; 3.3-V LVTTL  ;         ; Row I/O    ; N               ; no       ; Off          ;
; F1       ; 12         ; 1        ; gates_in[10]                                              ; input  ; 3.3-V LVTTL  ;         ; Row I/O    ; Y               ; no       ; Off          ;
; F2       ; 11         ; 1        ; cap_period[11]                                            ; output ; 3.3-V LVTTL  ;         ; Row I/O    ; N               ; no       ; Off          ;
; F3       ; 6          ; 1        ; gates_out[8]                                              ; output ; 3.3-V LVTTL  ;         ; Row I/O    ; Y               ; no       ; Off          ;
; F4       ; 9          ; 1        ; ^nSTATUS                                                  ;        ;              ;         ; --         ;                 ; --       ; --           ;
; F5       ; 2          ; 1        ; cap_high_time[14]                                         ; output ; 3.3-V LVTTL  ;         ; Row I/O    ; N               ; no       ; Off          ;
; F6       ; 185        ; 8        ; cap_period[12]                                            ; output ; 3.3-V LVTTL  ;         ; Column I/O ; N               ; no       ; Off          ;
; F7       ; 186        ; 8        ; cap_period[8]                                             ; output ; 3.3-V LVTTL  ;         ; Column I/O ; N               ; no       ; Off          ;
; F8       ; 182        ; 8        ; cap_high_time[10]                                         ; output ; 3.3-V LVTTL  ;         ; Column I/O ; N               ; no       ; Off          ;
; F9       ; 165        ; 7        ; mod_a[5]                                                  ; input  ; 3.3-V LVTTL  ;         ; Column I/O ; N               ; no       ; Off          ;
; F10      ; 164        ; 7        ; RESERVED_INPUT_WITH_WEAK_PULLUP                           ;        ;              ;         ; Column I/O ;                 ; no       ; On           ;
; F11      ; 166        ; 7        ; RESERVED_INPUT_WITH_WEAK_PULLUP                           ;        ;              ;         ; Column I/O ;                 ; no       ; On           ;
; F12      ;            ; --       ; VCCA2                                                     ; power  ;              ; 2.5V    ; --         ;                 ; --       ; --           ;
; F13      ; 138        ; 6        ; mod_b[11]                                                 ; input  ; 3.3-V LVTTL  ;         ; Row I/O    ; N               ; no       ; Off          ;
; F14      ; 142        ; 6        ; mod_c[0]                                                  ; input  ; 3.3-V LVTTL  ;         ; Row I/O    ; N               ; no       ; Off          ;
; F15      ; 140        ; 6        ; mod_b[3]                                                  ; input  ; 3.3-V LVTTL  ;         ; Row I/O    ; N               ; no       ; Off          ;
; F16      ; 139        ; 6        ; ~ALTERA_nCEO~ / RESERVED_OUTPUT_OPEN_DRAIN                ; output ; 3.3-V LVTTL  ;         ; Row I/O    ; N               ; no       ; Off          ;
; G1       ; 14         ; 1        ; gates_in[8]                                               ; input  ; 3.3-V LVTTL  ;         ; Row I/O    ; Y               ; no       ; Off          ;
; G2       ; 13         ; 1        ; cap_high_time[4]                                          ; output ; 3.3-V LVTTL  ;         ; Row I/O    ; N               ; no       ; Off          ;
; G3       ;            ; 1        ; VCCIO1                                                    ; power  ;              ; 3.3V    ; --         ;                 ; --       ; --           ;
; G4       ;            ;          ; GND                                                       ; gnd    ;              ;         ; --         ;                 ; --       ; --           ;
; G5       ; 10         ; 1        ; gates_out[9]                                              ; output ; 3.3-V LVTTL  ;         ; Row I/O    ; Y               ; no       ; Off          ;
; G6       ;            ;          ; VCCINT                                                    ; power  ;              ; 1.2V    ; --         ;                 ; --       ; --           ;
; G7       ;            ;          ; VCCINT                                                    ; power  ;              ; 1.2V    ; --         ;                 ; --       ; --           ;
; G8       ;            ;          ; VCCINT                                                    ; power  ;              ; 1.2V    ; --         ;                 ; --       ; --           ;
; G9       ;            ;          ; VCCINT                                                    ; power  ;              ; 1.2V    ; --         ;                 ; --       ; --           ;
; G10      ;            ;          ; VCCINT                                                    ; power  ;              ; 1.2V    ; --         ;                 ; --       ; --           ;
; G11      ; 145        ; 6        ; RESERVED_INPUT_WITH_WEAK_PULLUP                           ;        ;              ;         ; Row I/O    ;                 ; no       ; On           ;
; G12      ; 132        ; 6        ; ^MSEL2                                                    ;        ;              ;         ; --         ;                 ; --       ; --           ;
; G12      ; 133        ; 6        ; ^MSEL3                                                    ;        ;              ;         ; --         ;                 ; --       ; --           ;
; G13      ;            ;          ; GND                                                       ; gnd    ;              ;         ; --         ;                 ; --       ; --           ;
; G14      ;            ; 6        ; VCCIO6                                                    ; power  ;              ; 3.3V    ; --         ;                 ; --       ; --           ;
; G15      ; 137        ; 6        ; mod_b[13]                                                 ; input  ; 3.3-V LVTTL  ;         ; Row I/O    ; N               ; no       ; Off          ;
; G16      ; 136        ; 6        ; mod_b[2]                                                  ; input  ; 3.3-V LVTTL  ;         ; Row I/O    ; N               ; no       ; Off          ;
; H1       ; 15         ; 1        ; ~ALTERA_DCLK~                                             ; output ; 3.3-V LVTTL  ;         ; Row I/O    ; N               ; no       ; On           ;
; H2       ; 16         ; 1        ; ~ALTERA_DATA0~ / RESERVED_INPUT_WITH_WEAK_PULLUP          ; input  ; 3.3-V LVTTL  ;         ; Row I/O    ; N               ; no       ; On           ;
; H3       ; 19         ; 1        ; #TCK                                                      ; input  ;              ;         ; --         ;                 ; --       ; --           ;
; H4       ; 18         ; 1        ; #TDI                                                      ; input  ;              ;         ; --         ;                 ; --       ; --           ;
; H5       ; 17         ; 1        ; ^nCONFIG                                                  ;        ;              ;         ; --         ;                 ; --       ; --           ;
; H6       ;            ;          ; VCCINT                                                    ; power  ;              ; 1.2V    ; --         ;                 ; --       ; --           ;
; H7       ;            ;          ; GND                                                       ; gnd    ;              ;         ; --         ;                 ; --       ; --           ;
; H8       ;            ;          ; GND                                                       ; gnd    ;              ;         ; --         ;                 ; --       ; --           ;
; H9       ;            ;          ; GND                                                       ; gnd    ;              ;         ; --         ;                 ; --       ; --           ;
; H10      ;            ;          ; GND                                                       ; gnd    ;              ;         ; --         ;                 ; --       ; --           ;
; H11      ;            ;          ; VCCINT                                                    ; power  ;              ; 1.2V    ; --         ;                 ; --       ; --           ;
; H12      ; 131        ; 6        ; ^MSEL1                                                    ;        ;              ;         ; --         ;                 ; --       ; --           ;
; H13      ; 130        ; 6        ; ^MSEL0                                                    ;        ;              ;         ; --         ;                 ; --       ; --           ;
; H14      ; 129        ; 6        ; ^CONF_DONE                                                ;        ;              ;         ; --         ;                 ; --       ; --           ;
; H15      ;            ;          ; GND                                                       ; gnd    ;              ;         ; --         ;                 ; --       ; --           ;
; H16      ;            ;          ; GND                                                       ; gnd    ;              ;         ; --         ;                 ; --       ; --           ;
; J1       ; 28         ; 2        ; gates_in[11]                                              ; input  ; 3.3-V LVTTL  ;         ; Row I/O    ; Y               ; no       ; Off          ;
; J2       ; 27         ; 2        ; cap_high_time[9]                                          ; output ; 3.3-V LVTTL  ;         ; Row I/O    ; N               ; no       ; Off          ;
; J3       ; 22         ; 1        ; ^nCE                                                      ;        ;              ;         ; --         ;                 ; --       ; --           ;
; J4       ; 21         ; 1        ; #TDO                                                      ; output ;              ;         ; --         ;                 ; --       ; --           ;
; J5       ; 20         ; 1        ; #TMS                                                      ; input  ;              ;         ; --         ;                 ; --       ; --           ;
; J6       ; 29         ; 2        ; gates_in[9]                                               ; input  ; 3.3-V LVTTL  ;         ; Row I/O    ; Y               ; no       ; Off          ;
; J7       ;            ;          ; GND                                                       ; gnd    ;              ;         ; --         ;                 ; --       ; --           ;
; J8       ;            ;          ; GND                                                       ; gnd    ;              ;         ; --         ;                 ; --       ; --           ;
; J9       ;            ;          ; GND                                                       ; gnd    ;              ;         ; --         ;                 ; --       ; --           ;
; J10      ;            ;          ; GND                                                       ; gnd    ;              ;         ; --         ;                 ; --       ; --           ;
; J11      ; 117        ; 5        ; mod_b[12]                                                 ; input  ; 3.3-V LVTTL  ;         ; Row I/O    ; N               ; no       ; Off          ;
; J12      ; 123        ; 5        ; mod_b[6]                                                  ; input  ; 3.3-V LVTTL  ;         ; Row I/O    ; N               ; no       ; Off          ;
; J13      ; 124        ; 5        ; mod_a[3]                                                  ; input  ; 3.3-V LVTTL  ;         ; Row I/O    ; N               ; no       ; Off          ;
; J14      ; 122        ; 5        ; mod_b[0]                                                  ; input  ; 3.3-V LVTTL  ;         ; Row I/O    ; N               ; no       ; Off          ;
; J15      ; 121        ; 5        ; mod_a[13]                                                 ; input  ; 3.3-V LVTTL  ;         ; Row I/O    ; N               ; no       ; Off          ;
; J16      ; 120        ; 5        ; mod_b[5]                                                  ; input  ; 3.3-V LVTTL  ;         ; Row I/O    ; N               ; no       ; Off          ;
; K1       ; 33         ; 2        ; cap_period[13]                                            ; output ; 3.3-V LVTTL  ;         ; Row I/O    ; N               ; no       ; Off          ;
; K2       ; 32         ; 2        ; cap_period[4]                                             ; output ; 3.3-V LVTTL  ;         ; Row I/O    ; N               ; no       ; Off          ;
; K3       ;            ; 2        ; VCCIO2                                                    ; power  ;              ; 3.3V    ; --         ;                 ; --       ; --           ;
; K4       ;            ;          ; GND                                                       ; gnd    ;              ;         ; --         ;                 ; --       ; --           ;
; K5       ; 39         ; 2        ; gates_out[6]                                              ; output ; 3.3-V LVTTL  ;         ; Row I/O    ; Y               ; no       ; Off          ;
; K6       ; 30         ; 2        ; gates_out[7]                                              ; output ; 3.3-V LVTTL  ;         ; Row I/O    ; Y               ; no       ; Off          ;
; K7       ;            ;          ; VCCINT                                                    ; power  ;              ; 1.2V    ; --         ;                 ; --       ; --           ;
; K8       ; 60         ; 3        ; gates_in[7]                                               ; input  ; 3.3-V LVTTL  ;         ; Column I/O ; Y               ; no       ; Off          ;
; K9       ; 76         ; 4        ; mod_a[8]                                                  ; input  ; 3.3-V LVTTL  ;         ; Column I/O ; N               ; no       ; Off          ;
; K10      ; 87         ; 4        ; RESERVED_INPUT_WITH_WEAK_PULLUP                           ;        ;              ;         ; Column I/O ;                 ; no       ; On           ;
; K11      ; 110        ; 5        ; mod_b[4]                                                  ; input  ; 3.3-V LVTTL  ;         ; Row I/O    ; N               ; no       ; Off          ;
; K12      ; 105        ; 5        ; RESERVED_INPUT_WITH_WEAK_PULLUP                           ;        ;              ;         ; Row I/O    ;                 ; no       ; On           ;
; K13      ;            ;          ; GND                                                       ; gnd    ;              ;         ; --         ;                 ; --       ; --           ;
; K14      ;            ; 5        ; VCCIO5                                                    ; power  ;              ; 3.3V    ; --         ;                 ; --       ; --           ;
; K15      ; 119        ; 5        ; mod_b[10]                                                 ; input  ; 3.3-V LVTTL  ;         ; Row I/O    ; N               ; no       ; Off          ;
; K16      ; 118        ; 5        ; mod_b[14]                                                 ; input  ; 3.3-V LVTTL  ;         ; Row I/O    ; N               ; no       ; Off          ;
; L1       ; 35         ; 2        ; cap_period[7]                                             ; output ; 3.3-V LVTTL  ;         ; Row I/O    ; N               ; no       ; Off          ;
; L2       ; 34         ; 2        ; cap_period[1]                                             ; output ; 3.3-V LVTTL  ;         ; Row I/O    ; N               ; no       ; Off          ;
; L3       ; 36         ; 2        ; gates_in[5]                                               ; input  ; 3.3-V LVTTL  ;         ; Row I/O    ; Y               ; no       ; Off          ;
; L4       ; 40         ; 2        ; gates_in[6]                                               ; input  ; 3.3-V LVTTL  ;         ; Row I/O    ; Y               ; no       ; Off          ;
; L5       ;            ; --       ; VCCA1                                                     ; power  ;              ; 2.5V    ; --         ;                 ; --       ; --           ;
; L6       ; 31         ; 2        ; gates_out[5]                                              ; output ; 3.3-V LVTTL  ;         ; Row I/O    ; Y               ; no       ; Off          ;
; L7       ; 65         ; 3        ; gates_out[4]                                              ; output ; 3.3-V LVTTL  ;         ; Column I/O ; Y               ; no       ; Off          ;
; L8       ; 68         ; 3        ; gates_out[14]                                             ; output ; 3.3-V LVTTL  ;         ; Column I/O ; N               ; no       ; Off          ;
; L9       ; 77         ; 4        ; mod_a[11]                                                 ; input  ; 3.3-V LVTTL  ;         ; Column I/O ; N               ; no       ; Off          ;
; L10      ; 88         ; 4        ; mod_c[11]                                                 ; input  ; 3.3-V LVTTL  ;         ; Column I/O ; N               ; no       ; Off          ;
; L11      ; 99         ; 4        ; RESERVED_INPUT_WITH_WEAK_PULLUP                           ;        ;              ;         ; Column I/O ;                 ; no       ; On           ;
; L12      ; 104        ; 5        ; mod_b[7]                                                  ; input  ; 3.3-V LVTTL  ;         ; Row I/O    ; N               ; no       ; Off          ;
; L13      ; 114        ; 5        ; mod_c[1]                                                  ; input  ; 3.3-V LVTTL  ;         ; Row I/O    ; N               ; no       ; Off          ;
; L14      ; 113        ; 5        ; mod_c[12]                                                 ; input  ; 3.3-V LVTTL  ;         ; Row I/O    ; N               ; no       ; Off          ;
; L15      ; 116        ; 5        ; mod_c[9]                                                  ; input  ; 3.3-V LVTTL  ;         ; Row I/O    ; N               ; no       ; Off          ;
; L16      ; 115        ; 5        ; mod_c[2]                                                  ; input  ; 3.3-V LVTTL  ;         ; Row I/O    ; N               ; no       ; Off          ;
; M1       ; 26         ; 2        ; GND+                                                      ;        ;              ;         ; Row I/O    ;                 ; --       ; --           ;
; M2       ; 25         ; 2        ; clk_50m                                                   ; input  ; 3.3-V LVTTL  ;         ; Row I/O    ; Y               ; no       ; Off          ;
; M3       ;            ; 2        ; VCCIO2                                                    ; power  ;              ; 3.3V    ; --         ;                 ; --       ; --           ;
; M4       ;            ;          ; GND                                                       ; gnd    ;              ;         ; --         ;                 ; --       ; --           ;
; M5       ;            ;          ; GNDA1                                                     ; gnd    ;              ;         ; --         ;                 ; --       ; --           ;
; M6       ; 57         ; 3        ; gates_out[10]                                             ; output ; 3.3-V LVTTL  ;         ; Column I/O ; Y               ; no       ; Off          ;
; M7       ; 59         ; 3        ; gates_out[19]                                             ; output ; 3.3-V LVTTL  ;         ; Column I/O ; N               ; no       ; Off          ;
; M8       ; 69         ; 3        ; gates_out[23]                                             ; output ; 3.3-V LVTTL  ;         ; Column I/O ; N               ; no       ; Off          ;
; M9       ; 78         ; 4        ; RESERVED_INPUT_WITH_WEAK_PULLUP                           ;        ;              ;         ; Column I/O ;                 ; no       ; On           ;
; M10      ; 93         ; 4        ; RESERVED_INPUT_WITH_WEAK_PULLUP                           ;        ;              ;         ; Column I/O ;                 ; no       ; On           ;
; M11      ; 100        ; 4        ; RESERVED_INPUT_WITH_WEAK_PULLUP                           ;        ;              ;         ; Column I/O ;                 ; no       ; On           ;
; M12      ; 103        ; 5        ; RESERVED_INPUT_WITH_WEAK_PULLUP                           ;        ;              ;         ; Row I/O    ;                 ; no       ; On           ;
; M13      ;            ;          ; GND                                                       ; gnd    ;              ;         ; --         ;                 ; --       ; --           ;
; M14      ;            ; 5        ; VCCIO5                                                    ; power  ;              ; 3.3V    ; --         ;                 ; --       ; --           ;
; M15      ; 126        ; 5        ; mod_c[4]                                                  ; input  ; 3.3-V LVTTL  ;         ; Row I/O    ; N               ; no       ; Off          ;
; M16      ; 125        ; 5        ; mod_c[7]                                                  ; input  ; 3.3-V LVTTL  ;         ; Row I/O    ; N               ; no       ; Off          ;
; N1       ; 38         ; 2        ; cap_high_time[12]                                         ; output ; 3.3-V LVTTL  ;         ; Row I/O    ; N               ; no       ; Off          ;
; N2       ; 37         ; 2        ; cap_period[2]                                             ; output ; 3.3-V LVTTL  ;         ; Row I/O    ; N               ; no       ; Off          ;
; N3       ; 45         ; 3        ; gates_in[4]                                               ; input  ; 3.3-V LVTTL  ;         ; Column I/O ; Y               ; no       ; Off          ;
; N4       ;            ;          ; VCCD_PLL1                                                 ; power  ;              ; 1.2V    ; --         ;                 ; --       ; --           ;
; N5       ; 55         ; 3        ; RESERVED_INPUT_WITH_WEAK_PULLUP                           ;        ;              ;         ; Column I/O ;                 ; no       ; On           ;
; N6       ; 56         ; 3        ; RESERVED_INPUT_WITH_WEAK_PULLUP                           ;        ;              ;         ; Column I/O ;                 ; no       ; On           ;
; N7       ;            ;          ; GND                                                       ; gnd    ;              ;         ; --         ;                 ; --       ; --           ;
; N8       ; 70         ; 3        ; gates_out[22]                                             ; output ; 3.3-V LVTTL  ;         ; Column I/O ; N               ; no       ; Off          ;
; N9       ; 79         ; 4        ; mod_a[0]                                                  ; input  ; 3.3-V LVTTL  ;         ; Column I/O ; N               ; no       ; Off          ;
; N10      ;            ;          ; GND                                                       ; gnd    ;              ;         ; --         ;                 ; --       ; --           ;
; N11      ; 94         ; 4        ; gates_in[20]                                              ; input  ; 3.3-V LVTTL  ;         ; Column I/O ; N               ; no       ; Off          ;
; N12      ; 101        ; 4        ; RESERVED_INPUT_WITH_WEAK_PULLUP                           ;        ;              ;         ; Column I/O ;                 ; no       ; On           ;
; N13      ; 102        ; 5        ; RESERVED_INPUT_WITH_WEAK_PULLUP                           ;        ;              ;         ; Row I/O    ;                 ; no       ; On           ;
; N14      ; 106        ; 5        ; mod_b[9]                                                  ; input  ; 3.3-V LVTTL  ;         ; Row I/O    ; N               ; no       ; Off          ;
; N15      ; 112        ; 5        ; mod_c[10]                                                 ; input  ; 3.3-V LVTTL  ;         ; Row I/O    ; N               ; no       ; Off          ;
; N16      ; 111        ; 5        ; mod_c[13]                                                 ; input  ; 3.3-V LVTTL  ;         ; Row I/O    ; N               ; no       ; Off          ;
; P1       ; 44         ; 2        ; RESERVED_INPUT_WITH_WEAK_PULLUP                           ;        ;              ;         ; Row I/O    ;                 ; no       ; On           ;
; P2       ; 43         ; 2        ; RESERVED_INPUT_WITH_WEAK_PULLUP                           ;        ;              ;         ; Row I/O    ;                 ; no       ; On           ;
; P3       ; 46         ; 3        ; RESERVED_INPUT_WITH_WEAK_PULLUP                           ;        ;              ;         ; Column I/O ;                 ; no       ; On           ;
; P4       ;            ; 3        ; VCCIO3                                                    ; power  ;              ; 3.3V    ; --         ;                 ; --       ; --           ;
; P5       ;            ;          ; GND                                                       ; gnd    ;              ;         ; --         ;                 ; --       ; --           ;
; P6       ; 58         ; 3        ; gates_out[21]                                             ; output ; 3.3-V LVTTL  ;         ; Column I/O ; N               ; no       ; Off          ;
; P7       ;            ; 3        ; VCCIO3                                                    ; power  ;              ; 3.3V    ; --         ;                 ; --       ; --           ;
; P8       ; 71         ; 3        ; gates_out[18]                                             ; output ; 3.3-V LVTTL  ;         ; Column I/O ; N               ; no       ; Off          ;
; P9       ; 89         ; 4        ; mod_b[1]                                                  ; input  ; 3.3-V LVTTL  ;         ; Column I/O ; N               ; no       ; Off          ;
; P10      ;            ; 4        ; VCCIO4                                                    ; power  ;              ; 3.3V    ; --         ;                 ; --       ; --           ;
; P11      ; 90         ; 4        ; RESERVED_INPUT_WITH_WEAK_PULLUP                           ;        ;              ;         ; Column I/O ;                 ; --       ; --           ;
; P12      ;            ;          ; GND                                                       ; gnd    ;              ;         ; --         ;                 ; --       ; --           ;
; P13      ;            ; 4        ; VCCIO4                                                    ; power  ;              ; 3.3V    ; --         ;                 ; --       ; --           ;
; P14      ; 98         ; 4        ; RESERVED_INPUT_WITH_WEAK_PULLUP                           ;        ;              ;         ; Column I/O ;                 ; no       ; On           ;
; P15      ; 107        ; 5        ; mod_c[3]                                                  ; input  ; 3.3-V LVTTL  ;         ; Row I/O    ; N               ; no       ; Off          ;
; P16      ; 108        ; 5        ; mod_b[8]                                                  ; input  ; 3.3-V LVTTL  ;         ; Row I/O    ; N               ; no       ; Off          ;
; R1       ; 42         ; 2        ; RESERVED_INPUT_WITH_WEAK_PULLUP                           ;        ;              ;         ; Row I/O    ;                 ; no       ; On           ;
; R2       ;            ;          ; GND                                                       ; gnd    ;              ;         ; --         ;                 ; --       ; --           ;
; R3       ; 47         ; 3        ; RESERVED_INPUT_WITH_WEAK_PULLUP                           ;        ;              ;         ; Column I/O ;                 ; no       ; On           ;
; R4       ; 53         ; 3        ; RESERVED_INPUT_WITH_WEAK_PULLUP                           ;        ;              ;         ; Column I/O ;                 ; no       ; On           ;
; R5       ; 61         ; 3        ; gates_in[16]                                              ; input  ; 3.3-V LVTTL  ;         ; Column I/O ; N               ; no       ; Off          ;
; R6       ; 63         ; 3        ; gates_out[12]                                             ; output ; 3.3-V LVTTL  ;         ; Column I/O ; N               ; no       ; Off          ;
; R7       ; 66         ; 3        ; gates_out[15]                                             ; output ; 3.3-V LVTTL  ;         ; Column I/O ; N               ; no       ; Off          ;
; R8       ; 72         ; 3        ; RESERVED_INPUT_WITH_WEAK_PULLUP                           ;        ;              ;         ; Column I/O ;                 ; no       ; On           ;
; R9       ; 74         ; 4        ; mod_a[9]                                                  ; input  ; 3.3-V LVTTL  ;         ; Column I/O ; N               ; no       ; Off          ;
; R10      ; 80         ; 4        ; mod_a[4]                                                  ; input  ; 3.3-V LVTTL  ;         ; Column I/O ; N               ; no       ; Off          ;
; R11      ; 83         ; 4        ; RESERVED_INPUT_WITH_WEAK_PULLUP                           ;        ;              ;         ; Column I/O ;                 ; no       ; On           ;
; R12      ; 85         ; 4        ; RESERVED_INPUT_WITH_WEAK_PULLUP                           ;        ;              ;         ; Column I/O ;                 ; no       ; On           ;
; R13      ; 91         ; 4        ; RESERVED_INPUT_WITH_WEAK_PULLUP                           ;        ;              ;         ; Column I/O ;                 ; no       ; On           ;
; R14      ; 97         ; 4        ; RESERVED_INPUT_WITH_WEAK_PULLUP                           ;        ;              ;         ; Column I/O ;                 ; no       ; On           ;
; R15      ;            ;          ; GND                                                       ; gnd    ;              ;         ; --         ;                 ; --       ; --           ;
; R16      ; 109        ; 5        ; gates_in[12]                                              ; input  ; 3.3-V LVTTL  ;         ; Row I/O    ; N               ; no       ; Off          ;
; T1       ;            ; 3        ; VCCIO3                                                    ; power  ;              ; 3.3V    ; --         ;                 ; --       ; --           ;
; T2       ; 52         ; 3        ; cap_high_time[15]                                         ; output ; 3.3-V LVTTL  ;         ; Column I/O ; N               ; no       ; Off          ;
; T3       ; 48         ; 3        ; RESERVED_INPUT_WITH_WEAK_PULLUP                           ;        ;              ;         ; Column I/O ;                 ; no       ; On           ;
; T4       ; 54         ; 3        ; gates_in[19]                                              ; input  ; 3.3-V LVTTL  ;         ; Column I/O ; N               ; no       ; Off          ;
; T5       ; 62         ; 3        ; gates_out[17]                                             ; output ; 3.3-V LVTTL  ;         ; Column I/O ; N               ; no       ; Off          ;
; T6       ; 64         ; 3        ; gates_out[16]                                             ; output ; 3.3-V LVTTL  ;         ; Column I/O ; N               ; no       ; Off          ;
; T7       ; 67         ; 3        ; gates_out[20]                                             ; output ; 3.3-V LVTTL  ;         ; Column I/O ; N               ; no       ; Off          ;
; T8       ; 73         ; 3        ; mod_b[15]                                                 ; input  ; 3.3-V LVTTL  ;         ; Column I/O ; N               ; no       ; Off          ;
; T9       ; 75         ; 4        ; mod_a[1]                                                  ; input  ; 3.3-V LVTTL  ;         ; Column I/O ; N               ; no       ; Off          ;
; T10      ; 81         ; 4        ; mod_a[14]                                                 ; input  ; 3.3-V LVTTL  ;         ; Column I/O ; N               ; no       ; Off          ;
; T11      ; 84         ; 4        ; RESERVED_INPUT_WITH_WEAK_PULLUP                           ;        ;              ;         ; Column I/O ;                 ; no       ; On           ;
; T12      ; 86         ; 4        ; gates_in[13]                                              ; input  ; 3.3-V LVTTL  ;         ; Column I/O ; N               ; no       ; Off          ;
; T13      ; 92         ; 4        ; RESERVED_INPUT_WITH_WEAK_PULLUP                           ;        ;              ;         ; Column I/O ;                 ; no       ; On           ;
; T14      ; 95         ; 4        ; RESERVED_INPUT_WITH_WEAK_PULLUP                           ;        ;              ;         ; Column I/O ;                 ; no       ; On           ;
; T15      ; 96         ; 4        ; RESERVED_INPUT_WITH_WEAK_PULLUP                           ;        ;              ;         ; Column I/O ;                 ; no       ; On           ;
; T16      ;            ; 4        ; VCCIO4                                                    ; power  ;              ; 3.3V    ; --         ;                 ; --       ; --           ;
+----------+------------+----------+-----------------------------------------------------------+--------+--------------+---------+------------+-----------------+----------+--------------+
Note: Pin directions (input, output or bidir) are based on device operating in user mode.


+--------------------------------------------------------------------------------------------------------------------------+
; PLL Summary                                                                                                              ;
+-------------------------------+------------------------------------------------------------------------------------------+
; Name                          ; pll_50m_to_150m:u_pll|altpll:altpll_component|pll_50m_to_150m_altpll:auto_generated|pll1 ;
+-------------------------------+------------------------------------------------------------------------------------------+
; SDC pin name                  ; u_pll|altpll_component|auto_generated|pll1                                               ;
; PLL mode                      ; Normal                                                                                   ;
; Compensate clock              ; clock0                                                                                   ;
; Compensated input/output pins ; --                                                                                       ;
; Switchover type               ; --                                                                                       ;
; Input frequency 0             ; 50.0 MHz                                                                                 ;
; Input frequency 1             ; --                                                                                       ;
; Nominal PFD frequency         ; 50.0 MHz                                                                                 ;
; Nominal VCO frequency         ; 599.9 MHz                                                                                ;
; VCO post scale K counter      ; 2                                                                                        ;
; VCO frequency control         ; Auto                                                                                     ;
; VCO phase shift step          ; 208 ps                                                                                   ;
; VCO multiply                  ; --                                                                                       ;
; VCO divide                    ; --                                                                                       ;
; Freq min lock                 ; 25.0 MHz                                                                                 ;
; Freq max lock                 ; 54.18 MHz                                                                                ;
; M VCO Tap                     ; 0                                                                                        ;
; M Initial                     ; 1                                                                                        ;
; M value                       ; 12                                                                                       ;
; N value                       ; 1                                                                                        ;
; Charge pump current           ; setting 1                                                                                ;
; Loop filter resistance        ; setting 27                                                                               ;
; Loop filter capacitance       ; setting 0                                                                                ;
; Bandwidth                     ; 680 kHz to 980 kHz                                                                       ;
; Bandwidth type                ; Medium                                                                                   ;
; Real time reconfigurable      ; Off                                                                                      ;
; Scan chain MIF file           ; --                                                                                       ;
; Preserve PLL counter order    ; Off                                                                                      ;
; PLL location                  ; PLL_1                                                                                    ;
; Inclk0 signal                 ; clk_50m                                                                                  ;
; Inclk1 signal                 ; --                                                                                       ;
; Inclk0 signal type            ; Dedicated Pin                                                                            ;
; Inclk1 signal type            ; --                                                                                       ;
+-------------------------------+------------------------------------------------------------------------------------------+


+----------------------------------------------------------------------------------------------------------------------------------------------------------------------------------------------------------------------------------------------------------------------------------------------------------------------------------+
; PLL Usage                                                                                                                                                                                                                                                                                                                        ;
+------------------------------------------------------------------------------------------------------+--------------+------+-----+------------------+-------------+------------------+------------+---------+---------------+------------+---------------+---------+---------+---------------------------------------------------+
; Name                                                                                                 ; Output Clock ; Mult ; Div ; Output Frequency ; Phase Shift ; Phase Shift Step ; Duty Cycle ; Counter ; Counter Value ; High / Low ; Cascade Input ; Initial ; VCO Tap ; SDC Pin Name                                      ;
+------------------------------------------------------------------------------------------------------+--------------+------+-----+------------------+-------------+------------------+------------+---------+---------------+------------+---------------+---------+---------+---------------------------------------------------+
; pll_50m_to_150m:u_pll|altpll:altpll_component|pll_50m_to_150m_altpll:auto_generated|wire_pll1_clk[0] ; clock0       ; 3    ; 1   ; 150.0 MHz        ; 0 (0 ps)    ; 11.25 (208 ps)   ; 50/50      ; C0      ; 4             ; 2/2 Even   ; --            ; 1       ; 0       ; u_pll|altpll_component|auto_generated|pll1|clk[0] ;
+------------------------------------------------------------------------------------------------------+--------------+------+-----+------------------+-------------+------------------+------------+---------+---------------+------------+---------------+---------+---------+---------------------------------------------------+


+-----------------------------------------------------------------------------------------------------------------------------------------------------------------------------------------------------------------------------------------------------------------------------------------------------------------------------------------------------------------+
; Fitter Resource Utilization by Entity                                                                                                                                                                                                                                                                                                                           ;
+--------------------------------------------------+-------------+---------------------------+---------------+-------------+------+--------------+---------+-----------+------+--------------+--------------+-------------------+------------------+-----------------------------------------------------------------------------------------------+--------------+
; Compilation Hierarchy Node                       ; Logic Cells ; Dedicated Logic Registers ; I/O Registers ; Memory Bits ; M9Ks ; DSP Elements ; DSP 9x9 ; DSP 18x18 ; Pins ; Virtual Pins ; LUT-Only LCs ; Register-Only LCs ; LUT/Register LCs ; Full Hierarchy Name                                                                           ; Library Name ;
+--------------------------------------------------+-------------+---------------------------+---------------+-------------+------+--------------+---------+-----------+------+--------------+--------------+-------------------+------------------+-----------------------------------------------------------------------------------------------+--------------+
; |CPLD_pwm                                        ; 443 (24)    ; 119 (0)                   ; 0 (0)         ; 0           ; 0    ; 6            ; 0       ; 3         ; 133  ; 0            ; 324 (22)     ; 57 (0)            ; 62 (2)           ; |CPLD_pwm                                                                                     ; work         ;
;    |CPLD_pwm_carrier:u_carrier|                  ; 57 (57)     ; 13 (13)                   ; 0 (0)         ; 0           ; 0    ; 0            ; 0       ; 0         ; 0    ; 0            ; 44 (44)      ; 0 (0)             ; 13 (13)          ; |CPLD_pwm|CPLD_pwm_carrier:u_carrier                                                          ; work         ;
;    |CPLD_pwm_phase:u_phase_a|                    ; 89 (89)     ; 4 (4)                     ; 0 (0)         ; 0           ; 0    ; 2            ; 0       ; 1         ; 0    ; 0            ; 85 (85)      ; 0 (0)             ; 4 (4)            ; |CPLD_pwm|CPLD_pwm_phase:u_phase_a                                                            ; work         ;
;       |lpm_mult:Mult0|                           ; 0 (0)       ; 0 (0)                     ; 0 (0)         ; 0           ; 0    ; 2            ; 0       ; 1         ; 0    ; 0            ; 0 (0)        ; 0 (0)             ; 0 (0)            ; |CPLD_pwm|CPLD_pwm_phase:u_phase_a|lpm_mult:Mult0                                             ; work         ;
;          |mult_j9t:auto_generated|               ; 0 (0)       ; 0 (0)                     ; 0 (0)         ; 0           ; 0    ; 2            ; 0       ; 1         ; 0    ; 0            ; 0 (0)        ; 0 (0)             ; 0 (0)            ; |CPLD_pwm|CPLD_pwm_phase:u_phase_a|lpm_mult:Mult0|mult_j9t:auto_generated                     ; work         ;
;    |CPLD_pwm_phase:u_phase_b|                    ; 89 (89)     ; 4 (4)                     ; 0 (0)         ; 0           ; 0    ; 2            ; 0       ; 1         ; 0    ; 0            ; 85 (85)      ; 0 (0)             ; 4 (4)            ; |CPLD_pwm|CPLD_pwm_phase:u_phase_b                                                            ; work         ;
;       |lpm_mult:Mult0|                           ; 0 (0)       ; 0 (0)                     ; 0 (0)         ; 0           ; 0    ; 2            ; 0       ; 1         ; 0    ; 0            ; 0 (0)        ; 0 (0)             ; 0 (0)            ; |CPLD_pwm|CPLD_pwm_phase:u_phase_b|lpm_mult:Mult0                                             ; work         ;
;          |mult_j9t:auto_generated|               ; 0 (0)       ; 0 (0)                     ; 0 (0)         ; 0           ; 0    ; 2            ; 0       ; 1         ; 0    ; 0            ; 0 (0)        ; 0 (0)             ; 0 (0)            ; |CPLD_pwm|CPLD_pwm_phase:u_phase_b|lpm_mult:Mult0|mult_j9t:auto_generated                     ; work         ;
;    |CPLD_pwm_phase:u_phase_c|                    ; 90 (90)     ; 4 (4)                     ; 0 (0)         ; 0           ; 0    ; 2            ; 0       ; 1         ; 0    ; 0            ; 86 (86)      ; 0 (0)             ; 4 (4)            ; |CPLD_pwm|CPLD_pwm_phase:u_phase_c                                                            ; work         ;
;       |lpm_mult:Mult0|                           ; 0 (0)       ; 0 (0)                     ; 0 (0)         ; 0           ; 0    ; 2            ; 0       ; 1         ; 0    ; 0            ; 0 (0)        ; 0 (0)             ; 0 (0)            ; |CPLD_pwm|CPLD_pwm_phase:u_phase_c|lpm_mult:Mult0                                             ; work         ;
;          |mult_j9t:auto_generated|               ; 0 (0)       ; 0 (0)                     ; 0 (0)         ; 0           ; 0    ; 2            ; 0       ; 1         ; 0    ; 0            ; 0 (0)        ; 0 (0)             ; 0 (0)            ; |CPLD_pwm|CPLD_pwm_phase:u_phase_c|lpm_mult:Mult0|mult_j9t:auto_generated                     ; work         ;
;    |pll_50m_to_150m:u_pll|                       ; 2 (0)       ; 1 (0)                     ; 0 (0)         ; 0           ; 0    ; 0            ; 0       ; 0         ; 0    ; 0            ; 1 (0)        ; 0 (0)             ; 1 (0)            ; |CPLD_pwm|pll_50m_to_150m:u_pll                                                               ; work         ;
;       |altpll:altpll_component|                  ; 2 (0)       ; 1 (0)                     ; 0 (0)         ; 0           ; 0    ; 0            ; 0       ; 0         ; 0    ; 0            ; 1 (0)        ; 0 (0)             ; 1 (0)            ; |CPLD_pwm|pll_50m_to_150m:u_pll|altpll:altpll_component                                       ; work         ;
;          |pll_50m_to_150m_altpll:auto_generated| ; 2 (2)       ; 1 (1)                     ; 0 (0)         ; 0           ; 0    ; 0            ; 0       ; 0         ; 0    ; 0            ; 1 (1)        ; 0 (0)             ; 1 (1)            ; |CPLD_pwm|pll_50m_to_150m:u_pll|altpll:altpll_component|pll_50m_to_150m_altpll:auto_generated ; work         ;
;    |pwm_capture:u_pwm_cap|                       ; 70 (70)     ; 69 (69)                   ; 0 (0)         ; 0           ; 0    ; 0            ; 0       ; 0         ; 0    ; 0            ; 1 (1)        ; 35 (35)           ; 34 (34)          ; |CPLD_pwm|pwm_capture:u_pwm_cap                                                               ; work         ;
;    |sync_2ff:u_sync_a_h1_0|                      ; 2 (2)       ; 2 (2)                     ; 0 (0)         ; 0           ; 0    ; 0            ; 0       ; 0         ; 0    ; 0            ; 0 (0)        ; 2 (2)             ; 0 (0)            ; |CPLD_pwm|sync_2ff:u_sync_a_h1_0                                                              ; work         ;
;    |sync_2ff:u_sync_a_h1_1|                      ; 2 (2)       ; 2 (2)                     ; 0 (0)         ; 0           ; 0    ; 0            ; 0       ; 0         ; 0    ; 0            ; 0 (0)        ; 2 (2)             ; 0 (0)            ; |CPLD_pwm|sync_2ff:u_sync_a_h1_1                                                              ; work         ;
;    |sync_2ff:u_sync_a_h1_2|                      ; 2 (2)       ; 2 (2)                     ; 0 (0)         ; 0           ; 0    ; 0            ; 0       ; 0         ; 0    ; 0            ; 0 (0)        ; 1 (1)             ; 1 (1)            ; |CPLD_pwm|sync_2ff:u_sync_a_h1_2                                                              ; work         ;
;    |sync_2ff:u_sync_a_h1_3|                      ; 2 (2)       ; 2 (2)                     ; 0 (0)         ; 0           ; 0    ; 0            ; 0       ; 0         ; 0    ; 0            ; 0 (0)        ; 1 (1)             ; 1 (1)            ; |CPLD_pwm|sync_2ff:u_sync_a_h1_3                                                              ; work         ;
;    |sync_2ff:u_sync_b_h1_0|                      ; 2 (2)       ; 2 (2)                     ; 0 (0)         ; 0           ; 0    ; 0            ; 0       ; 0         ; 0    ; 0            ; 0 (0)        ; 2 (2)             ; 0 (0)            ; |CPLD_pwm|sync_2ff:u_sync_b_h1_0                                                              ; work         ;
;    |sync_2ff:u_sync_b_h1_1|                      ; 2 (2)       ; 2 (2)                     ; 0 (0)         ; 0           ; 0    ; 0            ; 0       ; 0         ; 0    ; 0            ; 0 (0)        ; 2 (2)             ; 0 (0)            ; |CPLD_pwm|sync_2ff:u_sync_b_h1_1                                                              ; work         ;
;    |sync_2ff:u_sync_b_h1_2|                      ; 2 (2)       ; 2 (2)                     ; 0 (0)         ; 0           ; 0    ; 0            ; 0       ; 0         ; 0    ; 0            ; 0 (0)        ; 2 (2)             ; 0 (0)            ; |CPLD_pwm|sync_2ff:u_sync_b_h1_2                                                              ; work         ;
;    |sync_2ff:u_sync_b_h1_3|                      ; 2 (2)       ; 2 (2)                     ; 0 (0)         ; 0           ; 0    ; 0            ; 0       ; 0         ; 0    ; 0            ; 0 (0)        ; 2 (2)             ; 0 (0)            ; |CPLD_pwm|sync_2ff:u_sync_b_h1_3                                                              ; work         ;
;    |sync_2ff:u_sync_c_h1_0|                      ; 2 (2)       ; 2 (2)                     ; 0 (0)         ; 0           ; 0    ; 0            ; 0       ; 0         ; 0    ; 0            ; 0 (0)        ; 2 (2)             ; 0 (0)            ; |CPLD_pwm|sync_2ff:u_sync_c_h1_0                                                              ; work         ;
;    |sync_2ff:u_sync_c_h1_1|                      ; 2 (2)       ; 2 (2)                     ; 0 (0)         ; 0           ; 0    ; 0            ; 0       ; 0         ; 0    ; 0            ; 0 (0)        ; 2 (2)             ; 0 (0)            ; |CPLD_pwm|sync_2ff:u_sync_c_h1_1                                                              ; work         ;
;    |sync_2ff:u_sync_c_h1_2|                      ; 2 (2)       ; 2 (2)                     ; 0 (0)         ; 0           ; 0    ; 0            ; 0       ; 0         ; 0    ; 0            ; 0 (0)        ; 2 (2)             ; 0 (0)            ; |CPLD_pwm|sync_2ff:u_sync_c_h1_2                                                              ; work         ;
;    |sync_2ff:u_sync_c_h1_3|                      ; 2 (2)       ; 2 (2)                     ; 0 (0)         ; 0           ; 0    ; 0            ; 0       ; 0         ; 0    ; 0            ; 0 (0)        ; 2 (2)             ; 0 (0)            ; |CPLD_pwm|sync_2ff:u_sync_c_h1_3                                                              ; work         ;
+--------------------------------------------------+-------------+---------------------------+---------------+-------------+------+--------------+---------+-----------+------+--------------+--------------+-------------------+------------------+-----------------------------------------------------------------------------------------------+--------------+
Note: For table entries with two numbers listed, the numbers in parentheses indicate the number of resources of the given type used by the specific entity alone. The numbers listed outside of parentheses indicate the total resources of the given type used by the specific entity and all of its sub-entities in the hierarchy.


+---------------------------------------------------------------------------------------------------+
; Delay Chain Summary                                                                               ;
+-------------------+----------+---------------+---------------+-----------------------+-----+------+
; Name              ; Pin Type ; Pad to Core 0 ; Pad to Core 1 ; Pad to Input Register ; TCO ; TCOE ;
+-------------------+----------+---------------+---------------+-----------------------+-----+------+
; gates_in[12]      ; Input    ; --            ; --            ; --                    ; --  ; --   ;
; gates_in[13]      ; Input    ; --            ; --            ; --                    ; --  ; --   ;
; gates_in[14]      ; Input    ; --            ; --            ; --                    ; --  ; --   ;
; gates_in[15]      ; Input    ; --            ; --            ; --                    ; --  ; --   ;
; gates_in[16]      ; Input    ; --            ; --            ; --                    ; --  ; --   ;
; gates_in[17]      ; Input    ; --            ; --            ; --                    ; --  ; --   ;
; gates_in[18]      ; Input    ; --            ; --            ; --                    ; --  ; --   ;
; gates_in[19]      ; Input    ; --            ; --            ; --                    ; --  ; --   ;
; gates_in[20]      ; Input    ; --            ; --            ; --                    ; --  ; --   ;
; gates_in[21]      ; Input    ; --            ; --            ; --                    ; --  ; --   ;
; gates_in[22]      ; Input    ; --            ; --            ; --                    ; --  ; --   ;
; gates_in[23]      ; Input    ; --            ; --            ; --                    ; --  ; --   ;
; gates_out[0]      ; Output   ; --            ; --            ; --                    ; --  ; --   ;
; gates_out[1]      ; Output   ; --            ; --            ; --                    ; --  ; --   ;
; gates_out[2]      ; Output   ; --            ; --            ; --                    ; --  ; --   ;
; gates_out[3]      ; Output   ; --            ; --            ; --                    ; --  ; --   ;
; gates_out[4]      ; Output   ; --            ; --            ; --                    ; --  ; --   ;
; gates_out[5]      ; Output   ; --            ; --            ; --                    ; --  ; --   ;
; gates_out[6]      ; Output   ; --            ; --            ; --                    ; --  ; --   ;
; gates_out[7]      ; Output   ; --            ; --            ; --                    ; --  ; --   ;
; gates_out[8]      ; Output   ; --            ; --            ; --                    ; --  ; --   ;
; gates_out[9]      ; Output   ; --            ; --            ; --                    ; --  ; --   ;
; gates_out[10]     ; Output   ; --            ; --            ; --                    ; --  ; --   ;
; gates_out[11]     ; Output   ; --            ; --            ; --                    ; --  ; --   ;
; gates_out[12]     ; Output   ; --            ; --            ; --                    ; --  ; --   ;
; gates_out[13]     ; Output   ; --            ; --            ; --                    ; --  ; --   ;
; gates_out[14]     ; Output   ; --            ; --            ; --                    ; --  ; --   ;
; gates_out[15]     ; Output   ; --            ; --            ; --                    ; --  ; --   ;
; gates_out[16]     ; Output   ; --            ; --            ; --                    ; --  ; --   ;
; gates_out[17]     ; Output   ; --            ; --            ; --                    ; --  ; --   ;
; gates_out[18]     ; Output   ; --            ; --            ; --                    ; --  ; --   ;
; gates_out[19]     ; Output   ; --            ; --            ; --                    ; --  ; --   ;
; gates_out[20]     ; Output   ; --            ; --            ; --                    ; --  ; --   ;
; gates_out[21]     ; Output   ; --            ; --            ; --                    ; --  ; --   ;
; gates_out[22]     ; Output   ; --            ; --            ; --                    ; --  ; --   ;
; gates_out[23]     ; Output   ; --            ; --            ; --                    ; --  ; --   ;
; cap_period[0]     ; Output   ; --            ; --            ; --                    ; --  ; --   ;
; cap_period[1]     ; Output   ; --            ; --            ; --                    ; --  ; --   ;
; cap_period[2]     ; Output   ; --            ; --            ; --                    ; --  ; --   ;
; cap_period[3]     ; Output   ; --            ; --            ; --                    ; --  ; --   ;
; cap_period[4]     ; Output   ; --            ; --            ; --                    ; --  ; --   ;
; cap_period[5]     ; Output   ; --            ; --            ; --                    ; --  ; --   ;
; cap_period[6]     ; Output   ; --            ; --            ; --                    ; --  ; --   ;
; cap_period[7]     ; Output   ; --            ; --            ; --                    ; --  ; --   ;
; cap_period[8]     ; Output   ; --            ; --            ; --                    ; --  ; --   ;
; cap_period[9]     ; Output   ; --            ; --            ; --                    ; --  ; --   ;
; cap_period[10]    ; Output   ; --            ; --            ; --                    ; --  ; --   ;
; cap_period[11]    ; Output   ; --            ; --            ; --                    ; --  ; --   ;
; cap_period[12]    ; Output   ; --            ; --            ; --                    ; --  ; --   ;
; cap_period[13]    ; Output   ; --            ; --            ; --                    ; --  ; --   ;
; cap_period[14]    ; Output   ; --            ; --            ; --                    ; --  ; --   ;
; cap_period[15]    ; Output   ; --            ; --            ; --                    ; --  ; --   ;
; cap_high_time[0]  ; Output   ; --            ; --            ; --                    ; --  ; --   ;
; cap_high_time[1]  ; Output   ; --            ; --            ; --                    ; --  ; --   ;
; cap_high_time[2]  ; Output   ; --            ; --            ; --                    ; --  ; --   ;
; cap_high_time[3]  ; Output   ; --            ; --            ; --                    ; --  ; --   ;
; cap_high_time[4]  ; Output   ; --            ; --            ; --                    ; --  ; --   ;
; cap_high_time[5]  ; Output   ; --            ; --            ; --                    ; --  ; --   ;
; cap_high_time[6]  ; Output   ; --            ; --            ; --                    ; --  ; --   ;
; cap_high_time[7]  ; Output   ; --            ; --            ; --                    ; --  ; --   ;
; cap_high_time[8]  ; Output   ; --            ; --            ; --                    ; --  ; --   ;
; cap_high_time[9]  ; Output   ; --            ; --            ; --                    ; --  ; --   ;
; cap_high_time[10] ; Output   ; --            ; --            ; --                    ; --  ; --   ;
; cap_high_time[11] ; Output   ; --            ; --            ; --                    ; --  ; --   ;
; cap_high_time[12] ; Output   ; --            ; --            ; --                    ; --  ; --   ;
; cap_high_time[13] ; Output   ; --            ; --            ; --                    ; --  ; --   ;
; cap_high_time[14] ; Output   ; --            ; --            ; --                    ; --  ; --   ;
; cap_high_time[15] ; Output   ; --            ; --            ; --                    ; --  ; --   ;
; cap_valid         ; Output   ; --            ; --            ; --                    ; --  ; --   ;
; pll_locked        ; Output   ; --            ; --            ; --                    ; --  ; --   ;
; rst_n             ; Input    ; (0) 0 ps      ; --            ; --                    ; --  ; --   ;
; clk_50m           ; Input    ; --            ; --            ; --                    ; --  ; --   ;
; mod_a[0]          ; Input    ; --            ; (6) 1314 ps   ; --                    ; --  ; --   ;
; mod_a[15]         ; Input    ; --            ; (6) 1314 ps   ; --                    ; --  ; --   ;
; mod_a[9]          ; Input    ; --            ; (6) 1314 ps   ; --                    ; --  ; --   ;
; mod_a[8]          ; Input    ; --            ; (6) 1314 ps   ; --                    ; --  ; --   ;
; mod_a[7]          ; Input    ; (6) 1314 ps   ; --            ; --                    ; --  ; --   ;
; mod_a[4]          ; Input    ; (6) 1314 ps   ; --            ; --                    ; --  ; --   ;
; mod_a[5]          ; Input    ; (6) 1314 ps   ; --            ; --                    ; --  ; --   ;
; mod_a[6]          ; Input    ; (6) 1314 ps   ; --            ; --                    ; --  ; --   ;
; mod_a[14]         ; Input    ; (6) 1314 ps   ; --            ; --                    ; --  ; --   ;
; mod_a[10]         ; Input    ; --            ; (6) 1314 ps   ; --                    ; --  ; --   ;
; mod_a[11]         ; Input    ; --            ; (6) 1314 ps   ; --                    ; --  ; --   ;
; mod_a[12]         ; Input    ; --            ; (6) 1314 ps   ; --                    ; --  ; --   ;
; mod_a[13]         ; Input    ; --            ; (6) 1314 ps   ; --                    ; --  ; --   ;
; mod_a[1]          ; Input    ; (6) 1314 ps   ; --            ; --                    ; --  ; --   ;
; mod_a[2]          ; Input    ; (6) 1314 ps   ; --            ; --                    ; --  ; --   ;
; mod_a[3]          ; Input    ; (6) 1314 ps   ; --            ; --                    ; --  ; --   ;
; mod_b[0]          ; Input    ; (6) 1314 ps   ; --            ; --                    ; --  ; --   ;
; mod_b[9]          ; Input    ; --            ; (6) 1314 ps   ; --                    ; --  ; --   ;
; mod_b[10]         ; Input    ; (6) 1314 ps   ; --            ; --                    ; --  ; --   ;
; mod_b[11]         ; Input    ; (6) 1314 ps   ; --            ; --                    ; --  ; --   ;
; mod_b[12]         ; Input    ; (6) 1314 ps   ; --            ; --                    ; --  ; --   ;
; mod_b[13]         ; Input    ; (6) 1314 ps   ; --            ; --                    ; --  ; --   ;
; mod_b[14]         ; Input    ; (6) 1314 ps   ; --            ; --                    ; --  ; --   ;
; mod_b[4]          ; Input    ; (6) 1314 ps   ; --            ; --                    ; --  ; --   ;
; mod_b[5]          ; Input    ; (6) 1314 ps   ; --            ; --                    ; --  ; --   ;
; mod_b[6]          ; Input    ; --            ; (6) 1314 ps   ; --                    ; --  ; --   ;
; mod_b[8]          ; Input    ; (6) 1314 ps   ; --            ; --                    ; --  ; --   ;
; mod_b[7]          ; Input    ; (6) 1314 ps   ; --            ; --                    ; --  ; --   ;
; mod_b[2]          ; Input    ; --            ; (6) 1314 ps   ; --                    ; --  ; --   ;
; mod_b[3]          ; Input    ; (6) 1314 ps   ; --            ; --                    ; --  ; --   ;
; mod_b[1]          ; Input    ; (6) 1314 ps   ; --            ; --                    ; --  ; --   ;
; mod_b[15]         ; Input    ; (6) 1314 ps   ; --            ; --                    ; --  ; --   ;
; mod_c[0]          ; Input    ; (6) 1314 ps   ; --            ; --                    ; --  ; --   ;
; mod_c[15]         ; Input    ; --            ; (6) 1314 ps   ; --                    ; --  ; --   ;
; mod_c[9]          ; Input    ; (6) 1314 ps   ; --            ; --                    ; --  ; --   ;
; mod_c[8]          ; Input    ; (6) 1314 ps   ; --            ; --                    ; --  ; --   ;
; mod_c[7]          ; Input    ; (0) 0 ps      ; --            ; --                    ; --  ; --   ;
; mod_c[4]          ; Input    ; (0) 0 ps      ; --            ; --                    ; --  ; --   ;
; mod_c[5]          ; Input    ; --            ; (6) 1314 ps   ; --                    ; --  ; --   ;
; mod_c[6]          ; Input    ; (0) 0 ps      ; --            ; --                    ; --  ; --   ;
; mod_c[14]         ; Input    ; (0) 0 ps      ; --            ; --                    ; --  ; --   ;
; mod_c[10]         ; Input    ; (6) 1314 ps   ; --            ; --                    ; --  ; --   ;
; mod_c[11]         ; Input    ; --            ; (6) 1314 ps   ; --                    ; --  ; --   ;
; mod_c[12]         ; Input    ; --            ; (6) 1314 ps   ; --                    ; --  ; --   ;
; mod_c[13]         ; Input    ; (6) 1314 ps   ; --            ; --                    ; --  ; --   ;
; mod_c[1]          ; Input    ; --            ; (6) 1314 ps   ; --                    ; --  ; --   ;
; mod_c[2]          ; Input    ; --            ; (6) 1314 ps   ; --                    ; --  ; --   ;
; mod_c[3]          ; Input    ; (6) 1314 ps   ; --            ; --                    ; --  ; --   ;
; gates_in[0]       ; Input    ; (6) 1314 ps   ; --            ; --                    ; --  ; --   ;
; gates_in[1]       ; Input    ; (6) 1314 ps   ; --            ; --                    ; --  ; --   ;
; gates_in[2]       ; Input    ; (6) 1314 ps   ; --            ; --                    ; --  ; --   ;
; gates_in[3]       ; Input    ; --            ; (6) 1314 ps   ; --                    ; --  ; --   ;
; gates_in[4]       ; Input    ; (6) 1314 ps   ; --            ; --                    ; --  ; --   ;
; gates_in[5]       ; Input    ; (6) 1314 ps   ; --            ; --                    ; --  ; --   ;
; gates_in[6]       ; Input    ; --            ; (6) 1314 ps   ; --                    ; --  ; --   ;
; gates_in[7]       ; Input    ; (6) 1314 ps   ; --            ; --                    ; --  ; --   ;
; gates_in[8]       ; Input    ; --            ; (6) 1314 ps   ; --                    ; --  ; --   ;
; gates_in[9]       ; Input    ; --            ; (6) 1314 ps   ; --                    ; --  ; --   ;
; gates_in[10]      ; Input    ; --            ; (6) 1314 ps   ; --                    ; --  ; --   ;
; gates_in[11]      ; Input    ; --            ; (6) 1314 ps   ; --                    ; --  ; --   ;
; pwm_cap_in        ; Input    ; --            ; (6) 1314 ps   ; --                    ; --  ; --   ;
+-------------------+----------+---------------+---------------+-----------------------+-----+------+


+----------------------------------------------------------------------------------+
; Pad To Core Delay Chain Fanout                                                   ;
+----------------------------------------------------+-------------------+---------+
; Source Pin / Fanout                                ; Pad To Core Index ; Setting ;
+----------------------------------------------------+-------------------+---------+
; gates_in[12]                                       ;                   ;         ;
; gates_in[13]                                       ;                   ;         ;
; gates_in[14]                                       ;                   ;         ;
; gates_in[15]                                       ;                   ;         ;
; gates_in[16]                                       ;                   ;         ;
; gates_in[17]                                       ;                   ;         ;
; gates_in[18]                                       ;                   ;         ;
; gates_in[19]                                       ;                   ;         ;
; gates_in[20]                                       ;                   ;         ;
; gates_in[21]                                       ;                   ;         ;
; gates_in[22]                                       ;                   ;         ;
; gates_in[23]                                       ;                   ;         ;
; rst_n                                              ;                   ;         ;
; clk_50m                                            ;                   ;         ;
; mod_a[0]                                           ;                   ;         ;
;      - CPLD_pwm_phase:u_phase_a|Add0~0             ; 1                 ; 6       ;
;      - CPLD_pwm_phase:u_phase_a|mod_abs~1          ; 1                 ; 6       ;
;      - CPLD_pwm_phase:u_phase_a|Add0~2             ; 1                 ; 6       ;
; mod_a[15]                                          ;                   ;         ;
;      - CPLD_pwm_phase:u_phase_a|Add0~45            ; 1                 ; 6       ;
;      - CPLD_pwm_phase:u_phase_a|Add0~48            ; 1                 ; 6       ;
;      - CPLD_pwm_phase:u_phase_a|mod_int~2          ; 1                 ; 6       ;
;      - CPLD_pwm_phase:u_phase_a|mod_int~3          ; 1                 ; 6       ;
;      - CPLD_pwm_phase:u_phase_a|Add0~2             ; 1                 ; 6       ;
;      - CPLD_pwm_phase:u_phase_a|h2_gates~1         ; 1                 ; 6       ;
;      - CPLD_pwm_phase:u_phase_a|h2_gates~2         ; 1                 ; 6       ;
;      - CPLD_pwm_phase:u_phase_a|h2_gates~3         ; 1                 ; 6       ;
;      - CPLD_pwm_phase:u_phase_a|h2_gates~4         ; 1                 ; 6       ;
;      - CPLD_pwm_phase:u_phase_a|Add0~5             ; 1                 ; 6       ;
;      - CPLD_pwm_phase:u_phase_a|Add0~8             ; 1                 ; 6       ;
;      - CPLD_pwm_phase:u_phase_a|Add0~11            ; 1                 ; 6       ;
;      - CPLD_pwm_phase:u_phase_a|Add0~14            ; 1                 ; 6       ;
;      - CPLD_pwm_phase:u_phase_a|mod_int~4          ; 1                 ; 6       ;
;      - CPLD_pwm_phase:u_phase_a|Add0~17            ; 1                 ; 6       ;
;      - CPLD_pwm_phase:u_phase_a|mod_int~5          ; 1                 ; 6       ;
;      - CPLD_pwm_phase:u_phase_a|Add0~20            ; 1                 ; 6       ;
;      - CPLD_pwm_phase:u_phase_a|mod_int~6          ; 1                 ; 6       ;
;      - CPLD_pwm_phase:u_phase_a|Add0~23            ; 1                 ; 6       ;
;      - CPLD_pwm_phase:u_phase_a|mod_int~7          ; 1                 ; 6       ;
;      - CPLD_pwm_phase:u_phase_a|Add0~26            ; 1                 ; 6       ;
;      - CPLD_pwm_phase:u_phase_a|mod_int~8          ; 1                 ; 6       ;
;      - CPLD_pwm_phase:u_phase_a|Add0~29            ; 1                 ; 6       ;
;      - CPLD_pwm_phase:u_phase_a|Add0~32            ; 1                 ; 6       ;
;      - CPLD_pwm_phase:u_phase_a|Add0~35            ; 1                 ; 6       ;
;      - CPLD_pwm_phase:u_phase_a|Add0~38            ; 1                 ; 6       ;
;      - CPLD_pwm_phase:u_phase_a|Add0~41            ; 1                 ; 6       ;
;      - CPLD_pwm_phase:u_phase_a|Add0~44            ; 1                 ; 6       ;
;      - CPLD_pwm_phase:u_phase_a|Add0~47            ; 1                 ; 6       ;
;      - CPLD_pwm_phase:u_phase_a|Add0~50            ; 1                 ; 6       ;
; mod_a[9]                                           ;                   ;         ;
;      - CPLD_pwm_phase:u_phase_a|mod_int~0          ; 1                 ; 6       ;
;      - CPLD_pwm_phase:u_phase_a|mod_abs~3          ; 1                 ; 6       ;
;      - CPLD_pwm_phase:u_phase_a|mod_int~8          ; 1                 ; 6       ;
;      - CPLD_pwm_phase:u_phase_a|Add0~29            ; 1                 ; 6       ;
; mod_a[8]                                           ;                   ;         ;
;      - CPLD_pwm_phase:u_phase_a|LessThan1~0        ; 1                 ; 6       ;
;      - CPLD_pwm_phase:u_phase_a|mod_int~0          ; 1                 ; 6       ;
;      - CPLD_pwm_phase:u_phase_a|LessThan0~0        ; 1                 ; 6       ;
;      - CPLD_pwm_phase:u_phase_a|mod_abs~2          ; 1                 ; 6       ;
;      - CPLD_pwm_phase:u_phase_a|mod_int~7          ; 1                 ; 6       ;
;      - CPLD_pwm_phase:u_phase_a|Add0~26            ; 1                 ; 6       ;
; mod_a[7]                                           ;                   ;         ;
;      - CPLD_pwm_phase:u_phase_a|mod_int~0          ; 0                 ; 6       ;
;      - CPLD_pwm_phase:u_phase_a|mod_abs~2          ; 0                 ; 6       ;
;      - CPLD_pwm_phase:u_phase_a|mod_int~6          ; 0                 ; 6       ;
;      - CPLD_pwm_phase:u_phase_a|Add0~23            ; 0                 ; 6       ;
; mod_a[4]                                           ;                   ;         ;
;      - CPLD_pwm_phase:u_phase_a|Add0~12            ; 0                 ; 6       ;
;      - CPLD_pwm_phase:u_phase_a|LessThan1~0        ; 0                 ; 6       ;
;      - CPLD_pwm_phase:u_phase_a|LessThan0~0        ; 0                 ; 6       ;
;      - CPLD_pwm_phase:u_phase_a|Add0~14            ; 0                 ; 6       ;
; mod_a[5]                                           ;                   ;         ;
;      - CPLD_pwm_phase:u_phase_a|LessThan1~0        ; 0                 ; 6       ;
;      - CPLD_pwm_phase:u_phase_a|LessThan0~0        ; 0                 ; 6       ;
;      - CPLD_pwm_phase:u_phase_a|mod_int~4          ; 0                 ; 6       ;
;      - CPLD_pwm_phase:u_phase_a|Add0~17            ; 0                 ; 6       ;
; mod_a[6]                                           ;                   ;         ;
;      - CPLD_pwm_phase:u_phase_a|LessThan1~0        ; 0                 ; 6       ;
;      - CPLD_pwm_phase:u_phase_a|LessThan0~0        ; 0                 ; 6       ;
;      - CPLD_pwm_phase:u_phase_a|mod_int~5          ; 0                 ; 6       ;
;      - CPLD_pwm_phase:u_phase_a|Add0~20            ; 0                 ; 6       ;
; mod_a[14]                                          ;                   ;         ;
;      - CPLD_pwm_phase:u_phase_a|Add0~42            ; 0                 ; 6       ;
;      - CPLD_pwm_phase:u_phase_a|mod_int~2          ; 0                 ; 6       ;
;      - CPLD_pwm_phase:u_phase_a|mod_abs~3          ; 0                 ; 6       ;
;      - CPLD_pwm_phase:u_phase_a|Add0~44            ; 0                 ; 6       ;
; mod_a[10]                                          ;                   ;         ;
;      - CPLD_pwm_phase:u_phase_a|Add0~30            ; 1                 ; 6       ;
;      - CPLD_pwm_phase:u_phase_a|mod_int~1          ; 1                 ; 6       ;
;      - CPLD_pwm_phase:u_phase_a|mod_abs~0          ; 1                 ; 6       ;
;      - CPLD_pwm_phase:u_phase_a|Add0~32            ; 1                 ; 6       ;
; mod_a[11]                                          ;                   ;         ;
;      - CPLD_pwm_phase:u_phase_a|Add0~33            ; 1                 ; 6       ;
;      - CPLD_pwm_phase:u_phase_a|mod_int~1          ; 1                 ; 6       ;
;      - CPLD_pwm_phase:u_phase_a|mod_abs~0          ; 1                 ; 6       ;
;      - CPLD_pwm_phase:u_phase_a|Add0~35            ; 1                 ; 6       ;
; mod_a[12]                                          ;                   ;         ;
;      - CPLD_pwm_phase:u_phase_a|Add0~36            ; 1                 ; 6       ;
;      - CPLD_pwm_phase:u_phase_a|mod_int~1          ; 1                 ; 6       ;
;      - CPLD_pwm_phase:u_phase_a|mod_abs~0          ; 1                 ; 6       ;
;      - CPLD_pwm_phase:u_phase_a|Add0~38            ; 1                 ; 6       ;
; mod_a[13]                                          ;                   ;         ;
;      - CPLD_pwm_phase:u_phase_a|Add0~39            ; 1                 ; 6       ;
;      - CPLD_pwm_phase:u_phase_a|mod_int~1          ; 1                 ; 6       ;
;      - CPLD_pwm_phase:u_phase_a|mod_abs~0          ; 1                 ; 6       ;
;      - CPLD_pwm_phase:u_phase_a|Add0~41            ; 1                 ; 6       ;
; mod_a[1]                                           ;                   ;         ;
;      - CPLD_pwm_phase:u_phase_a|Add0~3             ; 0                 ; 6       ;
;      - CPLD_pwm_phase:u_phase_a|mod_abs~1          ; 0                 ; 6       ;
;      - CPLD_pwm_phase:u_phase_a|Add0~5             ; 0                 ; 6       ;
; mod_a[2]                                           ;                   ;         ;
;      - CPLD_pwm_phase:u_phase_a|Add0~6             ; 0                 ; 6       ;
;      - CPLD_pwm_phase:u_phase_a|mod_abs~1          ; 0                 ; 6       ;
;      - CPLD_pwm_phase:u_phase_a|Add0~8             ; 0                 ; 6       ;
; mod_a[3]                                           ;                   ;         ;
;      - CPLD_pwm_phase:u_phase_a|Add0~9             ; 0                 ; 6       ;
;      - CPLD_pwm_phase:u_phase_a|mod_abs~1          ; 0                 ; 6       ;
;      - CPLD_pwm_phase:u_phase_a|Add0~11            ; 0                 ; 6       ;
; mod_b[0]                                           ;                   ;         ;
;      - CPLD_pwm_phase:u_phase_b|Add0~0             ; 0                 ; 6       ;
;      - CPLD_pwm_phase:u_phase_b|mod_abs~1          ; 0                 ; 6       ;
;      - CPLD_pwm_phase:u_phase_b|Add0~2             ; 0                 ; 6       ;
; mod_b[9]                                           ;                   ;         ;
;      - CPLD_pwm_phase:u_phase_b|mod_abs~3          ; 1                 ; 6       ;
;      - CPLD_pwm_phase:u_phase_b|mod_int~0          ; 1                 ; 6       ;
;      - CPLD_pwm_phase:u_phase_b|mod_int~8          ; 1                 ; 6       ;
;      - CPLD_pwm_phase:u_phase_b|Add0~29            ; 1                 ; 6       ;
; mod_b[10]                                          ;                   ;         ;
;      - CPLD_pwm_phase:u_phase_b|Add0~30            ; 0                 ; 6       ;
;      - CPLD_pwm_phase:u_phase_b|mod_abs~0          ; 0                 ; 6       ;
;      - CPLD_pwm_phase:u_phase_b|mod_int~1          ; 0                 ; 6       ;
;      - CPLD_pwm_phase:u_phase_b|Add0~32            ; 0                 ; 6       ;
; mod_b[11]                                          ;                   ;         ;
;      - CPLD_pwm_phase:u_phase_b|Add0~33            ; 0                 ; 6       ;
;      - CPLD_pwm_phase:u_phase_b|mod_abs~0          ; 0                 ; 6       ;
;      - CPLD_pwm_phase:u_phase_b|mod_int~1          ; 0                 ; 6       ;
;      - CPLD_pwm_phase:u_phase_b|Add0~35            ; 0                 ; 6       ;
; mod_b[12]                                          ;                   ;         ;
;      - CPLD_pwm_phase:u_phase_b|Add0~36            ; 0                 ; 6       ;
;      - CPLD_pwm_phase:u_phase_b|mod_abs~0          ; 0                 ; 6       ;
;      - CPLD_pwm_phase:u_phase_b|mod_int~2          ; 0                 ; 6       ;
;      - CPLD_pwm_phase:u_phase_b|Add0~38            ; 0                 ; 6       ;
; mod_b[13]                                          ;                   ;         ;
;      - CPLD_pwm_phase:u_phase_b|Add0~39            ; 0                 ; 6       ;
;      - CPLD_pwm_phase:u_phase_b|mod_abs~0          ; 0                 ; 6       ;
;      - CPLD_pwm_phase:u_phase_b|mod_int~2          ; 0                 ; 6       ;
;      - CPLD_pwm_phase:u_phase_b|Add0~41            ; 0                 ; 6       ;
; mod_b[14]                                          ;                   ;         ;
;      - CPLD_pwm_phase:u_phase_b|Add0~42            ; 0                 ; 6       ;
;      - CPLD_pwm_phase:u_phase_b|mod_abs~3          ; 0                 ; 6       ;
;      - CPLD_pwm_phase:u_phase_b|mod_int~2          ; 0                 ; 6       ;
;      - CPLD_pwm_phase:u_phase_b|Add0~44            ; 0                 ; 6       ;
; mod_b[4]                                           ;                   ;         ;
;      - CPLD_pwm_phase:u_phase_b|Add0~12            ; 0                 ; 6       ;
;      - CPLD_pwm_phase:u_phase_b|LessThan0~0        ; 0                 ; 6       ;
;      - CPLD_pwm_phase:u_phase_b|LessThan1~0        ; 0                 ; 6       ;
;      - CPLD_pwm_phase:u_phase_b|Add0~14            ; 0                 ; 6       ;
; mod_b[5]                                           ;                   ;         ;
;      - CPLD_pwm_phase:u_phase_b|LessThan0~0        ; 0                 ; 6       ;
;      - CPLD_pwm_phase:u_phase_b|LessThan1~0        ; 0                 ; 6       ;
;      - CPLD_pwm_phase:u_phase_b|mod_int~4          ; 0                 ; 6       ;
;      - CPLD_pwm_phase:u_phase_b|Add0~17            ; 0                 ; 6       ;
; mod_b[6]                                           ;                   ;         ;
;      - CPLD_pwm_phase:u_phase_b|LessThan0~0        ; 1                 ; 6       ;
;      - CPLD_pwm_phase:u_phase_b|LessThan1~0        ; 1                 ; 6       ;
;      - CPLD_pwm_phase:u_phase_b|mod_int~5          ; 1                 ; 6       ;
;      - CPLD_pwm_phase:u_phase_b|Add0~20            ; 1                 ; 6       ;
; mod_b[8]                                           ;                   ;         ;
;      - CPLD_pwm_phase:u_phase_b|LessThan0~0        ; 0                 ; 6       ;
;      - CPLD_pwm_phase:u_phase_b|mod_abs~2          ; 0                 ; 6       ;
;      - CPLD_pwm_phase:u_phase_b|LessThan1~0        ; 0                 ; 6       ;
;      - CPLD_pwm_phase:u_phase_b|mod_int~0          ; 0                 ; 6       ;
;      - CPLD_pwm_phase:u_phase_b|mod_int~7          ; 0                 ; 6       ;
;      - CPLD_pwm_phase:u_phase_b|Add0~26            ; 0                 ; 6       ;
; mod_b[7]                                           ;                   ;         ;
;      - CPLD_pwm_phase:u_phase_b|mod_abs~2          ; 0                 ; 6       ;
;      - CPLD_pwm_phase:u_phase_b|mod_int~0          ; 0                 ; 6       ;
;      - CPLD_pwm_phase:u_phase_b|mod_int~6          ; 0                 ; 6       ;
;      - CPLD_pwm_phase:u_phase_b|Add0~23            ; 0                 ; 6       ;
; mod_b[2]                                           ;                   ;         ;
;      - CPLD_pwm_phase:u_phase_b|Add0~6             ; 1                 ; 6       ;
;      - CPLD_pwm_phase:u_phase_b|mod_abs~1          ; 1                 ; 6       ;
;      - CPLD_pwm_phase:u_phase_b|Add0~8             ; 1                 ; 6       ;
; mod_b[3]                                           ;                   ;         ;
;      - CPLD_pwm_phase:u_phase_b|Add0~9             ; 0                 ; 6       ;
;      - CPLD_pwm_phase:u_phase_b|mod_abs~1          ; 0                 ; 6       ;
;      - CPLD_pwm_phase:u_phase_b|Add0~11            ; 0                 ; 6       ;
; mod_b[1]                                           ;                   ;         ;
;      - CPLD_pwm_phase:u_phase_b|Add0~3             ; 0                 ; 6       ;
;      - CPLD_pwm_phase:u_phase_b|mod_abs~1          ; 0                 ; 6       ;
;      - CPLD_pwm_phase:u_phase_b|Add0~5             ; 0                 ; 6       ;
; mod_b[15]                                          ;                   ;         ;
;      - CPLD_pwm_phase:u_phase_b|Add0~45            ; 0                 ; 6       ;
;      - CPLD_pwm_phase:u_phase_b|Add0~48            ; 0                 ; 6       ;
;      - CPLD_pwm_phase:u_phase_b|mod_int~3          ; 0                 ; 6       ;
;      - CPLD_pwm_phase:u_phase_b|Add0~2             ; 0                 ; 6       ;
;      - CPLD_pwm_phase:u_phase_b|h2_gates~1         ; 0                 ; 6       ;
;      - CPLD_pwm_phase:u_phase_b|h2_gates~2         ; 0                 ; 6       ;
;      - CPLD_pwm_phase:u_phase_b|h2_gates~3         ; 0                 ; 6       ;
;      - CPLD_pwm_phase:u_phase_b|h2_gates~4         ; 0                 ; 6       ;
;      - CPLD_pwm_phase:u_phase_b|Add0~5             ; 0                 ; 6       ;
;      - CPLD_pwm_phase:u_phase_b|Add0~8             ; 0                 ; 6       ;
;      - CPLD_pwm_phase:u_phase_b|Add0~11            ; 0                 ; 6       ;
;      - CPLD_pwm_phase:u_phase_b|Add0~14            ; 0                 ; 6       ;
;      - CPLD_pwm_phase:u_phase_b|mod_int~4          ; 0                 ; 6       ;
;      - CPLD_pwm_phase:u_phase_b|Add0~17            ; 0                 ; 6       ;
;      - CPLD_pwm_phase:u_phase_b|mod_int~5          ; 0                 ; 6       ;
;      - CPLD_pwm_phase:u_phase_b|Add0~20            ; 0                 ; 6       ;
;      - CPLD_pwm_phase:u_phase_b|mod_int~6          ; 0                 ; 6       ;
;      - CPLD_pwm_phase:u_phase_b|Add0~23            ; 0                 ; 6       ;
;      - CPLD_pwm_phase:u_phase_b|mod_int~7          ; 0                 ; 6       ;
;      - CPLD_pwm_phase:u_phase_b|Add0~26            ; 0                 ; 6       ;
;      - CPLD_pwm_phase:u_phase_b|mod_int~8          ; 0                 ; 6       ;
;      - CPLD_pwm_phase:u_phase_b|Add0~29            ; 0                 ; 6       ;
;      - CPLD_pwm_phase:u_phase_b|Add0~32            ; 0                 ; 6       ;
;      - CPLD_pwm_phase:u_phase_b|Add0~35            ; 0                 ; 6       ;
;      - CPLD_pwm_phase:u_phase_b|Add0~38            ; 0                 ; 6       ;
;      - CPLD_pwm_phase:u_phase_b|Add0~41            ; 0                 ; 6       ;
;      - CPLD_pwm_phase:u_phase_b|Add0~44            ; 0                 ; 6       ;
;      - CPLD_pwm_phase:u_phase_b|Add0~47            ; 0                 ; 6       ;
;      - CPLD_pwm_phase:u_phase_b|Add0~50            ; 0                 ; 6       ;
; mod_c[0]                                           ;                   ;         ;
;      - CPLD_pwm_phase:u_phase_c|Add0~0             ; 0                 ; 6       ;
;      - CPLD_pwm_phase:u_phase_c|LessThan0~0        ; 0                 ; 6       ;
;      - CPLD_pwm_phase:u_phase_c|Add0~2             ; 0                 ; 6       ;
; mod_c[15]                                          ;                   ;         ;
;      - CPLD_pwm_phase:u_phase_c|Add0~45            ; 1                 ; 6       ;
;      - CPLD_pwm_phase:u_phase_c|Add0~48            ; 1                 ; 6       ;
;      - CPLD_pwm_phase:u_phase_c|mod_int~2          ; 1                 ; 6       ;
;      - CPLD_pwm_phase:u_phase_c|mod_int~3          ; 1                 ; 6       ;
;      - CPLD_pwm_phase:u_phase_c|Add0~2             ; 1                 ; 6       ;
;      - CPLD_pwm_phase:u_phase_c|h2_gates~1         ; 1                 ; 6       ;
;      - CPLD_pwm_phase:u_phase_c|h2_gates~2         ; 1                 ; 6       ;
;      - CPLD_pwm_phase:u_phase_c|h2_gates~3         ; 1                 ; 6       ;
;      - CPLD_pwm_phase:u_phase_c|h2_gates~4         ; 1                 ; 6       ;
;      - CPLD_pwm_phase:u_phase_c|Add0~5             ; 1                 ; 6       ;
;      - CPLD_pwm_phase:u_phase_c|Add0~8             ; 1                 ; 6       ;
;      - CPLD_pwm_phase:u_phase_c|Add0~11            ; 1                 ; 6       ;
;      - CPLD_pwm_phase:u_phase_c|Add0~14            ; 1                 ; 6       ;
;      - CPLD_pwm_phase:u_phase_c|mod_int~4          ; 1                 ; 6       ;
;      - CPLD_pwm_phase:u_phase_c|Add0~17            ; 1                 ; 6       ;
;      - CPLD_pwm_phase:u_phase_c|mod_int~5          ; 1                 ; 6       ;
;      - CPLD_pwm_phase:u_phase_c|Add0~20            ; 1                 ; 6       ;
;      - CPLD_pwm_phase:u_phase_c|mod_int~6          ; 1                 ; 6       ;
;      - CPLD_pwm_phase:u_phase_c|Add0~23            ; 1                 ; 6       ;
;      - CPLD_pwm_phase:u_phase_c|mod_int~7          ; 1                 ; 6       ;
;      - CPLD_pwm_phase:u_phase_c|Add0~26            ; 1                 ; 6       ;
;      - CPLD_pwm_phase:u_phase_c|mod_int~8          ; 1                 ; 6       ;
;      - CPLD_pwm_phase:u_phase_c|Add0~29            ; 1                 ; 6       ;
;      - CPLD_pwm_phase:u_phase_c|Add0~32            ; 1                 ; 6       ;
;      - CPLD_pwm_phase:u_phase_c|Add0~35            ; 1                 ; 6       ;
;      - CPLD_pwm_phase:u_phase_c|Add0~38            ; 1                 ; 6       ;
;      - CPLD_pwm_phase:u_phase_c|Add0~41            ; 1                 ; 6       ;
;      - CPLD_pwm_phase:u_phase_c|Add0~44            ; 1                 ; 6       ;
;      - CPLD_pwm_phase:u_phase_c|Add0~47            ; 1                 ; 6       ;
;      - CPLD_pwm_phase:u_phase_c|Add0~50            ; 1                 ; 6       ;
; mod_c[9]                                           ;                   ;         ;
;      - CPLD_pwm_phase:u_phase_c|mod_int~0          ; 0                 ; 6       ;
;      - CPLD_pwm_phase:u_phase_c|LessThan0~2        ; 0                 ; 6       ;
;      - CPLD_pwm_phase:u_phase_c|mod_int~8          ; 0                 ; 6       ;
;      - CPLD_pwm_phase:u_phase_c|Add0~29            ; 0                 ; 6       ;
; mod_c[8]                                           ;                   ;         ;
;      - CPLD_pwm_phase:u_phase_c|LessThan1~0        ; 0                 ; 6       ;
;      - CPLD_pwm_phase:u_phase_c|mod_int~0          ; 0                 ; 6       ;
;      - CPLD_pwm_phase:u_phase_c|LessThan0~1        ; 0                 ; 6       ;
;      - CPLD_pwm_phase:u_phase_c|LessThan0~2        ; 0                 ; 6       ;
;      - CPLD_pwm_phase:u_phase_c|mod_int~7          ; 0                 ; 6       ;
;      - CPLD_pwm_phase:u_phase_c|Add0~26            ; 0                 ; 6       ;
; mod_c[7]                                           ;                   ;         ;
; mod_c[4]                                           ;                   ;         ;
; mod_c[5]                                           ;                   ;         ;
;      - CPLD_pwm_phase:u_phase_c|LessThan1~0        ; 1                 ; 6       ;
;      - CPLD_pwm_phase:u_phase_c|LessThan0~1        ; 1                 ; 6       ;
;      - CPLD_pwm_phase:u_phase_c|mod_int~4          ; 1                 ; 6       ;
;      - CPLD_pwm_phase:u_phase_c|Add0~17            ; 1                 ; 6       ;
; mod_c[6]                                           ;                   ;         ;
; mod_c[14]                                          ;                   ;         ;
; mod_c[10]                                          ;                   ;         ;
;      - CPLD_pwm_phase:u_phase_c|Add0~30            ; 0                 ; 6       ;
;      - CPLD_pwm_phase:u_phase_c|mod_int~1          ; 0                 ; 6       ;
;      - CPLD_pwm_phase:u_phase_c|mod_abs~0          ; 0                 ; 6       ;
;      - CPLD_pwm_phase:u_phase_c|Add0~32            ; 0                 ; 6       ;
; mod_c[11]                                          ;                   ;         ;
;      - CPLD_pwm_phase:u_phase_c|Add0~33            ; 1                 ; 6       ;
;      - CPLD_pwm_phase:u_phase_c|mod_int~1          ; 1                 ; 6       ;
;      - CPLD_pwm_phase:u_phase_c|mod_abs~0          ; 1                 ; 6       ;
;      - CPLD_pwm_phase:u_phase_c|Add0~35            ; 1                 ; 6       ;
; mod_c[12]                                          ;                   ;         ;
;      - CPLD_pwm_phase:u_phase_c|Add0~36            ; 1                 ; 6       ;
;      - CPLD_pwm_phase:u_phase_c|mod_int~1          ; 1                 ; 6       ;
;      - CPLD_pwm_phase:u_phase_c|mod_abs~0          ; 1                 ; 6       ;
;      - CPLD_pwm_phase:u_phase_c|Add0~38            ; 1                 ; 6       ;
; mod_c[13]                                          ;                   ;         ;
;      - CPLD_pwm_phase:u_phase_c|Add0~39            ; 0                 ; 6       ;
;      - CPLD_pwm_phase:u_phase_c|mod_int~1          ; 0                 ; 6       ;
;      - CPLD_pwm_phase:u_phase_c|mod_abs~0          ; 0                 ; 6       ;
;      - CPLD_pwm_phase:u_phase_c|Add0~41            ; 0                 ; 6       ;
; mod_c[1]                                           ;                   ;         ;
;      - CPLD_pwm_phase:u_phase_c|Add0~3             ; 1                 ; 6       ;
;      - CPLD_pwm_phase:u_phase_c|LessThan0~0        ; 1                 ; 6       ;
;      - CPLD_pwm_phase:u_phase_c|Add0~5             ; 1                 ; 6       ;
; mod_c[2]                                           ;                   ;         ;
;      - CPLD_pwm_phase:u_phase_c|Add0~6             ; 1                 ; 6       ;
;      - CPLD_pwm_phase:u_phase_c|LessThan0~0        ; 1                 ; 6       ;
;      - CPLD_pwm_phase:u_phase_c|Add0~8             ; 1                 ; 6       ;
; mod_c[3]                                           ;                   ;         ;
;      - CPLD_pwm_phase:u_phase_c|Add0~9             ; 0                 ; 6       ;
;      - CPLD_pwm_phase:u_phase_c|LessThan0~0        ; 0                 ; 6       ;
;      - CPLD_pwm_phase:u_phase_c|Add0~11            ; 0                 ; 6       ;
; gates_in[0]                                        ;                   ;         ;
;      - sync_2ff:u_sync_a_h1_0|sync_chain[0]~feeder ; 0                 ; 6       ;
; gates_in[1]                                        ;                   ;         ;
;      - sync_2ff:u_sync_a_h1_1|sync_chain[0]        ; 0                 ; 6       ;
; gates_in[2]                                        ;                   ;         ;
;      - sync_2ff:u_sync_a_h1_2|sync_chain[0]        ; 0                 ; 6       ;
; gates_in[3]                                        ;                   ;         ;
;      - sync_2ff:u_sync_a_h1_3|sync_chain[0]        ; 1                 ; 6       ;
; gates_in[4]                                        ;                   ;         ;
;      - sync_2ff:u_sync_b_h1_0|sync_chain[0]~feeder ; 0                 ; 6       ;
; gates_in[5]                                        ;                   ;         ;
;      - sync_2ff:u_sync_b_h1_1|sync_chain[0]~feeder ; 0                 ; 6       ;
; gates_in[6]                                        ;                   ;         ;
;      - sync_2ff:u_sync_b_h1_2|sync_chain[0]~feeder ; 1                 ; 6       ;
; gates_in[7]                                        ;                   ;         ;
;      - sync_2ff:u_sync_b_h1_3|sync_chain[0]        ; 0                 ; 6       ;
; gates_in[8]                                        ;                   ;         ;
;      - sync_2ff:u_sync_c_h1_0|sync_chain[0]~feeder ; 1                 ; 6       ;
; gates_in[9]                                        ;                   ;         ;
;      - sync_2ff:u_sync_c_h1_1|sync_chain[0]~feeder ; 1                 ; 6       ;
; gates_in[10]                                       ;                   ;         ;
;      - sync_2ff:u_sync_c_h1_2|sync_chain[0]~feeder ; 1                 ; 6       ;
; gates_in[11]                                       ;                   ;         ;
;      - sync_2ff:u_sync_c_h1_3|sync_chain[0]        ; 1                 ; 6       ;
; pwm_cap_in                                         ;                   ;         ;
;      - pwm_capture:u_pwm_cap|sync_ff0~feeder       ; 1                 ; 6       ;
+----------------------------------------------------+-------------------+---------+


+-----------------------------------------------------------------------------------------------------------------------------------------------------------------------------------------------------------------------------------------------+
; Control Signals                                                                                                                                                                                                                               ;
+------------------------------------------------------------------------------------------------------+-------------------+---------+---------------------------+--------+----------------------+------------------+---------------------------+
; Name                                                                                                 ; Location          ; Fan-Out ; Usage                     ; Global ; Global Resource Used ; Global Line Name ; Enable Signal Source Name ;
+------------------------------------------------------------------------------------------------------+-------------------+---------+---------------------------+--------+----------------------+------------------+---------------------------+
; clk_50m                                                                                              ; PIN_M2            ; 1       ; Clock                     ; no     ; --                   ; --               ; --                        ;
; pll_50m_to_150m:u_pll|altpll:altpll_component|pll_50m_to_150m_altpll:auto_generated|wire_pll1_clk[0] ; PLL_1             ; 118     ; Clock                     ; yes    ; Global Clock         ; GCLK3            ; --                        ;
; pll_50m_to_150m:u_pll|altpll:altpll_component|pll_50m_to_150m_altpll:auto_generated|wire_pll1_locked ; PLL_1             ; 26      ; Clock                     ; no     ; --                   ; --               ; --                        ;
; pwm_capture:u_pwm_cap|high_active                                                                    ; FF_X4_Y20_N29     ; 18      ; Sync. clear               ; no     ; --                   ; --               ; --                        ;
; pwm_capture:u_pwm_cap|high_cnt[2]~18                                                                 ; LCCOMB_X4_Y20_N22 ; 16      ; Clock enable              ; no     ; --                   ; --               ; --                        ;
; pwm_capture:u_pwm_cap|rising_edge_det                                                                ; LCCOMB_X4_Y20_N24 ; 49      ; Clock enable, Sync. clear ; no     ; --                   ; --               ; --                        ;
; rst_n                                                                                                ; PIN_E1            ; 120     ; Async. clear              ; yes    ; Global Clock         ; GCLK2            ; --                        ;
+------------------------------------------------------------------------------------------------------+-------------------+---------+---------------------------+--------+----------------------+------------------+---------------------------+


+----------------------------------------------------------------------------------------------------------------------------------------------------------------------------------------------------------------------------------------+
; Global & Other Fast Signals                                                                                                                                                                                                            ;
+------------------------------------------------------------------------------------------------------+----------+---------+--------------------------------------+----------------------+------------------+---------------------------+
; Name                                                                                                 ; Location ; Fan-Out ; Fan-Out Using Intentional Clock Skew ; Global Resource Used ; Global Line Name ; Enable Signal Source Name ;
+------------------------------------------------------------------------------------------------------+----------+---------+--------------------------------------+----------------------+------------------+---------------------------+
; pll_50m_to_150m:u_pll|altpll:altpll_component|pll_50m_to_150m_altpll:auto_generated|wire_pll1_clk[0] ; PLL_1    ; 118     ; 15                                   ; Global Clock         ; GCLK3            ; --                        ;
; rst_n                                                                                                ; PIN_E1   ; 120     ; 0                                    ; Global Clock         ; GCLK2            ; --                        ;
+------------------------------------------------------------------------------------------------------+----------+---------+--------------------------------------+----------------------+------------------+---------------------------+


+--------------------------------------------------------------------------------------------------------------------+
; Non-Global High Fan-Out Signals                                                                                    ;
+----------------------------------------------------------------------------------------------------------+---------+
; Name                                                                                                     ; Fan-Out ;
+----------------------------------------------------------------------------------------------------------+---------+
; pwm_capture:u_pwm_cap|rising_edge_det                                                                    ; 49      ;
; mod_c[15]~input                                                                                          ; 30      ;
; mod_a[15]~input                                                                                          ; 30      ;
; mod_b[15]~input                                                                                          ; 29      ;
; pll_50m_to_150m:u_pll|altpll:altpll_component|pll_50m_to_150m_altpll:auto_generated|wire_pll1_locked     ; 26      ;
; pll_50m_to_150m:u_pll|altpll:altpll_component|pll_50m_to_150m_altpll:auto_generated|pll_lock_sync        ; 25      ;
; pwm_capture:u_pwm_cap|high_active                                                                        ; 18      ;
; pwm_capture:u_pwm_cap|high_cnt[2]~18                                                                     ; 16      ;
; CPLD_pwm_phase:u_phase_b|mod_abs~3                                                                       ; 16      ;
; CPLD_pwm_phase:u_phase_a|mod_abs~3                                                                       ; 16      ;
; CPLD_pwm_phase:u_phase_c|mod_abs~2                                                                       ; 15      ;
; CPLD_pwm_carrier:u_carrier|dir                                                                           ; 14      ;
; CPLD_pwm_carrier:u_carrier|Equal1~3                                                                      ; 12      ;
; CPLD_pwm_phase:u_phase_b|mod_int~3                                                                       ; 10      ;
; CPLD_pwm_carrier:u_carrier|count[0]                                                                      ; 8       ;
; mod_c[8]~input                                                                                           ; 6       ;
; mod_b[8]~input                                                                                           ; 6       ;
; mod_a[8]~input                                                                                           ; 6       ;
; CPLD_pwm_phase:u_phase_c|mod_int~2                                                                       ; 6       ;
; CPLD_pwm_phase:u_phase_a|mod_int~2                                                                       ; 6       ;
; mod_c[14]~input                                                                                          ; 5       ;
; CPLD_pwm_phase:u_phase_c|mod_int~3                                                                       ; 5       ;
; CPLD_pwm_carrier:u_carrier|count[1]                                                                      ; 5       ;
; CPLD_pwm_carrier:u_carrier|count[2]                                                                      ; 5       ;
; CPLD_pwm_carrier:u_carrier|count[5]                                                                      ; 5       ;
; CPLD_pwm_carrier:u_carrier|count[7]                                                                      ; 5       ;
; CPLD_pwm_carrier:u_carrier|count[9]                                                                      ; 5       ;
; CPLD_pwm_carrier:u_carrier|count[10]                                                                     ; 5       ;
; CPLD_pwm_carrier:u_carrier|count[11]                                                                     ; 5       ;
; CPLD_pwm_phase:u_phase_a|mod_int~3                                                                       ; 5       ;
; mod_c[13]~input                                                                                          ; 4       ;
; mod_c[12]~input                                                                                          ; 4       ;
; mod_c[11]~input                                                                                          ; 4       ;
; mod_c[10]~input                                                                                          ; 4       ;
; mod_c[6]~input                                                                                           ; 4       ;
; mod_c[5]~input                                                                                           ; 4       ;
; mod_c[4]~input                                                                                           ; 4       ;
; mod_c[7]~input                                                                                           ; 4       ;
; mod_c[9]~input                                                                                           ; 4       ;
; mod_b[7]~input                                                                                           ; 4       ;
; mod_b[6]~input                                                                                           ; 4       ;
; mod_b[5]~input                                                                                           ; 4       ;
; mod_b[4]~input                                                                                           ; 4       ;
; mod_b[14]~input                                                                                          ; 4       ;
; mod_b[13]~input                                                                                          ; 4       ;
; mod_b[12]~input                                                                                          ; 4       ;
; mod_b[11]~input                                                                                          ; 4       ;
; mod_b[10]~input                                                                                          ; 4       ;
; mod_b[9]~input                                                                                           ; 4       ;
; mod_a[13]~input                                                                                          ; 4       ;
; mod_a[12]~input                                                                                          ; 4       ;
; mod_a[11]~input                                                                                          ; 4       ;
; mod_a[10]~input                                                                                          ; 4       ;
; mod_a[14]~input                                                                                          ; 4       ;
; mod_a[6]~input                                                                                           ; 4       ;
; mod_a[5]~input                                                                                           ; 4       ;
; mod_a[4]~input                                                                                           ; 4       ;
; mod_a[7]~input                                                                                           ; 4       ;
; mod_a[9]~input                                                                                           ; 4       ;
; pwm_capture:u_pwm_cap|sync_ff1                                                                           ; 4       ;
; CPLD_pwm_phase:u_phase_c|h2_gates~0                                                                      ; 4       ;
; CPLD_pwm_phase:u_phase_c|Equal0~0                                                                        ; 4       ;
; CPLD_pwm_phase:u_phase_b|h2_gates~0                                                                      ; 4       ;
; CPLD_pwm_phase:u_phase_b|Equal0~0                                                                        ; 4       ;
; CPLD_pwm_phase:u_phase_a|h2_gates~0                                                                      ; 4       ;
; CPLD_pwm_carrier:u_carrier|count[3]                                                                      ; 4       ;
; CPLD_pwm_carrier:u_carrier|count[4]                                                                      ; 4       ;
; CPLD_pwm_carrier:u_carrier|count[6]                                                                      ; 4       ;
; CPLD_pwm_carrier:u_carrier|count[8]                                                                      ; 4       ;
; CPLD_pwm_phase:u_phase_a|Equal0~0                                                                        ; 4       ;
; CPLD_pwm_phase:u_phase_c|Add1~32                                                                         ; 4       ;
; CPLD_pwm_phase:u_phase_b|Add1~32                                                                         ; 4       ;
; CPLD_pwm_phase:u_phase_a|Add1~32                                                                         ; 4       ;
; mod_c[3]~input                                                                                           ; 3       ;
; mod_c[2]~input                                                                                           ; 3       ;
; mod_c[1]~input                                                                                           ; 3       ;
; mod_c[0]~input                                                                                           ; 3       ;
; mod_b[1]~input                                                                                           ; 3       ;
; mod_b[3]~input                                                                                           ; 3       ;
; mod_b[2]~input                                                                                           ; 3       ;
; mod_b[0]~input                                                                                           ; 3       ;
; mod_a[3]~input                                                                                           ; 3       ;
; mod_a[2]~input                                                                                           ; 3       ;
; mod_a[1]~input                                                                                           ; 3       ;
; mod_a[0]~input                                                                                           ; 3       ;
; pwm_capture:u_pwm_cap|pwm_d1                                                                             ; 3       ;
; CPLD_pwm_phase:u_phase_c|lpm_mult:Mult0|mult_j9t:auto_generated|mac_out2~DATAOUT29                       ; 3       ;
; CPLD_pwm_phase:u_phase_b|lpm_mult:Mult0|mult_j9t:auto_generated|mac_out2~DATAOUT29                       ; 3       ;
; CPLD_pwm_carrier:u_carrier|Add2~22                                                                       ; 3       ;
; CPLD_pwm_carrier:u_carrier|Add2~20                                                                       ; 3       ;
; CPLD_pwm_carrier:u_carrier|Add2~18                                                                       ; 3       ;
; CPLD_pwm_carrier:u_carrier|Add2~16                                                                       ; 3       ;
; CPLD_pwm_carrier:u_carrier|Add2~14                                                                       ; 3       ;
; CPLD_pwm_carrier:u_carrier|Add2~12                                                                       ; 3       ;
; CPLD_pwm_carrier:u_carrier|Add2~10                                                                       ; 3       ;
; CPLD_pwm_carrier:u_carrier|Add2~8                                                                        ; 3       ;
; CPLD_pwm_carrier:u_carrier|Add2~6                                                                        ; 3       ;
; CPLD_pwm_carrier:u_carrier|Add2~4                                                                        ; 3       ;
; CPLD_pwm_carrier:u_carrier|Add2~2                                                                        ; 3       ;
; CPLD_pwm_phase:u_phase_a|lpm_mult:Mult0|mult_j9t:auto_generated|mac_out2~DATAOUT29                       ; 3       ;
; CPLD_pwm_carrier:u_carrier|dir~0                                                                         ; 2       ;
; CPLD_pwm_carrier:u_carrier|Equal1~0                                                                      ; 2       ;
; CPLD_pwm_phase:u_phase_c|Add0~2                                                                          ; 2       ;
; CPLD_pwm_phase:u_phase_c|mod_abs~1                                                                       ; 2       ;
; CPLD_pwm_phase:u_phase_b|Add0~2                                                                          ; 2       ;
; CPLD_pwm_phase:u_phase_a|Add0~2                                                                          ; 2       ;
; sync_2ff:u_sync_c_h1_3|sync_chain[1]                                                                     ; 2       ;
; sync_2ff:u_sync_c_h1_2|sync_chain[1]                                                                     ; 2       ;
; sync_2ff:u_sync_c_h1_1|sync_chain[1]                                                                     ; 2       ;
; sync_2ff:u_sync_c_h1_0|sync_chain[1]                                                                     ; 2       ;
; sync_2ff:u_sync_b_h1_3|sync_chain[1]                                                                     ; 2       ;
; sync_2ff:u_sync_b_h1_2|sync_chain[1]                                                                     ; 2       ;
; sync_2ff:u_sync_b_h1_1|sync_chain[1]                                                                     ; 2       ;
; sync_2ff:u_sync_b_h1_0|sync_chain[1]                                                                     ; 2       ;
; sync_2ff:u_sync_a_h1_3|sync_chain[1]                                                                     ; 2       ;
; sync_2ff:u_sync_a_h1_2|sync_chain[1]                                                                     ; 2       ;
; sync_2ff:u_sync_a_h1_1|sync_chain[1]                                                                     ; 2       ;
; sync_2ff:u_sync_a_h1_0|sync_chain[1]                                                                     ; 2       ;
; pwm_capture:u_pwm_cap|high_cnt[15]                                                                       ; 2       ;
; pwm_capture:u_pwm_cap|high_cnt[14]                                                                       ; 2       ;
; pwm_capture:u_pwm_cap|high_cnt[13]                                                                       ; 2       ;
; pwm_capture:u_pwm_cap|high_cnt[12]                                                                       ; 2       ;
; pwm_capture:u_pwm_cap|high_cnt[11]                                                                       ; 2       ;
; pwm_capture:u_pwm_cap|high_cnt[10]                                                                       ; 2       ;
; pwm_capture:u_pwm_cap|high_cnt[9]                                                                        ; 2       ;
; pwm_capture:u_pwm_cap|high_cnt[8]                                                                        ; 2       ;
; pwm_capture:u_pwm_cap|high_cnt[7]                                                                        ; 2       ;
; pwm_capture:u_pwm_cap|high_cnt[6]                                                                        ; 2       ;
; pwm_capture:u_pwm_cap|high_cnt[5]                                                                        ; 2       ;
; pwm_capture:u_pwm_cap|high_cnt[4]                                                                        ; 2       ;
; pwm_capture:u_pwm_cap|high_cnt[3]                                                                        ; 2       ;
; pwm_capture:u_pwm_cap|high_cnt[2]                                                                        ; 2       ;
; pwm_capture:u_pwm_cap|high_cnt[1]                                                                        ; 2       ;
; pwm_capture:u_pwm_cap|high_cnt[0]                                                                        ; 2       ;
; pwm_capture:u_pwm_cap|period_cnt[15]                                                                     ; 2       ;
; pwm_capture:u_pwm_cap|period_cnt[14]                                                                     ; 2       ;
; pwm_capture:u_pwm_cap|period_cnt[13]                                                                     ; 2       ;
; pwm_capture:u_pwm_cap|period_cnt[12]                                                                     ; 2       ;
; pwm_capture:u_pwm_cap|period_cnt[11]                                                                     ; 2       ;
; pwm_capture:u_pwm_cap|period_cnt[10]                                                                     ; 2       ;
; pwm_capture:u_pwm_cap|period_cnt[9]                                                                      ; 2       ;
; pwm_capture:u_pwm_cap|period_cnt[8]                                                                      ; 2       ;
; pwm_capture:u_pwm_cap|period_cnt[7]                                                                      ; 2       ;
; pwm_capture:u_pwm_cap|period_cnt[6]                                                                      ; 2       ;
; pwm_capture:u_pwm_cap|period_cnt[5]                                                                      ; 2       ;
; pwm_capture:u_pwm_cap|period_cnt[4]                                                                      ; 2       ;
; pwm_capture:u_pwm_cap|period_cnt[3]                                                                      ; 2       ;
; pwm_capture:u_pwm_cap|period_cnt[2]                                                                      ; 2       ;
; pwm_capture:u_pwm_cap|period_cnt[1]                                                                      ; 2       ;
; pwm_capture:u_pwm_cap|period_cnt[0]                                                                      ; 2       ;
; pll_50m_to_150m:u_pll|altpll:altpll_component|pll_50m_to_150m_altpll:auto_generated|pll_lock_sync~feeder ; 1       ;
; pwm_cap_in~input                                                                                         ; 1       ;
; gates_in[11]~input                                                                                       ; 1       ;
; gates_in[10]~input                                                                                       ; 1       ;
; gates_in[9]~input                                                                                        ; 1       ;
; gates_in[8]~input                                                                                        ; 1       ;
; gates_in[7]~input                                                                                        ; 1       ;
; gates_in[6]~input                                                                                        ; 1       ;
; gates_in[5]~input                                                                                        ; 1       ;
; gates_in[4]~input                                                                                        ; 1       ;
; gates_in[3]~input                                                                                        ; 1       ;
; gates_in[2]~input                                                                                        ; 1       ;
; gates_in[1]~input                                                                                        ; 1       ;
; gates_in[0]~input                                                                                        ; 1       ;
; clk_50m~input                                                                                            ; 1       ;
; pwm_capture:u_pwm_cap|high_active~0                                                                      ; 1       ;
; CPLD_pwm_phase:u_phase_c|Add0~50                                                                         ; 1       ;
; CPLD_pwm_phase:u_phase_c|Add0~47                                                                         ; 1       ;
; CPLD_pwm_phase:u_phase_c|Add0~44                                                                         ; 1       ;
; CPLD_pwm_phase:u_phase_c|Add0~41                                                                         ; 1       ;
; CPLD_pwm_phase:u_phase_c|Add0~38                                                                         ; 1       ;
; CPLD_pwm_phase:u_phase_c|Add0~35                                                                         ; 1       ;
; CPLD_pwm_phase:u_phase_c|Add0~32                                                                         ; 1       ;
; CPLD_pwm_phase:u_phase_c|Add0~29                                                                         ; 1       ;
; CPLD_pwm_phase:u_phase_c|mod_int~8                                                                       ; 1       ;
; CPLD_pwm_phase:u_phase_c|Add0~26                                                                         ; 1       ;
; CPLD_pwm_phase:u_phase_c|mod_int~7                                                                       ; 1       ;
; CPLD_pwm_phase:u_phase_c|Add0~23                                                                         ; 1       ;
; CPLD_pwm_phase:u_phase_c|mod_int~6                                                                       ; 1       ;
; CPLD_pwm_phase:u_phase_c|Add0~20                                                                         ; 1       ;
; CPLD_pwm_phase:u_phase_c|mod_int~5                                                                       ; 1       ;
; CPLD_pwm_phase:u_phase_c|Add0~17                                                                         ; 1       ;
; CPLD_pwm_phase:u_phase_c|mod_int~4                                                                       ; 1       ;
; CPLD_pwm_phase:u_phase_c|Add0~14                                                                         ; 1       ;
; CPLD_pwm_phase:u_phase_c|Add0~11                                                                         ; 1       ;
; CPLD_pwm_phase:u_phase_c|Add0~8                                                                          ; 1       ;
; CPLD_pwm_phase:u_phase_c|Add0~5                                                                          ; 1       ;
; CPLD_pwm_phase:u_phase_b|Add0~50                                                                         ; 1       ;
; CPLD_pwm_phase:u_phase_b|Add0~47                                                                         ; 1       ;
; CPLD_pwm_phase:u_phase_b|Add0~44                                                                         ; 1       ;
; CPLD_pwm_phase:u_phase_b|Add0~41                                                                         ; 1       ;
; CPLD_pwm_phase:u_phase_b|Add0~38                                                                         ; 1       ;
; CPLD_pwm_phase:u_phase_b|Add0~35                                                                         ; 1       ;
; CPLD_pwm_phase:u_phase_b|Add0~32                                                                         ; 1       ;
; CPLD_pwm_phase:u_phase_b|Add0~29                                                                         ; 1       ;
; CPLD_pwm_phase:u_phase_b|mod_int~8                                                                       ; 1       ;
; CPLD_pwm_phase:u_phase_b|Add0~26                                                                         ; 1       ;
; CPLD_pwm_phase:u_phase_b|mod_int~7                                                                       ; 1       ;
; CPLD_pwm_phase:u_phase_b|Add0~23                                                                         ; 1       ;
; CPLD_pwm_phase:u_phase_b|mod_int~6                                                                       ; 1       ;
; CPLD_pwm_phase:u_phase_b|Add0~20                                                                         ; 1       ;
; CPLD_pwm_phase:u_phase_b|mod_int~5                                                                       ; 1       ;
; CPLD_pwm_phase:u_phase_b|Add0~17                                                                         ; 1       ;
; CPLD_pwm_phase:u_phase_b|mod_int~4                                                                       ; 1       ;
; CPLD_pwm_phase:u_phase_b|Add0~14                                                                         ; 1       ;
; CPLD_pwm_phase:u_phase_b|Add0~11                                                                         ; 1       ;
; CPLD_pwm_phase:u_phase_b|Add0~8                                                                          ; 1       ;
; CPLD_pwm_phase:u_phase_b|Add0~5                                                                          ; 1       ;
; CPLD_pwm_carrier:u_carrier|dir~1                                                                         ; 1       ;
; CPLD_pwm_phase:u_phase_a|Add0~50                                                                         ; 1       ;
; CPLD_pwm_phase:u_phase_a|Add0~47                                                                         ; 1       ;
; CPLD_pwm_phase:u_phase_a|Add0~44                                                                         ; 1       ;
; CPLD_pwm_phase:u_phase_a|Add0~41                                                                         ; 1       ;
; CPLD_pwm_phase:u_phase_a|Add0~38                                                                         ; 1       ;
; CPLD_pwm_phase:u_phase_a|Add0~35                                                                         ; 1       ;
; CPLD_pwm_phase:u_phase_a|Add0~32                                                                         ; 1       ;
; CPLD_pwm_phase:u_phase_a|Add0~29                                                                         ; 1       ;
; CPLD_pwm_phase:u_phase_a|mod_int~8                                                                       ; 1       ;
; CPLD_pwm_phase:u_phase_a|Add0~26                                                                         ; 1       ;
; CPLD_pwm_phase:u_phase_a|mod_int~7                                                                       ; 1       ;
; CPLD_pwm_phase:u_phase_a|Add0~23                                                                         ; 1       ;
; CPLD_pwm_phase:u_phase_a|mod_int~6                                                                       ; 1       ;
; CPLD_pwm_phase:u_phase_a|Add0~20                                                                         ; 1       ;
; CPLD_pwm_phase:u_phase_a|mod_int~5                                                                       ; 1       ;
; CPLD_pwm_phase:u_phase_a|Add0~17                                                                         ; 1       ;
; CPLD_pwm_phase:u_phase_a|mod_int~4                                                                       ; 1       ;
; CPLD_pwm_phase:u_phase_a|Add0~14                                                                         ; 1       ;
; CPLD_pwm_phase:u_phase_a|Add0~11                                                                         ; 1       ;
; CPLD_pwm_phase:u_phase_a|Add0~8                                                                          ; 1       ;
; CPLD_pwm_phase:u_phase_a|Add0~5                                                                          ; 1       ;
; pwm_capture:u_pwm_cap|sync_ff0                                                                           ; 1       ;
; CPLD_pwm_carrier:u_carrier|count~12                                                                      ; 1       ;
; CPLD_pwm_carrier:u_carrier|count~11                                                                      ; 1       ;
; CPLD_pwm_carrier:u_carrier|Equal0~1                                                                      ; 1       ;
; CPLD_pwm_carrier:u_carrier|Equal0~0                                                                      ; 1       ;
; CPLD_pwm_carrier:u_carrier|count~10                                                                      ; 1       ;
; CPLD_pwm_carrier:u_carrier|count~9                                                                       ; 1       ;
; CPLD_pwm_carrier:u_carrier|count~8                                                                       ; 1       ;
; CPLD_pwm_carrier:u_carrier|count~7                                                                       ; 1       ;
; CPLD_pwm_carrier:u_carrier|count~6                                                                       ; 1       ;
; CPLD_pwm_carrier:u_carrier|count~5                                                                       ; 1       ;
; CPLD_pwm_carrier:u_carrier|count~4                                                                       ; 1       ;
; CPLD_pwm_carrier:u_carrier|count~3                                                                       ; 1       ;
; CPLD_pwm_carrier:u_carrier|count~2                                                                       ; 1       ;
; CPLD_pwm_carrier:u_carrier|count~1                                                                       ; 1       ;
; CPLD_pwm_carrier:u_carrier|count~0                                                                       ; 1       ;
; CPLD_pwm_carrier:u_carrier|Equal1~2                                                                      ; 1       ;
; CPLD_pwm_carrier:u_carrier|Equal1~1                                                                      ; 1       ;
; CPLD_pwm_phase:u_phase_c|h2_gates~4                                                                      ; 1       ;
; CPLD_pwm_phase:u_phase_c|h2_gates~3                                                                      ; 1       ;
; CPLD_pwm_phase:u_phase_c|h2_gates~2                                                                      ; 1       ;
; CPLD_pwm_phase:u_phase_c|h2_gates~1                                                                      ; 1       ;
; CPLD_pwm_phase:u_phase_c|WideOr0                                                                         ; 1       ;
; CPLD_pwm_phase:u_phase_c|WideOr0~3                                                                       ; 1       ;
; CPLD_pwm_phase:u_phase_c|WideOr0~2                                                                       ; 1       ;
; CPLD_pwm_phase:u_phase_c|WideOr0~1                                                                       ; 1       ;
; CPLD_pwm_phase:u_phase_c|WideOr0~0                                                                       ; 1       ;
; CPLD_pwm_phase:u_phase_c|LessThan0~2                                                                     ; 1       ;
; CPLD_pwm_phase:u_phase_c|LessThan0~1                                                                     ; 1       ;
; CPLD_pwm_phase:u_phase_c|LessThan0~0                                                                     ; 1       ;
; CPLD_pwm_phase:u_phase_c|mod_abs~0                                                                       ; 1       ;
; CPLD_pwm_phase:u_phase_c|mod_int~1                                                                       ; 1       ;
; CPLD_pwm_phase:u_phase_c|mod_int~0                                                                       ; 1       ;
; CPLD_pwm_phase:u_phase_c|LessThan1~0                                                                     ; 1       ;
; CPLD_pwm_phase:u_phase_b|h2_gates~4                                                                      ; 1       ;
; CPLD_pwm_phase:u_phase_b|h2_gates~3                                                                      ; 1       ;
; CPLD_pwm_phase:u_phase_b|h2_gates~2                                                                      ; 1       ;
; CPLD_pwm_phase:u_phase_b|h2_gates~1                                                                      ; 1       ;
; CPLD_pwm_phase:u_phase_b|WideOr0                                                                         ; 1       ;
; CPLD_pwm_phase:u_phase_b|WideOr0~3                                                                       ; 1       ;
; CPLD_pwm_phase:u_phase_b|WideOr0~2                                                                       ; 1       ;
; CPLD_pwm_phase:u_phase_b|WideOr0~1                                                                       ; 1       ;
; CPLD_pwm_phase:u_phase_b|WideOr0~0                                                                       ; 1       ;
; CPLD_pwm_phase:u_phase_b|mod_int~2                                                                       ; 1       ;
; CPLD_pwm_phase:u_phase_b|mod_int~1                                                                       ; 1       ;
; CPLD_pwm_phase:u_phase_b|mod_int~0                                                                       ; 1       ;
; CPLD_pwm_phase:u_phase_b|LessThan1~0                                                                     ; 1       ;
; CPLD_pwm_phase:u_phase_b|mod_abs~2                                                                       ; 1       ;
; CPLD_pwm_phase:u_phase_b|mod_abs~1                                                                       ; 1       ;
; CPLD_pwm_phase:u_phase_b|LessThan0~0                                                                     ; 1       ;
; CPLD_pwm_phase:u_phase_b|mod_abs~0                                                                       ; 1       ;
; CPLD_pwm_phase:u_phase_a|h2_gates~4                                                                      ; 1       ;
; CPLD_pwm_phase:u_phase_a|h2_gates~3                                                                      ; 1       ;
; CPLD_pwm_phase:u_phase_a|h2_gates~2                                                                      ; 1       ;
; CPLD_pwm_phase:u_phase_a|h2_gates~1                                                                      ; 1       ;
; CPLD_pwm_phase:u_phase_a|WideOr0                                                                         ; 1       ;
; CPLD_pwm_phase:u_phase_a|WideOr0~3                                                                       ; 1       ;
; CPLD_pwm_phase:u_phase_a|WideOr0~2                                                                       ; 1       ;
; CPLD_pwm_phase:u_phase_a|WideOr0~1                                                                       ; 1       ;
; CPLD_pwm_phase:u_phase_a|WideOr0~0                                                                       ; 1       ;
; CPLD_pwm_phase:u_phase_a|mod_abs~2                                                                       ; 1       ;
; CPLD_pwm_phase:u_phase_a|mod_abs~1                                                                       ; 1       ;
; CPLD_pwm_phase:u_phase_a|LessThan0~0                                                                     ; 1       ;
; CPLD_pwm_phase:u_phase_a|mod_abs~0                                                                       ; 1       ;
; CPLD_pwm_phase:u_phase_a|mod_int~1                                                                       ; 1       ;
; CPLD_pwm_phase:u_phase_a|mod_int~0                                                                       ; 1       ;
; CPLD_pwm_phase:u_phase_a|LessThan1~0                                                                     ; 1       ;
; sync_2ff:u_sync_c_h1_3|sync_chain[0]                                                                     ; 1       ;
; sync_2ff:u_sync_c_h1_2|sync_chain[0]                                                                     ; 1       ;
; sync_2ff:u_sync_c_h1_1|sync_chain[0]                                                                     ; 1       ;
; sync_2ff:u_sync_c_h1_0|sync_chain[0]                                                                     ; 1       ;
; sync_2ff:u_sync_b_h1_3|sync_chain[0]                                                                     ; 1       ;
; sync_2ff:u_sync_b_h1_2|sync_chain[0]                                                                     ; 1       ;
; sync_2ff:u_sync_b_h1_1|sync_chain[0]                                                                     ; 1       ;
; sync_2ff:u_sync_b_h1_0|sync_chain[0]                                                                     ; 1       ;
; sync_2ff:u_sync_a_h1_3|sync_chain[0]                                                                     ; 1       ;
; sync_2ff:u_sync_a_h1_2|sync_chain[0]                                                                     ; 1       ;
; sync_2ff:u_sync_a_h1_1|sync_chain[0]                                                                     ; 1       ;
; sync_2ff:u_sync_a_h1_0|sync_chain[0]                                                                     ; 1       ;
; pll_50m_to_150m:u_pll|altpll:altpll_component|pll_50m_to_150m_altpll:auto_generated|locked               ; 1       ;
; pwm_capture:u_pwm_cap|valid_flag                                                                         ; 1       ;
; pwm_capture:u_pwm_cap|high_latch[15]                                                                     ; 1       ;
; pwm_capture:u_pwm_cap|high_latch[14]                                                                     ; 1       ;
; pwm_capture:u_pwm_cap|high_latch[13]                                                                     ; 1       ;
; pwm_capture:u_pwm_cap|high_latch[12]                                                                     ; 1       ;
; pwm_capture:u_pwm_cap|high_latch[11]                                                                     ; 1       ;
; pwm_capture:u_pwm_cap|high_latch[10]                                                                     ; 1       ;
; pwm_capture:u_pwm_cap|high_latch[9]                                                                      ; 1       ;
; pwm_capture:u_pwm_cap|high_latch[8]                                                                      ; 1       ;
; pwm_capture:u_pwm_cap|high_latch[7]                                                                      ; 1       ;
; pwm_capture:u_pwm_cap|high_latch[6]                                                                      ; 1       ;
; pwm_capture:u_pwm_cap|high_latch[5]                                                                      ; 1       ;
; pwm_capture:u_pwm_cap|high_latch[4]                                                                      ; 1       ;
; pwm_capture:u_pwm_cap|high_latch[3]                                                                      ; 1       ;
; pwm_capture:u_pwm_cap|high_latch[2]                                                                      ; 1       ;
; pwm_capture:u_pwm_cap|high_latch[1]                                                                      ; 1       ;
; pwm_capture:u_pwm_cap|high_latch[0]                                                                      ; 1       ;
; pwm_capture:u_pwm_cap|period_latch[15]                                                                   ; 1       ;
; pwm_capture:u_pwm_cap|period_latch[14]                                                                   ; 1       ;
; pwm_capture:u_pwm_cap|period_latch[13]                                                                   ; 1       ;
; pwm_capture:u_pwm_cap|period_latch[12]                                                                   ; 1       ;
; pwm_capture:u_pwm_cap|period_latch[11]                                                                   ; 1       ;
; pwm_capture:u_pwm_cap|period_latch[10]                                                                   ; 1       ;
; pwm_capture:u_pwm_cap|period_latch[9]                                                                    ; 1       ;
; pwm_capture:u_pwm_cap|period_latch[8]                                                                    ; 1       ;
; pwm_capture:u_pwm_cap|period_latch[7]                                                                    ; 1       ;
; pwm_capture:u_pwm_cap|period_latch[6]                                                                    ; 1       ;
; pwm_capture:u_pwm_cap|period_latch[5]                                                                    ; 1       ;
; pwm_capture:u_pwm_cap|period_latch[4]                                                                    ; 1       ;
; pwm_capture:u_pwm_cap|period_latch[3]                                                                    ; 1       ;
; pwm_capture:u_pwm_cap|period_latch[2]                                                                    ; 1       ;
; pwm_capture:u_pwm_cap|period_latch[1]                                                                    ; 1       ;
; pwm_capture:u_pwm_cap|period_latch[0]                                                                    ; 1       ;
; gates_out~23                                                                                             ; 1       ;
; CPLD_pwm_phase:u_phase_c|h2_gates[3]                                                                     ; 1       ;
; gates_out~22                                                                                             ; 1       ;
; CPLD_pwm_phase:u_phase_c|h2_gates[2]                                                                     ; 1       ;
; gates_out~21                                                                                             ; 1       ;
; CPLD_pwm_phase:u_phase_c|h2_gates[1]                                                                     ; 1       ;
; gates_out~20                                                                                             ; 1       ;
; CPLD_pwm_phase:u_phase_c|h2_gates[0]                                                                     ; 1       ;
; gates_out~19                                                                                             ; 1       ;
; CPLD_pwm_phase:u_phase_b|h2_gates[3]                                                                     ; 1       ;
; gates_out~18                                                                                             ; 1       ;
; CPLD_pwm_phase:u_phase_b|h2_gates[2]                                                                     ; 1       ;
; gates_out~17                                                                                             ; 1       ;
; CPLD_pwm_phase:u_phase_b|h2_gates[1]                                                                     ; 1       ;
; gates_out~16                                                                                             ; 1       ;
; CPLD_pwm_phase:u_phase_b|h2_gates[0]                                                                     ; 1       ;
; gates_out~15                                                                                             ; 1       ;
; CPLD_pwm_phase:u_phase_a|h2_gates[3]                                                                     ; 1       ;
; gates_out~14                                                                                             ; 1       ;
; CPLD_pwm_phase:u_phase_a|h2_gates[2]                                                                     ; 1       ;
; gates_out~13                                                                                             ; 1       ;
; CPLD_pwm_phase:u_phase_a|h2_gates[1]                                                                     ; 1       ;
; gates_out~12                                                                                             ; 1       ;
; CPLD_pwm_phase:u_phase_a|h2_gates[0]                                                                     ; 1       ;
; gates_out~11                                                                                             ; 1       ;
; gates_out~10                                                                                             ; 1       ;
; gates_out~9                                                                                              ; 1       ;
; gates_out~8                                                                                              ; 1       ;
; gates_out~7                                                                                              ; 1       ;
; gates_out~6                                                                                              ; 1       ;
; gates_out~5                                                                                              ; 1       ;
; gates_out~4                                                                                              ; 1       ;
; gates_out~3                                                                                              ; 1       ;
; gates_out~2                                                                                              ; 1       ;
; gates_out~1                                                                                              ; 1       ;
; gates_out~0                                                                                              ; 1       ;
; CPLD_pwm_phase:u_phase_c|Add0~48                                                                         ; 1       ;
; CPLD_pwm_phase:u_phase_c|Add0~46                                                                         ; 1       ;
; CPLD_pwm_phase:u_phase_c|Add0~45                                                                         ; 1       ;
; CPLD_pwm_phase:u_phase_c|Add0~43                                                                         ; 1       ;
; CPLD_pwm_phase:u_phase_c|Add0~42                                                                         ; 1       ;
; CPLD_pwm_phase:u_phase_c|Add0~40                                                                         ; 1       ;
; CPLD_pwm_phase:u_phase_c|Add0~39                                                                         ; 1       ;
; CPLD_pwm_phase:u_phase_c|Add0~37                                                                         ; 1       ;
; CPLD_pwm_phase:u_phase_c|Add0~36                                                                         ; 1       ;
; CPLD_pwm_phase:u_phase_c|Add0~34                                                                         ; 1       ;
; CPLD_pwm_phase:u_phase_c|Add0~33                                                                         ; 1       ;
; CPLD_pwm_phase:u_phase_c|Add0~31                                                                         ; 1       ;
; CPLD_pwm_phase:u_phase_c|Add0~30                                                                         ; 1       ;
; CPLD_pwm_phase:u_phase_c|Add0~28                                                                         ; 1       ;
; CPLD_pwm_phase:u_phase_c|Add0~27                                                                         ; 1       ;
; CPLD_pwm_phase:u_phase_c|Add0~25                                                                         ; 1       ;
; CPLD_pwm_phase:u_phase_c|Add0~24                                                                         ; 1       ;
; CPLD_pwm_phase:u_phase_c|Add0~22                                                                         ; 1       ;
; CPLD_pwm_phase:u_phase_c|Add0~21                                                                         ; 1       ;
; CPLD_pwm_phase:u_phase_c|Add0~19                                                                         ; 1       ;
; CPLD_pwm_phase:u_phase_c|Add0~18                                                                         ; 1       ;
; CPLD_pwm_phase:u_phase_c|Add0~16                                                                         ; 1       ;
; CPLD_pwm_phase:u_phase_c|Add0~15                                                                         ; 1       ;
; CPLD_pwm_phase:u_phase_c|Add0~13                                                                         ; 1       ;
; CPLD_pwm_phase:u_phase_c|Add0~12                                                                         ; 1       ;
; CPLD_pwm_phase:u_phase_c|Add0~10                                                                         ; 1       ;
; CPLD_pwm_phase:u_phase_c|Add0~9                                                                          ; 1       ;
; CPLD_pwm_phase:u_phase_c|Add0~7                                                                          ; 1       ;
; CPLD_pwm_phase:u_phase_c|Add0~6                                                                          ; 1       ;
; CPLD_pwm_phase:u_phase_c|Add0~4                                                                          ; 1       ;
; CPLD_pwm_phase:u_phase_c|Add0~3                                                                          ; 1       ;
; CPLD_pwm_phase:u_phase_b|Add0~48                                                                         ; 1       ;
; CPLD_pwm_phase:u_phase_b|Add0~46                                                                         ; 1       ;
; CPLD_pwm_phase:u_phase_b|Add0~45                                                                         ; 1       ;
; CPLD_pwm_phase:u_phase_b|Add0~43                                                                         ; 1       ;
; CPLD_pwm_phase:u_phase_b|Add0~42                                                                         ; 1       ;
; CPLD_pwm_phase:u_phase_b|Add0~40                                                                         ; 1       ;
; CPLD_pwm_phase:u_phase_b|Add0~39                                                                         ; 1       ;
; CPLD_pwm_phase:u_phase_b|Add0~37                                                                         ; 1       ;
; CPLD_pwm_phase:u_phase_b|Add0~36                                                                         ; 1       ;
; CPLD_pwm_phase:u_phase_b|Add0~34                                                                         ; 1       ;
; CPLD_pwm_phase:u_phase_b|Add0~33                                                                         ; 1       ;
; CPLD_pwm_phase:u_phase_b|Add0~31                                                                         ; 1       ;
; CPLD_pwm_phase:u_phase_b|Add0~30                                                                         ; 1       ;
; CPLD_pwm_phase:u_phase_b|Add0~28                                                                         ; 1       ;
; CPLD_pwm_phase:u_phase_b|Add0~27                                                                         ; 1       ;
; CPLD_pwm_phase:u_phase_b|Add0~25                                                                         ; 1       ;
; CPLD_pwm_phase:u_phase_b|Add0~24                                                                         ; 1       ;
; CPLD_pwm_phase:u_phase_b|Add0~22                                                                         ; 1       ;
; CPLD_pwm_phase:u_phase_b|Add0~21                                                                         ; 1       ;
; CPLD_pwm_phase:u_phase_b|Add0~19                                                                         ; 1       ;
; CPLD_pwm_phase:u_phase_b|Add0~18                                                                         ; 1       ;
; CPLD_pwm_phase:u_phase_b|Add0~16                                                                         ; 1       ;
; CPLD_pwm_phase:u_phase_b|Add0~15                                                                         ; 1       ;
; CPLD_pwm_phase:u_phase_b|Add0~13                                                                         ; 1       ;
; CPLD_pwm_phase:u_phase_b|Add0~12                                                                         ; 1       ;
; CPLD_pwm_phase:u_phase_b|Add0~10                                                                         ; 1       ;
; CPLD_pwm_phase:u_phase_b|Add0~9                                                                          ; 1       ;
; CPLD_pwm_phase:u_phase_b|Add0~7                                                                          ; 1       ;
; CPLD_pwm_phase:u_phase_b|Add0~6                                                                          ; 1       ;
; CPLD_pwm_phase:u_phase_b|Add0~4                                                                          ; 1       ;
; CPLD_pwm_phase:u_phase_b|Add0~3                                                                          ; 1       ;
; CPLD_pwm_phase:u_phase_a|Add0~48                                                                         ; 1       ;
; CPLD_pwm_phase:u_phase_a|Add0~46                                                                         ; 1       ;
; CPLD_pwm_phase:u_phase_a|Add0~45                                                                         ; 1       ;
; CPLD_pwm_phase:u_phase_a|Add0~43                                                                         ; 1       ;
; CPLD_pwm_phase:u_phase_a|Add0~42                                                                         ; 1       ;
; CPLD_pwm_phase:u_phase_a|Add0~40                                                                         ; 1       ;
; CPLD_pwm_phase:u_phase_a|Add0~39                                                                         ; 1       ;
; CPLD_pwm_phase:u_phase_a|Add0~37                                                                         ; 1       ;
; CPLD_pwm_phase:u_phase_a|Add0~36                                                                         ; 1       ;
; CPLD_pwm_phase:u_phase_a|Add0~34                                                                         ; 1       ;
; CPLD_pwm_phase:u_phase_a|Add0~33                                                                         ; 1       ;
; CPLD_pwm_phase:u_phase_a|Add0~31                                                                         ; 1       ;
; CPLD_pwm_phase:u_phase_a|Add0~30                                                                         ; 1       ;
; CPLD_pwm_phase:u_phase_a|Add0~28                                                                         ; 1       ;
; CPLD_pwm_phase:u_phase_a|Add0~27                                                                         ; 1       ;
; CPLD_pwm_phase:u_phase_a|Add0~25                                                                         ; 1       ;
; CPLD_pwm_phase:u_phase_a|Add0~24                                                                         ; 1       ;
; CPLD_pwm_phase:u_phase_a|Add0~22                                                                         ; 1       ;
; CPLD_pwm_phase:u_phase_a|Add0~21                                                                         ; 1       ;
; CPLD_pwm_phase:u_phase_a|Add0~19                                                                         ; 1       ;
; CPLD_pwm_phase:u_phase_a|Add0~18                                                                         ; 1       ;
; CPLD_pwm_phase:u_phase_a|Add0~16                                                                         ; 1       ;
; CPLD_pwm_phase:u_phase_a|Add0~15                                                                         ; 1       ;
; CPLD_pwm_phase:u_phase_a|Add0~13                                                                         ; 1       ;
; CPLD_pwm_phase:u_phase_a|Add0~12                                                                         ; 1       ;
; CPLD_pwm_phase:u_phase_a|Add0~10                                                                         ; 1       ;
; CPLD_pwm_phase:u_phase_a|Add0~9                                                                          ; 1       ;
; CPLD_pwm_phase:u_phase_a|Add0~7                                                                          ; 1       ;
; CPLD_pwm_phase:u_phase_a|Add0~6                                                                          ; 1       ;
; CPLD_pwm_phase:u_phase_a|Add0~4                                                                          ; 1       ;
; CPLD_pwm_phase:u_phase_a|Add0~3                                                                          ; 1       ;
; pwm_capture:u_pwm_cap|high_cnt[15]~47                                                                    ; 1       ;
; pwm_capture:u_pwm_cap|high_cnt[14]~46                                                                    ; 1       ;
; pwm_capture:u_pwm_cap|high_cnt[14]~45                                                                    ; 1       ;
; pwm_capture:u_pwm_cap|high_cnt[13]~44                                                                    ; 1       ;
; pwm_capture:u_pwm_cap|high_cnt[13]~43                                                                    ; 1       ;
; pwm_capture:u_pwm_cap|high_cnt[12]~42                                                                    ; 1       ;
; pwm_capture:u_pwm_cap|high_cnt[12]~41                                                                    ; 1       ;
; pwm_capture:u_pwm_cap|high_cnt[11]~40                                                                    ; 1       ;
; pwm_capture:u_pwm_cap|high_cnt[11]~39                                                                    ; 1       ;
; pwm_capture:u_pwm_cap|high_cnt[10]~38                                                                    ; 1       ;
; pwm_capture:u_pwm_cap|high_cnt[10]~37                                                                    ; 1       ;
; pwm_capture:u_pwm_cap|high_cnt[9]~36                                                                     ; 1       ;
; pwm_capture:u_pwm_cap|high_cnt[9]~35                                                                     ; 1       ;
; pwm_capture:u_pwm_cap|high_cnt[8]~34                                                                     ; 1       ;
; pwm_capture:u_pwm_cap|high_cnt[8]~33                                                                     ; 1       ;
; pwm_capture:u_pwm_cap|high_cnt[7]~32                                                                     ; 1       ;
; pwm_capture:u_pwm_cap|high_cnt[7]~31                                                                     ; 1       ;
; pwm_capture:u_pwm_cap|high_cnt[6]~30                                                                     ; 1       ;
; pwm_capture:u_pwm_cap|high_cnt[6]~29                                                                     ; 1       ;
; pwm_capture:u_pwm_cap|high_cnt[5]~28                                                                     ; 1       ;
; pwm_capture:u_pwm_cap|high_cnt[5]~27                                                                     ; 1       ;
; pwm_capture:u_pwm_cap|high_cnt[4]~26                                                                     ; 1       ;
; pwm_capture:u_pwm_cap|high_cnt[4]~25                                                                     ; 1       ;
; pwm_capture:u_pwm_cap|high_cnt[3]~24                                                                     ; 1       ;
; pwm_capture:u_pwm_cap|high_cnt[3]~23                                                                     ; 1       ;
; pwm_capture:u_pwm_cap|high_cnt[2]~22                                                                     ; 1       ;
; pwm_capture:u_pwm_cap|high_cnt[2]~21                                                                     ; 1       ;
; pwm_capture:u_pwm_cap|high_cnt[1]~20                                                                     ; 1       ;
; pwm_capture:u_pwm_cap|high_cnt[1]~19                                                                     ; 1       ;
; pwm_capture:u_pwm_cap|high_cnt[0]~17                                                                     ; 1       ;
; pwm_capture:u_pwm_cap|high_cnt[0]~16                                                                     ; 1       ;
; pwm_capture:u_pwm_cap|period_cnt[15]~46                                                                  ; 1       ;
; pwm_capture:u_pwm_cap|period_cnt[14]~45                                                                  ; 1       ;
; pwm_capture:u_pwm_cap|period_cnt[14]~44                                                                  ; 1       ;
; pwm_capture:u_pwm_cap|period_cnt[13]~43                                                                  ; 1       ;
; pwm_capture:u_pwm_cap|period_cnt[13]~42                                                                  ; 1       ;
; pwm_capture:u_pwm_cap|period_cnt[12]~41                                                                  ; 1       ;
; pwm_capture:u_pwm_cap|period_cnt[12]~40                                                                  ; 1       ;
; pwm_capture:u_pwm_cap|period_cnt[11]~39                                                                  ; 1       ;
; pwm_capture:u_pwm_cap|period_cnt[11]~38                                                                  ; 1       ;
; pwm_capture:u_pwm_cap|period_cnt[10]~37                                                                  ; 1       ;
; pwm_capture:u_pwm_cap|period_cnt[10]~36                                                                  ; 1       ;
; pwm_capture:u_pwm_cap|period_cnt[9]~35                                                                   ; 1       ;
; pwm_capture:u_pwm_cap|period_cnt[9]~34                                                                   ; 1       ;
; pwm_capture:u_pwm_cap|period_cnt[8]~33                                                                   ; 1       ;
; pwm_capture:u_pwm_cap|period_cnt[8]~32                                                                   ; 1       ;
; pwm_capture:u_pwm_cap|period_cnt[7]~31                                                                   ; 1       ;
; pwm_capture:u_pwm_cap|period_cnt[7]~30                                                                   ; 1       ;
; pwm_capture:u_pwm_cap|period_cnt[6]~29                                                                   ; 1       ;
; pwm_capture:u_pwm_cap|period_cnt[6]~28                                                                   ; 1       ;
; pwm_capture:u_pwm_cap|period_cnt[5]~27                                                                   ; 1       ;
; pwm_capture:u_pwm_cap|period_cnt[5]~26                                                                   ; 1       ;
; pwm_capture:u_pwm_cap|period_cnt[4]~25                                                                   ; 1       ;
; pwm_capture:u_pwm_cap|period_cnt[4]~24                                                                   ; 1       ;
; pwm_capture:u_pwm_cap|period_cnt[3]~23                                                                   ; 1       ;
; pwm_capture:u_pwm_cap|period_cnt[3]~22                                                                   ; 1       ;
; pwm_capture:u_pwm_cap|period_cnt[2]~21                                                                   ; 1       ;
; pwm_capture:u_pwm_cap|period_cnt[2]~20                                                                   ; 1       ;
; pwm_capture:u_pwm_cap|period_cnt[1]~19                                                                   ; 1       ;
; pwm_capture:u_pwm_cap|period_cnt[1]~18                                                                   ; 1       ;
; pwm_capture:u_pwm_cap|period_cnt[0]~17                                                                   ; 1       ;
; pwm_capture:u_pwm_cap|period_cnt[0]~16                                                                   ; 1       ;
; CPLD_pwm_phase:u_phase_c|lpm_mult:Mult0|mult_j9t:auto_generated|mac_mult1~5                              ; 1       ;
; CPLD_pwm_phase:u_phase_c|lpm_mult:Mult0|mult_j9t:auto_generated|mac_mult1~4                              ; 1       ;
; CPLD_pwm_phase:u_phase_c|lpm_mult:Mult0|mult_j9t:auto_generated|mac_mult1~3                              ; 1       ;
; CPLD_pwm_phase:u_phase_c|lpm_mult:Mult0|mult_j9t:auto_generated|mac_mult1~2                              ; 1       ;
; CPLD_pwm_phase:u_phase_c|lpm_mult:Mult0|mult_j9t:auto_generated|mac_mult1~1                              ; 1       ;
; CPLD_pwm_phase:u_phase_c|lpm_mult:Mult0|mult_j9t:auto_generated|mac_mult1~0                              ; 1       ;
; CPLD_pwm_phase:u_phase_c|lpm_mult:Mult0|mult_j9t:auto_generated|mac_mult1~DATAOUT29                      ; 1       ;
; CPLD_pwm_phase:u_phase_c|lpm_mult:Mult0|mult_j9t:auto_generated|mac_mult1~DATAOUT28                      ; 1       ;
; CPLD_pwm_phase:u_phase_c|lpm_mult:Mult0|mult_j9t:auto_generated|mac_mult1~DATAOUT27                      ; 1       ;
; CPLD_pwm_phase:u_phase_c|lpm_mult:Mult0|mult_j9t:auto_generated|mac_mult1~DATAOUT26                      ; 1       ;
; CPLD_pwm_phase:u_phase_c|lpm_mult:Mult0|mult_j9t:auto_generated|mac_mult1~DATAOUT25                      ; 1       ;
; CPLD_pwm_phase:u_phase_c|lpm_mult:Mult0|mult_j9t:auto_generated|mac_mult1~DATAOUT24                      ; 1       ;
; CPLD_pwm_phase:u_phase_c|lpm_mult:Mult0|mult_j9t:auto_generated|mac_mult1~DATAOUT23                      ; 1       ;
; CPLD_pwm_phase:u_phase_c|lpm_mult:Mult0|mult_j9t:auto_generated|mac_mult1~DATAOUT22                      ; 1       ;
; CPLD_pwm_phase:u_phase_c|lpm_mult:Mult0|mult_j9t:auto_generated|mac_mult1~DATAOUT21                      ; 1       ;
; CPLD_pwm_phase:u_phase_c|lpm_mult:Mult0|mult_j9t:auto_generated|mac_mult1~DATAOUT20                      ; 1       ;
; CPLD_pwm_phase:u_phase_c|lpm_mult:Mult0|mult_j9t:auto_generated|mac_mult1~DATAOUT19                      ; 1       ;
; CPLD_pwm_phase:u_phase_c|lpm_mult:Mult0|mult_j9t:auto_generated|mac_mult1~DATAOUT18                      ; 1       ;
; CPLD_pwm_phase:u_phase_c|lpm_mult:Mult0|mult_j9t:auto_generated|mac_mult1~DATAOUT17                      ; 1       ;
; CPLD_pwm_phase:u_phase_c|lpm_mult:Mult0|mult_j9t:auto_generated|mac_mult1~DATAOUT16                      ; 1       ;
; CPLD_pwm_phase:u_phase_c|lpm_mult:Mult0|mult_j9t:auto_generated|mac_mult1~DATAOUT15                      ; 1       ;
; CPLD_pwm_phase:u_phase_c|lpm_mult:Mult0|mult_j9t:auto_generated|mac_mult1~DATAOUT14                      ; 1       ;
; CPLD_pwm_phase:u_phase_c|lpm_mult:Mult0|mult_j9t:auto_generated|mac_mult1~DATAOUT13                      ; 1       ;
; CPLD_pwm_phase:u_phase_c|lpm_mult:Mult0|mult_j9t:auto_generated|mac_mult1~DATAOUT12                      ; 1       ;
; CPLD_pwm_phase:u_phase_c|lpm_mult:Mult0|mult_j9t:auto_generated|mac_mult1~DATAOUT11                      ; 1       ;
; CPLD_pwm_phase:u_phase_c|lpm_mult:Mult0|mult_j9t:auto_generated|mac_mult1~DATAOUT10                      ; 1       ;
; CPLD_pwm_phase:u_phase_c|lpm_mult:Mult0|mult_j9t:auto_generated|mac_mult1~DATAOUT9                       ; 1       ;
; CPLD_pwm_phase:u_phase_c|lpm_mult:Mult0|mult_j9t:auto_generated|mac_mult1~DATAOUT8                       ; 1       ;
; CPLD_pwm_phase:u_phase_c|lpm_mult:Mult0|mult_j9t:auto_generated|mac_mult1~DATAOUT7                       ; 1       ;
; CPLD_pwm_phase:u_phase_c|lpm_mult:Mult0|mult_j9t:auto_generated|mac_mult1~DATAOUT6                       ; 1       ;
; CPLD_pwm_phase:u_phase_c|lpm_mult:Mult0|mult_j9t:auto_generated|mac_mult1~DATAOUT5                       ; 1       ;
; CPLD_pwm_phase:u_phase_c|lpm_mult:Mult0|mult_j9t:auto_generated|mac_mult1~DATAOUT4                       ; 1       ;
; CPLD_pwm_phase:u_phase_c|lpm_mult:Mult0|mult_j9t:auto_generated|mac_mult1~DATAOUT3                       ; 1       ;
; CPLD_pwm_phase:u_phase_c|lpm_mult:Mult0|mult_j9t:auto_generated|mac_mult1~DATAOUT2                       ; 1       ;
; CPLD_pwm_phase:u_phase_c|lpm_mult:Mult0|mult_j9t:auto_generated|mac_mult1~DATAOUT1                       ; 1       ;
; CPLD_pwm_phase:u_phase_c|lpm_mult:Mult0|mult_j9t:auto_generated|mac_mult1                                ; 1       ;
; CPLD_pwm_phase:u_phase_b|lpm_mult:Mult0|mult_j9t:auto_generated|mac_mult1~5                              ; 1       ;
; CPLD_pwm_phase:u_phase_b|lpm_mult:Mult0|mult_j9t:auto_generated|mac_mult1~4                              ; 1       ;
; CPLD_pwm_phase:u_phase_b|lpm_mult:Mult0|mult_j9t:auto_generated|mac_mult1~3                              ; 1       ;
; CPLD_pwm_phase:u_phase_b|lpm_mult:Mult0|mult_j9t:auto_generated|mac_mult1~2                              ; 1       ;
; CPLD_pwm_phase:u_phase_b|lpm_mult:Mult0|mult_j9t:auto_generated|mac_mult1~1                              ; 1       ;
; CPLD_pwm_phase:u_phase_b|lpm_mult:Mult0|mult_j9t:auto_generated|mac_mult1~0                              ; 1       ;
; CPLD_pwm_phase:u_phase_b|lpm_mult:Mult0|mult_j9t:auto_generated|mac_mult1~DATAOUT29                      ; 1       ;
; CPLD_pwm_phase:u_phase_b|lpm_mult:Mult0|mult_j9t:auto_generated|mac_mult1~DATAOUT28                      ; 1       ;
; CPLD_pwm_phase:u_phase_b|lpm_mult:Mult0|mult_j9t:auto_generated|mac_mult1~DATAOUT27                      ; 1       ;
; CPLD_pwm_phase:u_phase_b|lpm_mult:Mult0|mult_j9t:auto_generated|mac_mult1~DATAOUT26                      ; 1       ;
; CPLD_pwm_phase:u_phase_b|lpm_mult:Mult0|mult_j9t:auto_generated|mac_mult1~DATAOUT25                      ; 1       ;
; CPLD_pwm_phase:u_phase_b|lpm_mult:Mult0|mult_j9t:auto_generated|mac_mult1~DATAOUT24                      ; 1       ;
; CPLD_pwm_phase:u_phase_b|lpm_mult:Mult0|mult_j9t:auto_generated|mac_mult1~DATAOUT23                      ; 1       ;
; CPLD_pwm_phase:u_phase_b|lpm_mult:Mult0|mult_j9t:auto_generated|mac_mult1~DATAOUT22                      ; 1       ;
; CPLD_pwm_phase:u_phase_b|lpm_mult:Mult0|mult_j9t:auto_generated|mac_mult1~DATAOUT21                      ; 1       ;
; CPLD_pwm_phase:u_phase_b|lpm_mult:Mult0|mult_j9t:auto_generated|mac_mult1~DATAOUT20                      ; 1       ;
; CPLD_pwm_phase:u_phase_b|lpm_mult:Mult0|mult_j9t:auto_generated|mac_mult1~DATAOUT19                      ; 1       ;
; CPLD_pwm_phase:u_phase_b|lpm_mult:Mult0|mult_j9t:auto_generated|mac_mult1~DATAOUT18                      ; 1       ;
; CPLD_pwm_phase:u_phase_b|lpm_mult:Mult0|mult_j9t:auto_generated|mac_mult1~DATAOUT17                      ; 1       ;
; CPLD_pwm_phase:u_phase_b|lpm_mult:Mult0|mult_j9t:auto_generated|mac_mult1~DATAOUT16                      ; 1       ;
; CPLD_pwm_phase:u_phase_b|lpm_mult:Mult0|mult_j9t:auto_generated|mac_mult1~DATAOUT15                      ; 1       ;
; CPLD_pwm_phase:u_phase_b|lpm_mult:Mult0|mult_j9t:auto_generated|mac_mult1~DATAOUT14                      ; 1       ;
; CPLD_pwm_phase:u_phase_b|lpm_mult:Mult0|mult_j9t:auto_generated|mac_mult1~DATAOUT13                      ; 1       ;
; CPLD_pwm_phase:u_phase_b|lpm_mult:Mult0|mult_j9t:auto_generated|mac_mult1~DATAOUT12                      ; 1       ;
; CPLD_pwm_phase:u_phase_b|lpm_mult:Mult0|mult_j9t:auto_generated|mac_mult1~DATAOUT11                      ; 1       ;
; CPLD_pwm_phase:u_phase_b|lpm_mult:Mult0|mult_j9t:auto_generated|mac_mult1~DATAOUT10                      ; 1       ;
; CPLD_pwm_phase:u_phase_b|lpm_mult:Mult0|mult_j9t:auto_generated|mac_mult1~DATAOUT9                       ; 1       ;
; CPLD_pwm_phase:u_phase_b|lpm_mult:Mult0|mult_j9t:auto_generated|mac_mult1~DATAOUT8                       ; 1       ;
; CPLD_pwm_phase:u_phase_b|lpm_mult:Mult0|mult_j9t:auto_generated|mac_mult1~DATAOUT7                       ; 1       ;
; CPLD_pwm_phase:u_phase_b|lpm_mult:Mult0|mult_j9t:auto_generated|mac_mult1~DATAOUT6                       ; 1       ;
; CPLD_pwm_phase:u_phase_b|lpm_mult:Mult0|mult_j9t:auto_generated|mac_mult1~DATAOUT5                       ; 1       ;
; CPLD_pwm_phase:u_phase_b|lpm_mult:Mult0|mult_j9t:auto_generated|mac_mult1~DATAOUT4                       ; 1       ;
; CPLD_pwm_phase:u_phase_b|lpm_mult:Mult0|mult_j9t:auto_generated|mac_mult1~DATAOUT3                       ; 1       ;
; CPLD_pwm_phase:u_phase_b|lpm_mult:Mult0|mult_j9t:auto_generated|mac_mult1~DATAOUT2                       ; 1       ;
; CPLD_pwm_phase:u_phase_b|lpm_mult:Mult0|mult_j9t:auto_generated|mac_mult1~DATAOUT1                       ; 1       ;
; CPLD_pwm_phase:u_phase_b|lpm_mult:Mult0|mult_j9t:auto_generated|mac_mult1                                ; 1       ;
; CPLD_pwm_carrier:u_carrier|Add1~22                                                                       ; 1       ;
; CPLD_pwm_carrier:u_carrier|Add1~21                                                                       ; 1       ;
; CPLD_pwm_carrier:u_carrier|Add1~20                                                                       ; 1       ;
; CPLD_pwm_carrier:u_carrier|Add1~19                                                                       ; 1       ;
; CPLD_pwm_carrier:u_carrier|Add1~18                                                                       ; 1       ;
; CPLD_pwm_carrier:u_carrier|Add1~17                                                                       ; 1       ;
; CPLD_pwm_carrier:u_carrier|Add1~16                                                                       ; 1       ;
; CPLD_pwm_carrier:u_carrier|Add1~15                                                                       ; 1       ;
; CPLD_pwm_carrier:u_carrier|Add1~14                                                                       ; 1       ;
; CPLD_pwm_carrier:u_carrier|Add1~13                                                                       ; 1       ;
; CPLD_pwm_carrier:u_carrier|Add1~12                                                                       ; 1       ;
; CPLD_pwm_carrier:u_carrier|Add1~11                                                                       ; 1       ;
; CPLD_pwm_carrier:u_carrier|Add1~10                                                                       ; 1       ;
; CPLD_pwm_carrier:u_carrier|Add1~9                                                                        ; 1       ;
; CPLD_pwm_carrier:u_carrier|Add1~8                                                                        ; 1       ;
; CPLD_pwm_carrier:u_carrier|Add1~7                                                                        ; 1       ;
; CPLD_pwm_carrier:u_carrier|Add1~6                                                                        ; 1       ;
; CPLD_pwm_carrier:u_carrier|Add1~5                                                                        ; 1       ;
; CPLD_pwm_carrier:u_carrier|Add1~4                                                                        ; 1       ;
; CPLD_pwm_carrier:u_carrier|Add1~3                                                                        ; 1       ;
; CPLD_pwm_carrier:u_carrier|Add1~2                                                                        ; 1       ;
; CPLD_pwm_carrier:u_carrier|Add1~1                                                                        ; 1       ;
; CPLD_pwm_carrier:u_carrier|Add1~0                                                                        ; 1       ;
; CPLD_pwm_carrier:u_carrier|Add0~22                                                                       ; 1       ;
; CPLD_pwm_carrier:u_carrier|Add0~21                                                                       ; 1       ;
; CPLD_pwm_carrier:u_carrier|Add0~20                                                                       ; 1       ;
; CPLD_pwm_carrier:u_carrier|Add0~19                                                                       ; 1       ;
; CPLD_pwm_carrier:u_carrier|Add0~18                                                                       ; 1       ;
; CPLD_pwm_carrier:u_carrier|Add0~17                                                                       ; 1       ;
; CPLD_pwm_carrier:u_carrier|Add0~16                                                                       ; 1       ;
; CPLD_pwm_carrier:u_carrier|Add0~15                                                                       ; 1       ;
; CPLD_pwm_carrier:u_carrier|Add0~14                                                                       ; 1       ;
; CPLD_pwm_carrier:u_carrier|Add0~13                                                                       ; 1       ;
; CPLD_pwm_carrier:u_carrier|Add0~12                                                                       ; 1       ;
; CPLD_pwm_carrier:u_carrier|Add0~11                                                                       ; 1       ;
; CPLD_pwm_carrier:u_carrier|Add0~10                                                                       ; 1       ;
; CPLD_pwm_carrier:u_carrier|Add0~9                                                                        ; 1       ;
; CPLD_pwm_carrier:u_carrier|Add0~8                                                                        ; 1       ;
; CPLD_pwm_carrier:u_carrier|Add0~7                                                                        ; 1       ;
; CPLD_pwm_carrier:u_carrier|Add0~6                                                                        ; 1       ;
; CPLD_pwm_carrier:u_carrier|Add0~5                                                                        ; 1       ;
; CPLD_pwm_carrier:u_carrier|Add0~4                                                                        ; 1       ;
; CPLD_pwm_carrier:u_carrier|Add0~3                                                                        ; 1       ;
; CPLD_pwm_carrier:u_carrier|Add0~2                                                                        ; 1       ;
; CPLD_pwm_carrier:u_carrier|Add0~1                                                                        ; 1       ;
; CPLD_pwm_carrier:u_carrier|Add0~0                                                                        ; 1       ;
; CPLD_pwm_phase:u_phase_a|lpm_mult:Mult0|mult_j9t:auto_generated|mac_mult1~5                              ; 1       ;
; CPLD_pwm_phase:u_phase_a|lpm_mult:Mult0|mult_j9t:auto_generated|mac_mult1~4                              ; 1       ;
; CPLD_pwm_phase:u_phase_a|lpm_mult:Mult0|mult_j9t:auto_generated|mac_mult1~3                              ; 1       ;
; CPLD_pwm_phase:u_phase_a|lpm_mult:Mult0|mult_j9t:auto_generated|mac_mult1~2                              ; 1       ;
; CPLD_pwm_phase:u_phase_a|lpm_mult:Mult0|mult_j9t:auto_generated|mac_mult1~1                              ; 1       ;
; CPLD_pwm_phase:u_phase_a|lpm_mult:Mult0|mult_j9t:auto_generated|mac_mult1~0                              ; 1       ;
; CPLD_pwm_phase:u_phase_a|lpm_mult:Mult0|mult_j9t:auto_generated|mac_mult1~DATAOUT29                      ; 1       ;
; CPLD_pwm_phase:u_phase_a|lpm_mult:Mult0|mult_j9t:auto_generated|mac_mult1~DATAOUT28                      ; 1       ;
; CPLD_pwm_phase:u_phase_a|lpm_mult:Mult0|mult_j9t:auto_generated|mac_mult1~DATAOUT27                      ; 1       ;
; CPLD_pwm_phase:u_phase_a|lpm_mult:Mult0|mult_j9t:auto_generated|mac_mult1~DATAOUT26                      ; 1       ;
; CPLD_pwm_phase:u_phase_a|lpm_mult:Mult0|mult_j9t:auto_generated|mac_mult1~DATAOUT25                      ; 1       ;
; CPLD_pwm_phase:u_phase_a|lpm_mult:Mult0|mult_j9t:auto_generated|mac_mult1~DATAOUT24                      ; 1       ;
; CPLD_pwm_phase:u_phase_a|lpm_mult:Mult0|mult_j9t:auto_generated|mac_mult1~DATAOUT23                      ; 1       ;
; CPLD_pwm_phase:u_phase_a|lpm_mult:Mult0|mult_j9t:auto_generated|mac_mult1~DATAOUT22                      ; 1       ;
; CPLD_pwm_phase:u_phase_a|lpm_mult:Mult0|mult_j9t:auto_generated|mac_mult1~DATAOUT21                      ; 1       ;
; CPLD_pwm_phase:u_phase_a|lpm_mult:Mult0|mult_j9t:auto_generated|mac_mult1~DATAOUT20                      ; 1       ;
; CPLD_pwm_phase:u_phase_a|lpm_mult:Mult0|mult_j9t:auto_generated|mac_mult1~DATAOUT19                      ; 1       ;
; CPLD_pwm_phase:u_phase_a|lpm_mult:Mult0|mult_j9t:auto_generated|mac_mult1~DATAOUT18                      ; 1       ;
; CPLD_pwm_phase:u_phase_a|lpm_mult:Mult0|mult_j9t:auto_generated|mac_mult1~DATAOUT17                      ; 1       ;
; CPLD_pwm_phase:u_phase_a|lpm_mult:Mult0|mult_j9t:auto_generated|mac_mult1~DATAOUT16                      ; 1       ;
; CPLD_pwm_phase:u_phase_a|lpm_mult:Mult0|mult_j9t:auto_generated|mac_mult1~DATAOUT15                      ; 1       ;
; CPLD_pwm_phase:u_phase_a|lpm_mult:Mult0|mult_j9t:auto_generated|mac_mult1~DATAOUT14                      ; 1       ;
; CPLD_pwm_phase:u_phase_a|lpm_mult:Mult0|mult_j9t:auto_generated|mac_mult1~DATAOUT13                      ; 1       ;
; CPLD_pwm_phase:u_phase_a|lpm_mult:Mult0|mult_j9t:auto_generated|mac_mult1~DATAOUT12                      ; 1       ;
; CPLD_pwm_phase:u_phase_a|lpm_mult:Mult0|mult_j9t:auto_generated|mac_mult1~DATAOUT11                      ; 1       ;
; CPLD_pwm_phase:u_phase_a|lpm_mult:Mult0|mult_j9t:auto_generated|mac_mult1~DATAOUT10                      ; 1       ;
; CPLD_pwm_phase:u_phase_a|lpm_mult:Mult0|mult_j9t:auto_generated|mac_mult1~DATAOUT9                       ; 1       ;
; CPLD_pwm_phase:u_phase_a|lpm_mult:Mult0|mult_j9t:auto_generated|mac_mult1~DATAOUT8                       ; 1       ;
; CPLD_pwm_phase:u_phase_a|lpm_mult:Mult0|mult_j9t:auto_generated|mac_mult1~DATAOUT7                       ; 1       ;
; CPLD_pwm_phase:u_phase_a|lpm_mult:Mult0|mult_j9t:auto_generated|mac_mult1~DATAOUT6                       ; 1       ;
; CPLD_pwm_phase:u_phase_a|lpm_mult:Mult0|mult_j9t:auto_generated|mac_mult1~DATAOUT5                       ; 1       ;
; CPLD_pwm_phase:u_phase_a|lpm_mult:Mult0|mult_j9t:auto_generated|mac_mult1~DATAOUT4                       ; 1       ;
; CPLD_pwm_phase:u_phase_a|lpm_mult:Mult0|mult_j9t:auto_generated|mac_mult1~DATAOUT3                       ; 1       ;
; CPLD_pwm_phase:u_phase_a|lpm_mult:Mult0|mult_j9t:auto_generated|mac_mult1~DATAOUT2                       ; 1       ;
; CPLD_pwm_phase:u_phase_a|lpm_mult:Mult0|mult_j9t:auto_generated|mac_mult1~DATAOUT1                       ; 1       ;
; CPLD_pwm_phase:u_phase_a|lpm_mult:Mult0|mult_j9t:auto_generated|mac_mult1                                ; 1       ;
; CPLD_pwm_phase:u_phase_c|LessThan3~22                                                                    ; 1       ;
; CPLD_pwm_phase:u_phase_c|LessThan3~21                                                                    ; 1       ;
; CPLD_pwm_phase:u_phase_c|LessThan3~19                                                                    ; 1       ;
; CPLD_pwm_phase:u_phase_c|LessThan3~17                                                                    ; 1       ;
; CPLD_pwm_phase:u_phase_c|LessThan3~15                                                                    ; 1       ;
; CPLD_pwm_phase:u_phase_c|LessThan3~13                                                                    ; 1       ;
; CPLD_pwm_phase:u_phase_c|LessThan3~11                                                                    ; 1       ;
; CPLD_pwm_phase:u_phase_c|LessThan3~9                                                                     ; 1       ;
; CPLD_pwm_phase:u_phase_c|LessThan3~7                                                                     ; 1       ;
; CPLD_pwm_phase:u_phase_c|LessThan3~5                                                                     ; 1       ;
; CPLD_pwm_phase:u_phase_c|LessThan3~3                                                                     ; 1       ;
; CPLD_pwm_phase:u_phase_c|LessThan3~1                                                                     ; 1       ;
; CPLD_pwm_phase:u_phase_c|Add1~31                                                                         ; 1       ;
; CPLD_pwm_phase:u_phase_c|Add1~30                                                                         ; 1       ;
; CPLD_pwm_phase:u_phase_c|Add1~29                                                                         ; 1       ;
; CPLD_pwm_phase:u_phase_c|Add1~28                                                                         ; 1       ;
; CPLD_pwm_phase:u_phase_c|Add1~27                                                                         ; 1       ;
; CPLD_pwm_phase:u_phase_c|Add1~26                                                                         ; 1       ;
; CPLD_pwm_phase:u_phase_c|Add1~25                                                                         ; 1       ;
; CPLD_pwm_phase:u_phase_c|Add1~24                                                                         ; 1       ;
; CPLD_pwm_phase:u_phase_c|Add1~23                                                                         ; 1       ;
; CPLD_pwm_phase:u_phase_c|Add1~22                                                                         ; 1       ;
; CPLD_pwm_phase:u_phase_c|Add1~21                                                                         ; 1       ;
; CPLD_pwm_phase:u_phase_c|Add1~20                                                                         ; 1       ;
; CPLD_pwm_phase:u_phase_c|Add1~19                                                                         ; 1       ;
; CPLD_pwm_phase:u_phase_c|Add1~18                                                                         ; 1       ;
; CPLD_pwm_phase:u_phase_c|Add1~17                                                                         ; 1       ;
; CPLD_pwm_phase:u_phase_c|Add1~16                                                                         ; 1       ;
; CPLD_pwm_phase:u_phase_c|Add1~15                                                                         ; 1       ;
; CPLD_pwm_phase:u_phase_c|Add1~14                                                                         ; 1       ;
; CPLD_pwm_phase:u_phase_c|Add1~13                                                                         ; 1       ;
; CPLD_pwm_phase:u_phase_c|Add1~12                                                                         ; 1       ;
; CPLD_pwm_phase:u_phase_c|Add1~11                                                                         ; 1       ;
; CPLD_pwm_phase:u_phase_c|Add1~10                                                                         ; 1       ;
; CPLD_pwm_phase:u_phase_c|Add1~9                                                                          ; 1       ;
; CPLD_pwm_phase:u_phase_c|Add1~8                                                                          ; 1       ;
; CPLD_pwm_phase:u_phase_c|Add1~7                                                                          ; 1       ;
; CPLD_pwm_phase:u_phase_c|Add1~6                                                                          ; 1       ;
; CPLD_pwm_phase:u_phase_c|Add1~5                                                                          ; 1       ;
; CPLD_pwm_phase:u_phase_c|Add1~4                                                                          ; 1       ;
; CPLD_pwm_phase:u_phase_c|Add1~3                                                                          ; 1       ;
; CPLD_pwm_phase:u_phase_c|Add1~2                                                                          ; 1       ;
; CPLD_pwm_phase:u_phase_c|Add1~1                                                                          ; 1       ;
; CPLD_pwm_phase:u_phase_c|Add0~1                                                                          ; 1       ;
; CPLD_pwm_phase:u_phase_c|Add0~0                                                                          ; 1       ;
; CPLD_pwm_phase:u_phase_c|lpm_mult:Mult0|mult_j9t:auto_generated|mac_out2~DATAOUT28                       ; 1       ;
; CPLD_pwm_phase:u_phase_c|lpm_mult:Mult0|mult_j9t:auto_generated|mac_out2~DATAOUT27                       ; 1       ;
; CPLD_pwm_phase:u_phase_c|lpm_mult:Mult0|mult_j9t:auto_generated|mac_out2~DATAOUT26                       ; 1       ;
; CPLD_pwm_phase:u_phase_c|lpm_mult:Mult0|mult_j9t:auto_generated|mac_out2~DATAOUT25                       ; 1       ;
; CPLD_pwm_phase:u_phase_c|lpm_mult:Mult0|mult_j9t:auto_generated|mac_out2~DATAOUT24                       ; 1       ;
; CPLD_pwm_phase:u_phase_c|lpm_mult:Mult0|mult_j9t:auto_generated|mac_out2~DATAOUT23                       ; 1       ;
; CPLD_pwm_phase:u_phase_c|lpm_mult:Mult0|mult_j9t:auto_generated|mac_out2~DATAOUT22                       ; 1       ;
; CPLD_pwm_phase:u_phase_c|lpm_mult:Mult0|mult_j9t:auto_generated|mac_out2~DATAOUT21                       ; 1       ;
; CPLD_pwm_phase:u_phase_c|lpm_mult:Mult0|mult_j9t:auto_generated|mac_out2~DATAOUT20                       ; 1       ;
; CPLD_pwm_phase:u_phase_c|lpm_mult:Mult0|mult_j9t:auto_generated|mac_out2~DATAOUT19                       ; 1       ;
; CPLD_pwm_phase:u_phase_c|lpm_mult:Mult0|mult_j9t:auto_generated|mac_out2~DATAOUT18                       ; 1       ;
; CPLD_pwm_phase:u_phase_c|lpm_mult:Mult0|mult_j9t:auto_generated|mac_out2~DATAOUT17                       ; 1       ;
; CPLD_pwm_phase:u_phase_c|lpm_mult:Mult0|mult_j9t:auto_generated|mac_out2~DATAOUT16                       ; 1       ;
; CPLD_pwm_phase:u_phase_c|lpm_mult:Mult0|mult_j9t:auto_generated|mac_out2~DATAOUT15                       ; 1       ;
; CPLD_pwm_phase:u_phase_c|lpm_mult:Mult0|mult_j9t:auto_generated|mac_out2~DATAOUT14                       ; 1       ;
; CPLD_pwm_phase:u_phase_c|lpm_mult:Mult0|mult_j9t:auto_generated|mac_out2~DATAOUT13                       ; 1       ;
; CPLD_pwm_phase:u_phase_c|lpm_mult:Mult0|mult_j9t:auto_generated|mac_out2~DATAOUT12                       ; 1       ;
; CPLD_pwm_phase:u_phase_c|lpm_mult:Mult0|mult_j9t:auto_generated|mac_out2~DATAOUT11                       ; 1       ;
; CPLD_pwm_phase:u_phase_c|lpm_mult:Mult0|mult_j9t:auto_generated|mac_out2~DATAOUT10                       ; 1       ;
; CPLD_pwm_phase:u_phase_c|lpm_mult:Mult0|mult_j9t:auto_generated|mac_out2~DATAOUT9                        ; 1       ;
; CPLD_pwm_phase:u_phase_c|lpm_mult:Mult0|mult_j9t:auto_generated|mac_out2~DATAOUT8                        ; 1       ;
; CPLD_pwm_phase:u_phase_c|lpm_mult:Mult0|mult_j9t:auto_generated|mac_out2~DATAOUT7                        ; 1       ;
; CPLD_pwm_phase:u_phase_c|lpm_mult:Mult0|mult_j9t:auto_generated|mac_out2~DATAOUT6                        ; 1       ;
; CPLD_pwm_phase:u_phase_c|lpm_mult:Mult0|mult_j9t:auto_generated|mac_out2~DATAOUT5                        ; 1       ;
; CPLD_pwm_phase:u_phase_c|lpm_mult:Mult0|mult_j9t:auto_generated|mac_out2~DATAOUT4                        ; 1       ;
; CPLD_pwm_phase:u_phase_c|lpm_mult:Mult0|mult_j9t:auto_generated|mac_out2~DATAOUT3                        ; 1       ;
; CPLD_pwm_phase:u_phase_c|lpm_mult:Mult0|mult_j9t:auto_generated|mac_out2~DATAOUT2                        ; 1       ;
; CPLD_pwm_phase:u_phase_b|LessThan3~22                                                                    ; 1       ;
; CPLD_pwm_phase:u_phase_b|LessThan3~21                                                                    ; 1       ;
; CPLD_pwm_phase:u_phase_b|LessThan3~19                                                                    ; 1       ;
; CPLD_pwm_phase:u_phase_b|LessThan3~17                                                                    ; 1       ;
; CPLD_pwm_phase:u_phase_b|LessThan3~15                                                                    ; 1       ;
; CPLD_pwm_phase:u_phase_b|LessThan3~13                                                                    ; 1       ;
; CPLD_pwm_phase:u_phase_b|LessThan3~11                                                                    ; 1       ;
; CPLD_pwm_phase:u_phase_b|LessThan3~9                                                                     ; 1       ;
; CPLD_pwm_phase:u_phase_b|LessThan3~7                                                                     ; 1       ;
; CPLD_pwm_phase:u_phase_b|LessThan3~5                                                                     ; 1       ;
; CPLD_pwm_phase:u_phase_b|LessThan3~3                                                                     ; 1       ;
; CPLD_pwm_phase:u_phase_b|LessThan3~1                                                                     ; 1       ;
; CPLD_pwm_phase:u_phase_b|Add1~31                                                                         ; 1       ;
; CPLD_pwm_phase:u_phase_b|Add1~30                                                                         ; 1       ;
; CPLD_pwm_phase:u_phase_b|Add1~29                                                                         ; 1       ;
; CPLD_pwm_phase:u_phase_b|Add1~28                                                                         ; 1       ;
; CPLD_pwm_phase:u_phase_b|Add1~27                                                                         ; 1       ;
; CPLD_pwm_phase:u_phase_b|Add1~26                                                                         ; 1       ;
; CPLD_pwm_phase:u_phase_b|Add1~25                                                                         ; 1       ;
; CPLD_pwm_phase:u_phase_b|Add1~24                                                                         ; 1       ;
; CPLD_pwm_phase:u_phase_b|Add1~23                                                                         ; 1       ;
; CPLD_pwm_phase:u_phase_b|Add1~22                                                                         ; 1       ;
; CPLD_pwm_phase:u_phase_b|Add1~21                                                                         ; 1       ;
; CPLD_pwm_phase:u_phase_b|Add1~20                                                                         ; 1       ;
; CPLD_pwm_phase:u_phase_b|Add1~19                                                                         ; 1       ;
; CPLD_pwm_phase:u_phase_b|Add1~18                                                                         ; 1       ;
; CPLD_pwm_phase:u_phase_b|Add1~17                                                                         ; 1       ;
; CPLD_pwm_phase:u_phase_b|Add1~16                                                                         ; 1       ;
; CPLD_pwm_phase:u_phase_b|Add1~15                                                                         ; 1       ;
; CPLD_pwm_phase:u_phase_b|Add1~14                                                                         ; 1       ;
; CPLD_pwm_phase:u_phase_b|Add1~13                                                                         ; 1       ;
; CPLD_pwm_phase:u_phase_b|Add1~12                                                                         ; 1       ;
; CPLD_pwm_phase:u_phase_b|Add1~11                                                                         ; 1       ;
; CPLD_pwm_phase:u_phase_b|Add1~10                                                                         ; 1       ;
; CPLD_pwm_phase:u_phase_b|Add1~9                                                                          ; 1       ;
; CPLD_pwm_phase:u_phase_b|Add1~8                                                                          ; 1       ;
; CPLD_pwm_phase:u_phase_b|Add1~7                                                                          ; 1       ;
; CPLD_pwm_phase:u_phase_b|Add1~6                                                                          ; 1       ;
; CPLD_pwm_phase:u_phase_b|Add1~5                                                                          ; 1       ;
; CPLD_pwm_phase:u_phase_b|Add1~4                                                                          ; 1       ;
; CPLD_pwm_phase:u_phase_b|Add1~3                                                                          ; 1       ;
; CPLD_pwm_phase:u_phase_b|Add1~2                                                                          ; 1       ;
; CPLD_pwm_phase:u_phase_b|Add1~1                                                                          ; 1       ;
; CPLD_pwm_phase:u_phase_b|Add0~1                                                                          ; 1       ;
; CPLD_pwm_phase:u_phase_b|Add0~0                                                                          ; 1       ;
; CPLD_pwm_phase:u_phase_b|lpm_mult:Mult0|mult_j9t:auto_generated|mac_out2~DATAOUT28                       ; 1       ;
; CPLD_pwm_phase:u_phase_b|lpm_mult:Mult0|mult_j9t:auto_generated|mac_out2~DATAOUT27                       ; 1       ;
; CPLD_pwm_phase:u_phase_b|lpm_mult:Mult0|mult_j9t:auto_generated|mac_out2~DATAOUT26                       ; 1       ;
; CPLD_pwm_phase:u_phase_b|lpm_mult:Mult0|mult_j9t:auto_generated|mac_out2~DATAOUT25                       ; 1       ;
; CPLD_pwm_phase:u_phase_b|lpm_mult:Mult0|mult_j9t:auto_generated|mac_out2~DATAOUT24                       ; 1       ;
; CPLD_pwm_phase:u_phase_b|lpm_mult:Mult0|mult_j9t:auto_generated|mac_out2~DATAOUT23                       ; 1       ;
; CPLD_pwm_phase:u_phase_b|lpm_mult:Mult0|mult_j9t:auto_generated|mac_out2~DATAOUT22                       ; 1       ;
; CPLD_pwm_phase:u_phase_b|lpm_mult:Mult0|mult_j9t:auto_generated|mac_out2~DATAOUT21                       ; 1       ;
; CPLD_pwm_phase:u_phase_b|lpm_mult:Mult0|mult_j9t:auto_generated|mac_out2~DATAOUT20                       ; 1       ;
; CPLD_pwm_phase:u_phase_b|lpm_mult:Mult0|mult_j9t:auto_generated|mac_out2~DATAOUT19                       ; 1       ;
; CPLD_pwm_phase:u_phase_b|lpm_mult:Mult0|mult_j9t:auto_generated|mac_out2~DATAOUT18                       ; 1       ;
; CPLD_pwm_phase:u_phase_b|lpm_mult:Mult0|mult_j9t:auto_generated|mac_out2~DATAOUT17                       ; 1       ;
; CPLD_pwm_phase:u_phase_b|lpm_mult:Mult0|mult_j9t:auto_generated|mac_out2~DATAOUT16                       ; 1       ;
; CPLD_pwm_phase:u_phase_b|lpm_mult:Mult0|mult_j9t:auto_generated|mac_out2~DATAOUT15                       ; 1       ;
; CPLD_pwm_phase:u_phase_b|lpm_mult:Mult0|mult_j9t:auto_generated|mac_out2~DATAOUT14                       ; 1       ;
; CPLD_pwm_phase:u_phase_b|lpm_mult:Mult0|mult_j9t:auto_generated|mac_out2~DATAOUT13                       ; 1       ;
; CPLD_pwm_phase:u_phase_b|lpm_mult:Mult0|mult_j9t:auto_generated|mac_out2~DATAOUT12                       ; 1       ;
; CPLD_pwm_phase:u_phase_b|lpm_mult:Mult0|mult_j9t:auto_generated|mac_out2~DATAOUT11                       ; 1       ;
; CPLD_pwm_phase:u_phase_b|lpm_mult:Mult0|mult_j9t:auto_generated|mac_out2~DATAOUT10                       ; 1       ;
; CPLD_pwm_phase:u_phase_b|lpm_mult:Mult0|mult_j9t:auto_generated|mac_out2~DATAOUT9                        ; 1       ;
; CPLD_pwm_phase:u_phase_b|lpm_mult:Mult0|mult_j9t:auto_generated|mac_out2~DATAOUT8                        ; 1       ;
; CPLD_pwm_phase:u_phase_b|lpm_mult:Mult0|mult_j9t:auto_generated|mac_out2~DATAOUT7                        ; 1       ;
; CPLD_pwm_phase:u_phase_b|lpm_mult:Mult0|mult_j9t:auto_generated|mac_out2~DATAOUT6                        ; 1       ;
; CPLD_pwm_phase:u_phase_b|lpm_mult:Mult0|mult_j9t:auto_generated|mac_out2~DATAOUT5                        ; 1       ;
; CPLD_pwm_phase:u_phase_b|lpm_mult:Mult0|mult_j9t:auto_generated|mac_out2~DATAOUT4                        ; 1       ;
; CPLD_pwm_phase:u_phase_b|lpm_mult:Mult0|mult_j9t:auto_generated|mac_out2~DATAOUT3                        ; 1       ;
; CPLD_pwm_phase:u_phase_b|lpm_mult:Mult0|mult_j9t:auto_generated|mac_out2~DATAOUT2                        ; 1       ;
; CPLD_pwm_phase:u_phase_a|LessThan3~22                                                                    ; 1       ;
; CPLD_pwm_phase:u_phase_a|LessThan3~21                                                                    ; 1       ;
; CPLD_pwm_phase:u_phase_a|LessThan3~19                                                                    ; 1       ;
; CPLD_pwm_phase:u_phase_a|LessThan3~17                                                                    ; 1       ;
; CPLD_pwm_phase:u_phase_a|LessThan3~15                                                                    ; 1       ;
; CPLD_pwm_phase:u_phase_a|LessThan3~13                                                                    ; 1       ;
; CPLD_pwm_phase:u_phase_a|LessThan3~11                                                                    ; 1       ;
; CPLD_pwm_phase:u_phase_a|LessThan3~9                                                                     ; 1       ;
; CPLD_pwm_phase:u_phase_a|LessThan3~7                                                                     ; 1       ;
; CPLD_pwm_phase:u_phase_a|LessThan3~5                                                                     ; 1       ;
; CPLD_pwm_phase:u_phase_a|LessThan3~3                                                                     ; 1       ;
; CPLD_pwm_phase:u_phase_a|LessThan3~1                                                                     ; 1       ;
; CPLD_pwm_carrier:u_carrier|Add2~21                                                                       ; 1       ;
; CPLD_pwm_carrier:u_carrier|Add2~19                                                                       ; 1       ;
; CPLD_pwm_carrier:u_carrier|Add2~17                                                                       ; 1       ;
; CPLD_pwm_carrier:u_carrier|Add2~15                                                                       ; 1       ;
; CPLD_pwm_carrier:u_carrier|Add2~13                                                                       ; 1       ;
; CPLD_pwm_carrier:u_carrier|Add2~11                                                                       ; 1       ;
; CPLD_pwm_carrier:u_carrier|Add2~9                                                                        ; 1       ;
; CPLD_pwm_carrier:u_carrier|Add2~7                                                                        ; 1       ;
; CPLD_pwm_carrier:u_carrier|Add2~5                                                                        ; 1       ;
; CPLD_pwm_carrier:u_carrier|Add2~3                                                                        ; 1       ;
; CPLD_pwm_carrier:u_carrier|Add2~1                                                                        ; 1       ;
; CPLD_pwm_phase:u_phase_a|Add1~31                                                                         ; 1       ;
; CPLD_pwm_phase:u_phase_a|Add1~30                                                                         ; 1       ;
; CPLD_pwm_phase:u_phase_a|Add1~29                                                                         ; 1       ;
; CPLD_pwm_phase:u_phase_a|Add1~28                                                                         ; 1       ;
; CPLD_pwm_phase:u_phase_a|Add1~27                                                                         ; 1       ;
; CPLD_pwm_phase:u_phase_a|Add1~26                                                                         ; 1       ;
; CPLD_pwm_phase:u_phase_a|Add1~25                                                                         ; 1       ;
; CPLD_pwm_phase:u_phase_a|Add1~24                                                                         ; 1       ;
; CPLD_pwm_phase:u_phase_a|Add1~23                                                                         ; 1       ;
; CPLD_pwm_phase:u_phase_a|Add1~22                                                                         ; 1       ;
; CPLD_pwm_phase:u_phase_a|Add1~21                                                                         ; 1       ;
; CPLD_pwm_phase:u_phase_a|Add1~20                                                                         ; 1       ;
; CPLD_pwm_phase:u_phase_a|Add1~19                                                                         ; 1       ;
; CPLD_pwm_phase:u_phase_a|Add1~18                                                                         ; 1       ;
; CPLD_pwm_phase:u_phase_a|Add1~17                                                                         ; 1       ;
; CPLD_pwm_phase:u_phase_a|Add1~16                                                                         ; 1       ;
; CPLD_pwm_phase:u_phase_a|Add1~15                                                                         ; 1       ;
; CPLD_pwm_phase:u_phase_a|Add1~14                                                                         ; 1       ;
; CPLD_pwm_phase:u_phase_a|Add1~13                                                                         ; 1       ;
; CPLD_pwm_phase:u_phase_a|Add1~12                                                                         ; 1       ;
; CPLD_pwm_phase:u_phase_a|Add1~11                                                                         ; 1       ;
; CPLD_pwm_phase:u_phase_a|Add1~10                                                                         ; 1       ;
; CPLD_pwm_phase:u_phase_a|Add1~9                                                                          ; 1       ;
; CPLD_pwm_phase:u_phase_a|Add1~8                                                                          ; 1       ;
; CPLD_pwm_phase:u_phase_a|Add1~7                                                                          ; 1       ;
; CPLD_pwm_phase:u_phase_a|Add1~6                                                                          ; 1       ;
; CPLD_pwm_phase:u_phase_a|Add1~5                                                                          ; 1       ;
; CPLD_pwm_phase:u_phase_a|Add1~4                                                                          ; 1       ;
; CPLD_pwm_phase:u_phase_a|Add1~3                                                                          ; 1       ;
; CPLD_pwm_phase:u_phase_a|Add1~2                                                                          ; 1       ;
; CPLD_pwm_phase:u_phase_a|Add1~1                                                                          ; 1       ;
; CPLD_pwm_phase:u_phase_a|Add0~1                                                                          ; 1       ;
; CPLD_pwm_phase:u_phase_a|Add0~0                                                                          ; 1       ;
; CPLD_pwm_phase:u_phase_a|lpm_mult:Mult0|mult_j9t:auto_generated|mac_out2~DATAOUT28                       ; 1       ;
; CPLD_pwm_phase:u_phase_a|lpm_mult:Mult0|mult_j9t:auto_generated|mac_out2~DATAOUT27                       ; 1       ;
; CPLD_pwm_phase:u_phase_a|lpm_mult:Mult0|mult_j9t:auto_generated|mac_out2~DATAOUT26                       ; 1       ;
; CPLD_pwm_phase:u_phase_a|lpm_mult:Mult0|mult_j9t:auto_generated|mac_out2~DATAOUT25                       ; 1       ;
; CPLD_pwm_phase:u_phase_a|lpm_mult:Mult0|mult_j9t:auto_generated|mac_out2~DATAOUT24                       ; 1       ;
; CPLD_pwm_phase:u_phase_a|lpm_mult:Mult0|mult_j9t:auto_generated|mac_out2~DATAOUT23                       ; 1       ;
; CPLD_pwm_phase:u_phase_a|lpm_mult:Mult0|mult_j9t:auto_generated|mac_out2~DATAOUT22                       ; 1       ;
; CPLD_pwm_phase:u_phase_a|lpm_mult:Mult0|mult_j9t:auto_generated|mac_out2~DATAOUT21                       ; 1       ;
; CPLD_pwm_phase:u_phase_a|lpm_mult:Mult0|mult_j9t:auto_generated|mac_out2~DATAOUT20                       ; 1       ;
; CPLD_pwm_phase:u_phase_a|lpm_mult:Mult0|mult_j9t:auto_generated|mac_out2~DATAOUT19                       ; 1       ;
; CPLD_pwm_phase:u_phase_a|lpm_mult:Mult0|mult_j9t:auto_generated|mac_out2~DATAOUT18                       ; 1       ;
; CPLD_pwm_phase:u_phase_a|lpm_mult:Mult0|mult_j9t:auto_generated|mac_out2~DATAOUT17                       ; 1       ;
; CPLD_pwm_phase:u_phase_a|lpm_mult:Mult0|mult_j9t:auto_generated|mac_out2~DATAOUT16                       ; 1       ;
; CPLD_pwm_phase:u_phase_a|lpm_mult:Mult0|mult_j9t:auto_generated|mac_out2~DATAOUT15                       ; 1       ;
; CPLD_pwm_phase:u_phase_a|lpm_mult:Mult0|mult_j9t:auto_generated|mac_out2~DATAOUT14                       ; 1       ;
; CPLD_pwm_phase:u_phase_a|lpm_mult:Mult0|mult_j9t:auto_generated|mac_out2~DATAOUT13                       ; 1       ;
; CPLD_pwm_phase:u_phase_a|lpm_mult:Mult0|mult_j9t:auto_generated|mac_out2~DATAOUT12                       ; 1       ;
; CPLD_pwm_phase:u_phase_a|lpm_mult:Mult0|mult_j9t:auto_generated|mac_out2~DATAOUT11                       ; 1       ;
; CPLD_pwm_phase:u_phase_a|lpm_mult:Mult0|mult_j9t:auto_generated|mac_out2~DATAOUT10                       ; 1       ;
; CPLD_pwm_phase:u_phase_a|lpm_mult:Mult0|mult_j9t:auto_generated|mac_out2~DATAOUT9                        ; 1       ;
; CPLD_pwm_phase:u_phase_a|lpm_mult:Mult0|mult_j9t:auto_generated|mac_out2~DATAOUT8                        ; 1       ;
; CPLD_pwm_phase:u_phase_a|lpm_mult:Mult0|mult_j9t:auto_generated|mac_out2~DATAOUT7                        ; 1       ;
; CPLD_pwm_phase:u_phase_a|lpm_mult:Mult0|mult_j9t:auto_generated|mac_out2~DATAOUT6                        ; 1       ;
; CPLD_pwm_phase:u_phase_a|lpm_mult:Mult0|mult_j9t:auto_generated|mac_out2~DATAOUT5                        ; 1       ;
; CPLD_pwm_phase:u_phase_a|lpm_mult:Mult0|mult_j9t:auto_generated|mac_out2~DATAOUT4                        ; 1       ;
; CPLD_pwm_phase:u_phase_a|lpm_mult:Mult0|mult_j9t:auto_generated|mac_out2~DATAOUT3                        ; 1       ;
; CPLD_pwm_phase:u_phase_a|lpm_mult:Mult0|mult_j9t:auto_generated|mac_out2~DATAOUT2                        ; 1       ;
; pll_50m_to_150m:u_pll|altpll:altpll_component|pll_50m_to_150m_altpll:auto_generated|wire_pll1_fbout      ; 1       ;
+----------------------------------------------------------------------------------------------------------+---------+


+-----------------------------------------------------------------------------------------------+
; Fitter DSP Block Usage Summary                                                                ;
+---------------------------------------+-------------+---------------------+-------------------+
; Statistic                             ; Number Used ; Available per Block ; Maximum Available ;
+---------------------------------------+-------------+---------------------+-------------------+
; Simple Multipliers (9-bit)            ; 0           ; 2                   ; 46                ;
; Simple Multipliers (18-bit)           ; 3           ; 1                   ; 23                ;
; Embedded Multiplier Blocks            ; 3           ; --                  ; 23                ;
; Embedded Multiplier 9-bit elements    ; 6           ; 2                   ; 46                ;
; Signed Embedded Multipliers           ; 3           ; --                  ; --                ;
; Unsigned Embedded Multipliers         ; 0           ; --                  ; --                ;
; Mixed Sign Embedded Multipliers       ; 0           ; --                  ; --                ;
; Variable Sign Embedded Multipliers    ; 0           ; --                  ; --                ;
; Dedicated Input Shift Register Chains ; 0           ; --                  ; --                ;
+---------------------------------------+-------------+---------------------+-------------------+


+----------------------------------------------------------------------------------------------------------------------------------------------------------------------------------------------------------------------------------------------------------------------------+
; DSP Block Details                                                                                                                                                                                                                                                          ;
+------------------------------------------------------------------------------+----------------------------+-------------------+---------------------+--------------------------------+-----------------------+-----------------------+-------------------+-----------------+
; Name                                                                         ; Mode                       ; Location          ; Sign Representation ; Has Input Shift Register Chain ; Data A Input Register ; Data B Input Register ; Pipeline Register ; Output Register ;
+------------------------------------------------------------------------------+----------------------------+-------------------+---------------------+--------------------------------+-----------------------+-----------------------+-------------------+-----------------+
; CPLD_pwm_phase:u_phase_a|lpm_mult:Mult0|mult_j9t:auto_generated|mac_out2     ; Simple Multiplier (18-bit) ; DSPOUT_X20_Y8_N2  ;                     ; No                             ;                       ;                       ;                   ; no              ;
;    CPLD_pwm_phase:u_phase_a|lpm_mult:Mult0|mult_j9t:auto_generated|mac_mult1 ;                            ; DSPMULT_X20_Y8_N0 ; Signed              ;                                ; no                    ; no                    ; no                ;                 ;
; CPLD_pwm_phase:u_phase_b|lpm_mult:Mult0|mult_j9t:auto_generated|mac_out2     ; Simple Multiplier (18-bit) ; DSPOUT_X20_Y9_N2  ;                     ; No                             ;                       ;                       ;                   ; no              ;
;    CPLD_pwm_phase:u_phase_b|lpm_mult:Mult0|mult_j9t:auto_generated|mac_mult1 ;                            ; DSPMULT_X20_Y9_N0 ; Signed              ;                                ; no                    ; no                    ; no                ;                 ;
; CPLD_pwm_phase:u_phase_c|lpm_mult:Mult0|mult_j9t:auto_generated|mac_out2     ; Simple Multiplier (18-bit) ; DSPOUT_X20_Y7_N2  ;                     ; No                             ;                       ;                       ;                   ; no              ;
;    CPLD_pwm_phase:u_phase_c|lpm_mult:Mult0|mult_j9t:auto_generated|mac_mult1 ;                            ; DSPMULT_X20_Y7_N0 ; Signed              ;                                ; no                    ; no                    ; no                ;                 ;
+------------------------------------------------------------------------------+----------------------------+-------------------+---------------------+--------------------------------+-----------------------+-----------------------+-------------------+-----------------+


+-----------------------------------------------------+
; Other Routing Usage Summary                         ;
+-----------------------------+-----------------------+
; Other Routing Resource Type ; Usage                 ;
+-----------------------------+-----------------------+
; Block interconnects         ; 578 / 32,401 ( 2 % )  ;
; C16 interconnects           ; 45 / 1,326 ( 3 % )    ;
; C4 interconnects            ; 331 / 21,816 ( 2 % )  ;
; Direct links                ; 81 / 32,401 ( < 1 % ) ;
; Global clocks               ; 2 / 10 ( 20 % )       ;
; Local interconnects         ; 161 / 10,320 ( 2 % )  ;
; R24 interconnects           ; 41 / 1,289 ( 3 % )    ;
; R4 interconnects            ; 401 / 28,186 ( 1 % )  ;
+-----------------------------+-----------------------+


+----------------------------------------------------------------------------+
; LAB Logic Elements                                                         ;
+---------------------------------------------+------------------------------+
; Number of Logic Elements  (Average = 11.66) ; Number of LABs  (Total = 38) ;
+---------------------------------------------+------------------------------+
; 1                                           ; 5                            ;
; 2                                           ; 0                            ;
; 3                                           ; 0                            ;
; 4                                           ; 0                            ;
; 5                                           ; 2                            ;
; 6                                           ; 1                            ;
; 7                                           ; 0                            ;
; 8                                           ; 2                            ;
; 9                                           ; 4                            ;
; 10                                          ; 1                            ;
; 11                                          ; 0                            ;
; 12                                          ; 0                            ;
; 13                                          ; 2                            ;
; 14                                          ; 0                            ;
; 15                                          ; 2                            ;
; 16                                          ; 19                           ;
+---------------------------------------------+------------------------------+


+-------------------------------------------------------------------+
; LAB-wide Signals                                                  ;
+------------------------------------+------------------------------+
; LAB-wide Signals  (Average = 0.92) ; Number of LABs  (Total = 38) ;
+------------------------------------+------------------------------+
; 1 Async. clear                     ; 15                           ;
; 1 Clock                            ; 15                           ;
; 1 Clock enable                     ; 3                            ;
; 1 Sync. clear                      ; 2                            ;
+------------------------------------+------------------------------+


+-----------------------------------------------------------------------------+
; LAB Signals Sourced                                                         ;
+----------------------------------------------+------------------------------+
; Number of Signals Sourced  (Average = 13.71) ; Number of LABs  (Total = 38) ;
+----------------------------------------------+------------------------------+
; 0                                            ; 0                            ;
; 1                                            ; 4                            ;
; 2                                            ; 1                            ;
; 3                                            ; 0                            ;
; 4                                            ; 0                            ;
; 5                                            ; 2                            ;
; 6                                            ; 1                            ;
; 7                                            ; 2                            ;
; 8                                            ; 3                            ;
; 9                                            ; 3                            ;
; 10                                           ; 0                            ;
; 11                                           ; 0                            ;
; 12                                           ; 2                            ;
; 13                                           ; 0                            ;
; 14                                           ; 0                            ;
; 15                                           ; 0                            ;
; 16                                           ; 11                           ;
; 17                                           ; 0                            ;
; 18                                           ; 1                            ;
; 19                                           ; 0                            ;
; 20                                           ; 0                            ;
; 21                                           ; 0                            ;
; 22                                           ; 0                            ;
; 23                                           ; 1                            ;
; 24                                           ; 2                            ;
; 25                                           ; 1                            ;
; 26                                           ; 1                            ;
; 27                                           ; 0                            ;
; 28                                           ; 0                            ;
; 29                                           ; 0                            ;
; 30                                           ; 1                            ;
; 31                                           ; 0                            ;
; 32                                           ; 2                            ;
+----------------------------------------------+------------------------------+


+--------------------------------------------------------------------------------+
; LAB Signals Sourced Out                                                        ;
+-------------------------------------------------+------------------------------+
; Number of Signals Sourced Out  (Average = 8.24) ; Number of LABs  (Total = 38) ;
+-------------------------------------------------+------------------------------+
; 0                                               ; 0                            ;
; 1                                               ; 6                            ;
; 2                                               ; 1                            ;
; 3                                               ; 0                            ;
; 4                                               ; 3                            ;
; 5                                               ; 1                            ;
; 6                                               ; 1                            ;
; 7                                               ; 3                            ;
; 8                                               ; 2                            ;
; 9                                               ; 8                            ;
; 10                                              ; 2                            ;
; 11                                              ; 2                            ;
; 12                                              ; 2                            ;
; 13                                              ; 2                            ;
; 14                                              ; 2                            ;
; 15                                              ; 0                            ;
; 16                                              ; 2                            ;
; 17                                              ; 0                            ;
; 18                                              ; 0                            ;
; 19                                              ; 0                            ;
; 20                                              ; 0                            ;
; 21                                              ; 1                            ;
+-------------------------------------------------+------------------------------+


+-----------------------------------------------------------------------------+
; LAB Distinct Inputs                                                         ;
+----------------------------------------------+------------------------------+
; Number of Distinct Inputs  (Average = 12.71) ; Number of LABs  (Total = 38) ;
+----------------------------------------------+------------------------------+
; 0                                            ; 0                            ;
; 1                                            ; 0                            ;
; 2                                            ; 4                            ;
; 3                                            ; 2                            ;
; 4                                            ; 1                            ;
; 5                                            ; 0                            ;
; 6                                            ; 0                            ;
; 7                                            ; 1                            ;
; 8                                            ; 0                            ;
; 9                                            ; 8                            ;
; 10                                           ; 0                            ;
; 11                                           ; 4                            ;
; 12                                           ; 0                            ;
; 13                                           ; 1                            ;
; 14                                           ; 5                            ;
; 15                                           ; 0                            ;
; 16                                           ; 2                            ;
; 17                                           ; 2                            ;
; 18                                           ; 2                            ;
; 19                                           ; 1                            ;
; 20                                           ; 1                            ;
; 21                                           ; 0                            ;
; 22                                           ; 1                            ;
; 23                                           ; 0                            ;
; 24                                           ; 0                            ;
; 25                                           ; 0                            ;
; 26                                           ; 0                            ;
; 27                                           ; 0                            ;
; 28                                           ; 0                            ;
; 29                                           ; 0                            ;
; 30                                           ; 0                            ;
; 31                                           ; 0                            ;
; 32                                           ; 3                            ;
+----------------------------------------------+------------------------------+


+------------------------------------------+
; I/O Rules Summary                        ;
+----------------------------------+-------+
; I/O Rules Statistic              ; Total ;
+----------------------------------+-------+
; Total I/O Rules                  ; 30    ;
; Number of I/O Rules Passed       ; 9     ;
; Number of I/O Rules Failed       ; 0     ;
; Number of I/O Rules Unchecked    ; 0     ;
; Number of I/O Rules Inapplicable ; 21    ;
+----------------------------------+-------+


+--------------------------------------------------------------------------------------------------------------------------------------------------------------------------------------------------------------------------------------------------------------------------------------+
; I/O Rules Details                                                                                                                                                                                                                                                                    ;
+--------------+-----------+-----------------------------------+------------------------------------------------------------------------------------------------------+----------+--------------------------------------------------------------------------+------+-------------------+
; Status       ; ID        ; Category                          ; Rule Description                                                                                     ; Severity ; Information                                                              ; Area ; Extra Information ;
+--------------+-----------+-----------------------------------+------------------------------------------------------------------------------------------------------+----------+--------------------------------------------------------------------------+------+-------------------+
; Pass         ; IO_000001 ; Capacity Checks                   ; Number of pins in an I/O bank should not exceed the number of locations available.                   ; Critical ; 0 such failures found.                                                   ; I/O  ;                   ;
; Inapplicable ; IO_000002 ; Capacity Checks                   ; Number of clocks in an I/O bank should not exceed the number of clocks available.                    ; Critical ; No Global Signal assignments found.                                      ; I/O  ;                   ;
; Pass         ; IO_000003 ; Capacity Checks                   ; Number of pins in a Vrefgroup should not exceed the number of locations available.                   ; Critical ; 0 such failures found.                                                   ; I/O  ;                   ;
; Inapplicable ; IO_000004 ; Voltage Compatibility Checks      ; The I/O bank should support the requested VCCIO.                                                     ; Critical ; No IOBANK_VCCIO assignments found.                                       ; I/O  ;                   ;
; Inapplicable ; IO_000005 ; Voltage Compatibility Checks      ; The I/O bank should not have competing VREF values.                                                  ; Critical ; No VREF I/O Standard assignments found.                                  ; I/O  ;                   ;
; Pass         ; IO_000006 ; Voltage Compatibility Checks      ; The I/O bank should not have competing VCCIO values.                                                 ; Critical ; 0 such failures found.                                                   ; I/O  ;                   ;
; Pass         ; IO_000007 ; Valid Location Checks             ; Checks for unavailable locations.                                                                    ; Critical ; 0 such failures found.                                                   ; I/O  ;                   ;
; Inapplicable ; IO_000008 ; Valid Location Checks             ; Checks for reserved locations.                                                                       ; Critical ; No reserved LogicLock region found.                                      ; I/O  ;                   ;
; Pass         ; IO_000009 ; I/O Properties Checks for One I/O ; The location should support the requested I/O standard.                                              ; Critical ; 0 such failures found.                                                   ; I/O  ;                   ;
; Pass         ; IO_000010 ; I/O Properties Checks for One I/O ; The location should support the requested I/O direction.                                             ; Critical ; 0 such failures found.                                                   ; I/O  ;                   ;
; Inapplicable ; IO_000011 ; I/O Properties Checks for One I/O ; The location should support the requested Current Strength.                                          ; Critical ; No Current Strength assignments found.                                   ; I/O  ;                   ;
; Inapplicable ; IO_000012 ; I/O Properties Checks for One I/O ; The location should support the requested On Chip Termination value.                                 ; Critical ; No Termination assignments found.                                        ; I/O  ;                   ;
; Inapplicable ; IO_000013 ; I/O Properties Checks for One I/O ; The location should support the requested Bus Hold value.                                            ; Critical ; No Enable Bus-Hold Circuitry assignments found.                          ; I/O  ;                   ;
; Inapplicable ; IO_000014 ; I/O Properties Checks for One I/O ; The location should support the requested Weak Pull Up value.                                        ; Critical ; No Weak Pull-Up Resistor assignments found.                              ; I/O  ;                   ;
; Pass         ; IO_000015 ; I/O Properties Checks for One I/O ; The location should support the requested PCI Clamp Diode.                                           ; Critical ; 0 such failures found.                                                   ; I/O  ;                   ;
; Inapplicable ; IO_000018 ; I/O Properties Checks for One I/O ; The I/O standard should support the requested Current Strength.                                      ; Critical ; No Current Strength assignments found.                                   ; I/O  ;                   ;
; Inapplicable ; IO_000019 ; I/O Properties Checks for One I/O ; The I/O standard should support the requested On Chip Termination value.                             ; Critical ; No Termination assignments found.                                        ; I/O  ;                   ;
; Pass         ; IO_000020 ; I/O Properties Checks for One I/O ; The I/O standard should support the requested PCI Clamp Diode.                                       ; Critical ; 0 such failures found.                                                   ; I/O  ;                   ;
; Inapplicable ; IO_000021 ; I/O Properties Checks for One I/O ; The I/O standard should support the requested Weak Pull Up value.                                    ; Critical ; No Weak Pull-Up Resistor assignments found.                              ; I/O  ;                   ;
; Inapplicable ; IO_000022 ; I/O Properties Checks for One I/O ; The I/O standard should support the requested Bus Hold value.                                        ; Critical ; No Enable Bus-Hold Circuitry assignments found.                          ; I/O  ;                   ;
; Inapplicable ; IO_000023 ; I/O Properties Checks for One I/O ; The I/O standard should support the Open Drain value.                                                ; Critical ; No open drain assignments found.                                         ; I/O  ;                   ;
; Inapplicable ; IO_000024 ; I/O Properties Checks for One I/O ; The I/O direction should support the On Chip Termination value.                                      ; Critical ; No Termination assignments found.                                        ; I/O  ;                   ;
; Inapplicable ; IO_000026 ; I/O Properties Checks for One I/O ; On Chip Termination and Current Strength should not be used at the same time.                        ; Critical ; No Current Strength or Termination assignments found.                    ; I/O  ;                   ;
; Inapplicable ; IO_000027 ; I/O Properties Checks for One I/O ; Weak Pull Up and Bus Hold should not be used at the same time.                                       ; Critical ; No Enable Bus-Hold Circuitry or Weak Pull-Up Resistor assignments found. ; I/O  ;                   ;
; Inapplicable ; IO_000045 ; I/O Properties Checks for One I/O ; The I/O standard should support the requested Slew Rate value.                                       ; Critical ; No Slew Rate assignments found.                                          ; I/O  ;                   ;
; Inapplicable ; IO_000046 ; I/O Properties Checks for One I/O ; The location should support the requested Slew Rate value.                                           ; Critical ; No Slew Rate assignments found.                                          ; I/O  ;                   ;
; Inapplicable ; IO_000047 ; I/O Properties Checks for One I/O ; On Chip Termination and Slew Rate should not be used at the same time.                               ; Critical ; No Slew Rate assignments found.                                          ; I/O  ;                   ;
; Pass         ; IO_000033 ; Electromigration Checks           ; Current density for consecutive I/Os should not exceed 240mA for row I/Os and 240mA for column I/Os. ; Critical ; 0 such failures found.                                                   ; I/O  ;                   ;
; Inapplicable ; IO_000034 ; SI Related Distance Checks        ; Single-ended outputs should be 5 LAB row(s) away from a differential I/O.                            ; High     ; No Differential I/O Standard assignments found.                          ; I/O  ;                   ;
; Inapplicable ; IO_000042 ; SI Related SSO Limit Checks       ; No more than 20 outputs are allowed in a VREF group when VREF is being read from.                    ; High     ; No VREF I/O Standard assignments found.                                  ; I/O  ;                   ;
+--------------+-----------+-----------------------------------+------------------------------------------------------------------------------------------------------+----------+--------------------------------------------------------------------------+------+-------------------+


+--------------------------------------------------------------------------------------------------------------------------------------------------------------------------------------------------------------------------------------------------------------------------------------------------------------------------------------------------------------------------------------------------------------------------------------------------------------------------+
; I/O Rules Matrix                                                                                                                                                                                                                                                                                                                                                                                                                                                         ;
+--------------------+--------------+--------------+--------------+--------------+--------------+-----------+--------------+--------------+-----------+-----------+--------------+--------------+--------------+--------------+--------------+--------------+--------------+--------------+--------------+--------------+--------------+--------------+--------------+--------------+--------------+--------------+--------------+-----------+--------------+--------------+
; Pin/Rules          ; IO_000001    ; IO_000002    ; IO_000003    ; IO_000004    ; IO_000005    ; IO_000006 ; IO_000007    ; IO_000008    ; IO_000009 ; IO_000010 ; IO_000011    ; IO_000012    ; IO_000013    ; IO_000014    ; IO_000015    ; IO_000018    ; IO_000019    ; IO_000020    ; IO_000021    ; IO_000022    ; IO_000023    ; IO_000024    ; IO_000026    ; IO_000027    ; IO_000045    ; IO_000046    ; IO_000047    ; IO_000033 ; IO_000034    ; IO_000042    ;
+--------------------+--------------+--------------+--------------+--------------+--------------+-----------+--------------+--------------+-----------+-----------+--------------+--------------+--------------+--------------+--------------+--------------+--------------+--------------+--------------+--------------+--------------+--------------+--------------+--------------+--------------+--------------+--------------+-----------+--------------+--------------+
; Total Pass         ; 28           ; 0            ; 28           ; 0            ; 0            ; 133       ; 28           ; 0            ; 133       ; 133       ; 0            ; 0            ; 0            ; 0            ; 75           ; 0            ; 0            ; 75           ; 0            ; 0            ; 0            ; 0            ; 0            ; 0            ; 0            ; 0            ; 0            ; 133       ; 0            ; 0            ;
; Total Unchecked    ; 0            ; 0            ; 0            ; 0            ; 0            ; 0         ; 0            ; 0            ; 0         ; 0         ; 0            ; 0            ; 0            ; 0            ; 0            ; 0            ; 0            ; 0            ; 0            ; 0            ; 0            ; 0            ; 0            ; 0            ; 0            ; 0            ; 0            ; 0         ; 0            ; 0            ;
; Total Inapplicable ; 105          ; 133          ; 105          ; 133          ; 133          ; 0         ; 105          ; 133          ; 0         ; 0         ; 133          ; 133          ; 133          ; 133          ; 58           ; 133          ; 133          ; 58           ; 133          ; 133          ; 133          ; 133          ; 133          ; 133          ; 133          ; 133          ; 133          ; 0         ; 133          ; 133          ;
; Total Fail         ; 0            ; 0            ; 0            ; 0            ; 0            ; 0         ; 0            ; 0            ; 0         ; 0         ; 0            ; 0            ; 0            ; 0            ; 0            ; 0            ; 0            ; 0            ; 0            ; 0            ; 0            ; 0            ; 0            ; 0            ; 0            ; 0            ; 0            ; 0         ; 0            ; 0            ;
; gates_in[12]       ; Inapplicable ; Inapplicable ; Inapplicable ; Inapplicable ; Inapplicable ; Pass      ; Inapplicable ; Inapplicable ; Pass      ; Pass      ; Inapplicable ; Inapplicable ; Inapplicable ; Inapplicable ; Pass         ; Inapplicable ; Inapplicable ; Pass         ; Inapplicable ; Inapplicable ; Inapplicable ; Inapplicable ; Inapplicable ; Inapplicable ; Inapplicable ; Inapplicable ; Inapplicable ; Pass      ; Inapplicable ; Inapplicable ;
; gates_in[13]       ; Inapplicable ; Inapplicable ; Inapplicable ; Inapplicable ; Inapplicable ; Pass      ; Inapplicable ; Inapplicable ; Pass      ; Pass      ; Inapplicable ; Inapplicable ; Inapplicable ; Inapplicable ; Pass         ; Inapplicable ; Inapplicable ; Pass         ; Inapplicable ; Inapplicable ; Inapplicable ; Inapplicable ; Inapplicable ; Inapplicable ; Inapplicable ; Inapplicable ; Inapplicable ; Pass      ; Inapplicable ; Inapplicable ;
; gates_in[14]       ; Inapplicable ; Inapplicable ; Inapplicable ; Inapplicable ; Inapplicable ; Pass      ; Inapplicable ; Inapplicable ; Pass      ; Pass      ; Inapplicable ; Inapplicable ; Inapplicable ; Inapplicable ; Pass         ; Inapplicable ; Inapplicable ; Pass         ; Inapplicable ; Inapplicable ; Inapplicable ; Inapplicable ; Inapplicable ; Inapplicable ; Inapplicable ; Inapplicable ; Inapplicable ; Pass      ; Inapplicable ; Inapplicable ;
; gates_in[15]       ; Inapplicable ; Inapplicable ; Inapplicable ; Inapplicable ; Inapplicable ; Pass      ; Inapplicable ; Inapplicable ; Pass      ; Pass      ; Inapplicable ; Inapplicable ; Inapplicable ; Inapplicable ; Pass         ; Inapplicable ; Inapplicable ; Pass         ; Inapplicable ; Inapplicable ; Inapplicable ; Inapplicable ; Inapplicable ; Inapplicable ; Inapplicable ; Inapplicable ; Inapplicable ; Pass      ; Inapplicable ; Inapplicable ;
; gates_in[16]       ; Inapplicable ; Inapplicable ; Inapplicable ; Inapplicable ; Inapplicable ; Pass      ; Inapplicable ; Inapplicable ; Pass      ; Pass      ; Inapplicable ; Inapplicable ; Inapplicable ; Inapplicable ; Pass         ; Inapplicable ; Inapplicable ; Pass         ; Inapplicable ; Inapplicable ; Inapplicable ; Inapplicable ; Inapplicable ; Inapplicable ; Inapplicable ; Inapplicable ; Inapplicable ; Pass      ; Inapplicable ; Inapplicable ;
; gates_in[17]       ; Inapplicable ; Inapplicable ; Inapplicable ; Inapplicable ; Inapplicable ; Pass      ; Inapplicable ; Inapplicable ; Pass      ; Pass      ; Inapplicable ; Inapplicable ; Inapplicable ; Inapplicable ; Pass         ; Inapplicable ; Inapplicable ; Pass         ; Inapplicable ; Inapplicable ; Inapplicable ; Inapplicable ; Inapplicable ; Inapplicable ; Inapplicable ; Inapplicable ; Inapplicable ; Pass      ; Inapplicable ; Inapplicable ;
; gates_in[18]       ; Inapplicable ; Inapplicable ; Inapplicable ; Inapplicable ; Inapplicable ; Pass      ; Inapplicable ; Inapplicable ; Pass      ; Pass      ; Inapplicable ; Inapplicable ; Inapplicable ; Inapplicable ; Pass         ; Inapplicable ; Inapplicable ; Pass         ; Inapplicable ; Inapplicable ; Inapplicable ; Inapplicable ; Inapplicable ; Inapplicable ; Inapplicable ; Inapplicable ; Inapplicable ; Pass      ; Inapplicable ; Inapplicable ;
; gates_in[19]       ; Inapplicable ; Inapplicable ; Inapplicable ; Inapplicable ; Inapplicable ; Pass      ; Inapplicable ; Inapplicable ; Pass      ; Pass      ; Inapplicable ; Inapplicable ; Inapplicable ; Inapplicable ; Pass         ; Inapplicable ; Inapplicable ; Pass         ; Inapplicable ; Inapplicable ; Inapplicable ; Inapplicable ; Inapplicable ; Inapplicable ; Inapplicable ; Inapplicable ; Inapplicable ; Pass      ; Inapplicable ; Inapplicable ;
; gates_in[20]       ; Inapplicable ; Inapplicable ; Inapplicable ; Inapplicable ; Inapplicable ; Pass      ; Inapplicable ; Inapplicable ; Pass      ; Pass      ; Inapplicable ; Inapplicable ; Inapplicable ; Inapplicable ; Pass         ; Inapplicable ; Inapplicable ; Pass         ; Inapplicable ; Inapplicable ; Inapplicable ; Inapplicable ; Inapplicable ; Inapplicable ; Inapplicable ; Inapplicable ; Inapplicable ; Pass      ; Inapplicable ; Inapplicable ;
; gates_in[21]       ; Inapplicable ; Inapplicable ; Inapplicable ; Inapplicable ; Inapplicable ; Pass      ; Inapplicable ; Inapplicable ; Pass      ; Pass      ; Inapplicable ; Inapplicable ; Inapplicable ; Inapplicable ; Pass         ; Inapplicable ; Inapplicable ; Pass         ; Inapplicable ; Inapplicable ; Inapplicable ; Inapplicable ; Inapplicable ; Inapplicable ; Inapplicable ; Inapplicable ; Inapplicable ; Pass      ; Inapplicable ; Inapplicable ;
; gates_in[22]       ; Inapplicable ; Inapplicable ; Inapplicable ; Inapplicable ; Inapplicable ; Pass      ; Inapplicable ; Inapplicable ; Pass      ; Pass      ; Inapplicable ; Inapplicable ; Inapplicable ; Inapplicable ; Pass         ; Inapplicable ; Inapplicable ; Pass         ; Inapplicable ; Inapplicable ; Inapplicable ; Inapplicable ; Inapplicable ; Inapplicable ; Inapplicable ; Inapplicable ; Inapplicable ; Pass      ; Inapplicable ; Inapplicable ;
; gates_in[23]       ; Inapplicable ; Inapplicable ; Inapplicable ; Inapplicable ; Inapplicable ; Pass      ; Inapplicable ; Inapplicable ; Pass      ; Pass      ; Inapplicable ; Inapplicable ; Inapplicable ; Inapplicable ; Pass         ; Inapplicable ; Inapplicable ; Pass         ; Inapplicable ; Inapplicable ; Inapplicable ; Inapplicable ; Inapplicable ; Inapplicable ; Inapplicable ; Inapplicable ; Inapplicable ; Pass      ; Inapplicable ; Inapplicable ;
; gates_out[0]       ; Pass         ; Inapplicable ; Pass         ; Inapplicable ; Inapplicable ; Pass      ; Pass         ; Inapplicable ; Pass      ; Pass      ; Inapplicable ; Inapplicable ; Inapplicable ; Inapplicable ; Inapplicable ; Inapplicable ; Inapplicable ; Inapplicable ; Inapplicable ; Inapplicable ; Inapplicable ; Inapplicable ; Inapplicable ; Inapplicable ; Inapplicable ; Inapplicable ; Inapplicable ; Pass      ; Inapplicable ; Inapplicable ;
; gates_out[1]       ; Pass         ; Inapplicable ; Pass         ; Inapplicable ; Inapplicable ; Pass      ; Pass         ; Inapplicable ; Pass      ; Pass      ; Inapplicable ; Inapplicable ; Inapplicable ; Inapplicable ; Inapplicable ; Inapplicable ; Inapplicable ; Inapplicable ; Inapplicable ; Inapplicable ; Inapplicable ; Inapplicable ; Inapplicable ; Inapplicable ; Inapplicable ; Inapplicable ; Inapplicable ; Pass      ; Inapplicable ; Inapplicable ;
; gates_out[2]       ; Pass         ; Inapplicable ; Pass         ; Inapplicable ; Inapplicable ; Pass      ; Pass         ; Inapplicable ; Pass      ; Pass      ; Inapplicable ; Inapplicable ; Inapplicable ; Inapplicable ; Inapplicable ; Inapplicable ; Inapplicable ; Inapplicable ; Inapplicable ; Inapplicable ; Inapplicable ; Inapplicable ; Inapplicable ; Inapplicable ; Inapplicable ; Inapplicable ; Inapplicable ; Pass      ; Inapplicable ; Inapplicable ;
; gates_out[3]       ; Pass         ; Inapplicable ; Pass         ; Inapplicable ; Inapplicable ; Pass      ; Pass         ; Inapplicable ; Pass      ; Pass      ; Inapplicable ; Inapplicable ; Inapplicable ; Inapplicable ; Inapplicable ; Inapplicable ; Inapplicable ; Inapplicable ; Inapplicable ; Inapplicable ; Inapplicable ; Inapplicable ; Inapplicable ; Inapplicable ; Inapplicable ; Inapplicable ; Inapplicable ; Pass      ; Inapplicable ; Inapplicable ;
; gates_out[4]       ; Pass         ; Inapplicable ; Pass         ; Inapplicable ; Inapplicable ; Pass      ; Pass         ; Inapplicable ; Pass      ; Pass      ; Inapplicable ; Inapplicable ; Inapplicable ; Inapplicable ; Inapplicable ; Inapplicable ; Inapplicable ; Inapplicable ; Inapplicable ; Inapplicable ; Inapplicable ; Inapplicable ; Inapplicable ; Inapplicable ; Inapplicable ; Inapplicable ; Inapplicable ; Pass      ; Inapplicable ; Inapplicable ;
; gates_out[5]       ; Pass         ; Inapplicable ; Pass         ; Inapplicable ; Inapplicable ; Pass      ; Pass         ; Inapplicable ; Pass      ; Pass      ; Inapplicable ; Inapplicable ; Inapplicable ; Inapplicable ; Inapplicable ; Inapplicable ; Inapplicable ; Inapplicable ; Inapplicable ; Inapplicable ; Inapplicable ; Inapplicable ; Inapplicable ; Inapplicable ; Inapplicable ; Inapplicable ; Inapplicable ; Pass      ; Inapplicable ; Inapplicable ;
; gates_out[6]       ; Pass         ; Inapplicable ; Pass         ; Inapplicable ; Inapplicable ; Pass      ; Pass         ; Inapplicable ; Pass      ; Pass      ; Inapplicable ; Inapplicable ; Inapplicable ; Inapplicable ; Inapplicable ; Inapplicable ; Inapplicable ; Inapplicable ; Inapplicable ; Inapplicable ; Inapplicable ; Inapplicable ; Inapplicable ; Inapplicable ; Inapplicable ; Inapplicable ; Inapplicable ; Pass      ; Inapplicable ; Inapplicable ;
; gates_out[7]       ; Pass         ; Inapplicable ; Pass         ; Inapplicable ; Inapplicable ; Pass      ; Pass         ; Inapplicable ; Pass      ; Pass      ; Inapplicable ; Inapplicable ; Inapplicable ; Inapplicable ; Inapplicable ; Inapplicable ; Inapplicable ; Inapplicable ; Inapplicable ; Inapplicable ; Inapplicable ; Inapplicable ; Inapplicable ; Inapplicable ; Inapplicable ; Inapplicable ; Inapplicable ; Pass      ; Inapplicable ; Inapplicable ;
; gates_out[8]       ; Pass         ; Inapplicable ; Pass         ; Inapplicable ; Inapplicable ; Pass      ; Pass         ; Inapplicable ; Pass      ; Pass      ; Inapplicable ; Inapplicable ; Inapplicable ; Inapplicable ; Inapplicable ; Inapplicable ; Inapplicable ; Inapplicable ; Inapplicable ; Inapplicable ; Inapplicable ; Inapplicable ; Inapplicable ; Inapplicable ; Inapplicable ; Inapplicable ; Inapplicable ; Pass      ; Inapplicable ; Inapplicable ;
; gates_out[9]       ; Pass         ; Inapplicable ; Pass         ; Inapplicable ; Inapplicable ; Pass      ; Pass         ; Inapplicable ; Pass      ; Pass      ; Inapplicable ; Inapplicable ; Inapplicable ; Inapplicable ; Inapplicable ; Inapplicable ; Inapplicable ; Inapplicable ; Inapplicable ; Inapplicable ; Inapplicable ; Inapplicable ; Inapplicable ; Inapplicable ; Inapplicable ; Inapplicable ; Inapplicable ; Pass      ; Inapplicable ; Inapplicable ;
; gates_out[10]      ; Pass         ; Inapplicable ; Pass         ; Inapplicable ; Inapplicable ; Pass      ; Pass         ; Inapplicable ; Pass      ; Pass      ; Inapplicable ; Inapplicable ; Inapplicable ; Inapplicable ; Inapplicable ; Inapplicable ; Inapplicable ; Inapplicable ; Inapplicable ; Inapplicable ; Inapplicable ; Inapplicable ; Inapplicable ; Inapplicable ; Inapplicable ; Inapplicable ; Inapplicable ; Pass      ; Inapplicable ; Inapplicable ;
; gates_out[11]      ; Pass         ; Inapplicable ; Pass         ; Inapplicable ; Inapplicable ; Pass      ; Pass         ; Inapplicable ; Pass      ; Pass      ; Inapplicable ; Inapplicable ; Inapplicable ; Inapplicable ; Inapplicable ; Inapplicable ; Inapplicable ; Inapplicable ; Inapplicable ; Inapplicable ; Inapplicable ; Inapplicable ; Inapplicable ; Inapplicable ; Inapplicable ; Inapplicable ; Inapplicable ; Pass      ; Inapplicable ; Inapplicable ;
; gates_out[12]      ; Inapplicable ; Inapplicable ; Inapplicable ; Inapplicable ; Inapplicable ; Pass      ; Inapplicable ; Inapplicable ; Pass      ; Pass      ; Inapplicable ; Inapplicable ; Inapplicable ; Inapplicable ; Inapplicable ; Inapplicable ; Inapplicable ; Inapplicable ; Inapplicable ; Inapplicable ; Inapplicable ; Inapplicable ; Inapplicable ; Inapplicable ; Inapplicable ; Inapplicable ; Inapplicable ; Pass      ; Inapplicable ; Inapplicable ;
; gates_out[13]      ; Inapplicable ; Inapplicable ; Inapplicable ; Inapplicable ; Inapplicable ; Pass      ; Inapplicable ; Inapplicable ; Pass      ; Pass      ; Inapplicable ; Inapplicable ; Inapplicable ; Inapplicable ; Inapplicable ; Inapplicable ; Inapplicable ; Inapplicable ; Inapplicable ; Inapplicable ; Inapplicable ; Inapplicable ; Inapplicable ; Inapplicable ; Inapplicable ; Inapplicable ; Inapplicable ; Pass      ; Inapplicable ; Inapplicable ;
; gates_out[14]      ; Inapplicable ; Inapplicable ; Inapplicable ; Inapplicable ; Inapplicable ; Pass      ; Inapplicable ; Inapplicable ; Pass      ; Pass      ; Inapplicable ; Inapplicable ; Inapplicable ; Inapplicable ; Inapplicable ; Inapplicable ; Inapplicable ; Inapplicable ; Inapplicable ; Inapplicable ; Inapplicable ; Inapplicable ; Inapplicable ; Inapplicable ; Inapplicable ; Inapplicable ; Inapplicable ; Pass      ; Inapplicable ; Inapplicable ;
; gates_out[15]      ; Inapplicable ; Inapplicable ; Inapplicable ; Inapplicable ; Inapplicable ; Pass      ; Inapplicable ; Inapplicable ; Pass      ; Pass      ; Inapplicable ; Inapplicable ; Inapplicable ; Inapplicable ; Inapplicable ; Inapplicable ; Inapplicable ; Inapplicable ; Inapplicable ; Inapplicable ; Inapplicable ; Inapplicable ; Inapplicable ; Inapplicable ; Inapplicable ; Inapplicable ; Inapplicable ; Pass      ; Inapplicable ; Inapplicable ;
; gates_out[16]      ; Inapplicable ; Inapplicable ; Inapplicable ; Inapplicable ; Inapplicable ; Pass      ; Inapplicable ; Inapplicable ; Pass      ; Pass      ; Inapplicable ; Inapplicable ; Inapplicable ; Inapplicable ; Inapplicable ; Inapplicable ; Inapplicable ; Inapplicable ; Inapplicable ; Inapplicable ; Inapplicable ; Inapplicable ; Inapplicable ; Inapplicable ; Inapplicable ; Inapplicable ; Inapplicable ; Pass      ; Inapplicable ; Inapplicable ;
; gates_out[17]      ; Inapplicable ; Inapplicable ; Inapplicable ; Inapplicable ; Inapplicable ; Pass      ; Inapplicable ; Inapplicable ; Pass      ; Pass      ; Inapplicable ; Inapplicable ; Inapplicable ; Inapplicable ; Inapplicable ; Inapplicable ; Inapplicable ; Inapplicable ; Inapplicable ; Inapplicable ; Inapplicable ; Inapplicable ; Inapplicable ; Inapplicable ; Inapplicable ; Inapplicable ; Inapplicable ; Pass      ; Inapplicable ; Inapplicable ;
; gates_out[18]      ; Inapplicable ; Inapplicable ; Inapplicable ; Inapplicable ; Inapplicable ; Pass      ; Inapplicable ; Inapplicable ; Pass      ; Pass      ; Inapplicable ; Inapplicable ; Inapplicable ; Inapplicable ; Inapplicable ; Inapplicable ; Inapplicable ; Inapplicable ; Inapplicable ; Inapplicable ; Inapplicable ; Inapplicable ; Inapplicable ; Inapplicable ; Inapplicable ; Inapplicable ; Inapplicable ; Pass      ; Inapplicable ; Inapplicable ;
; gates_out[19]      ; Inapplicable ; Inapplicable ; Inapplicable ; Inapplicable ; Inapplicable ; Pass      ; Inapplicable ; Inapplicable ; Pass      ; Pass      ; Inapplicable ; Inapplicable ; Inapplicable ; Inapplicable ; Inapplicable ; Inapplicable ; Inapplicable ; Inapplicable ; Inapplicable ; Inapplicable ; Inapplicable ; Inapplicable ; Inapplicable ; Inapplicable ; Inapplicable ; Inapplicable ; Inapplicable ; Pass      ; Inapplicable ; Inapplicable ;
; gates_out[20]      ; Inapplicable ; Inapplicable ; Inapplicable ; Inapplicable ; Inapplicable ; Pass      ; Inapplicable ; Inapplicable ; Pass      ; Pass      ; Inapplicable ; Inapplicable ; Inapplicable ; Inapplicable ; Inapplicable ; Inapplicable ; Inapplicable ; Inapplicable ; Inapplicable ; Inapplicable ; Inapplicable ; Inapplicable ; Inapplicable ; Inapplicable ; Inapplicable ; Inapplicable ; Inapplicable ; Pass      ; Inapplicable ; Inapplicable ;
; gates_out[21]      ; Inapplicable ; Inapplicable ; Inapplicable ; Inapplicable ; Inapplicable ; Pass      ; Inapplicable ; Inapplicable ; Pass      ; Pass      ; Inapplicable ; Inapplicable ; Inapplicable ; Inapplicable ; Inapplicable ; Inapplicable ; Inapplicable ; Inapplicable ; Inapplicable ; Inapplicable ; Inapplicable ; Inapplicable ; Inapplicable ; Inapplicable ; Inapplicable ; Inapplicable ; Inapplicable ; Pass      ; Inapplicable ; Inapplicable ;
; gates_out[22]      ; Inapplicable ; Inapplicable ; Inapplicable ; Inapplicable ; Inapplicable ; Pass      ; Inapplicable ; Inapplicable ; Pass      ; Pass      ; Inapplicable ; Inapplicable ; Inapplicable ; Inapplicable ; Inapplicable ; Inapplicable ; Inapplicable ; Inapplicable ; Inapplicable ; Inapplicable ; Inapplicable ; Inapplicable ; Inapplicable ; Inapplicable ; Inapplicable ; Inapplicable ; Inapplicable ; Pass      ; Inapplicable ; Inapplicable ;
; gates_out[23]      ; Inapplicable ; Inapplicable ; Inapplicable ; Inapplicable ; Inapplicable ; Pass      ; Inapplicable ; Inapplicable ; Pass      ; Pass      ; Inapplicable ; Inapplicable ; Inapplicable ; Inapplicable ; Inapplicable ; Inapplicable ; Inapplicable ; Inapplicable ; Inapplicable ; Inapplicable ; Inapplicable ; Inapplicable ; Inapplicable ; Inapplicable ; Inapplicable ; Inapplicable ; Inapplicable ; Pass      ; Inapplicable ; Inapplicable ;
; cap_period[0]      ; Inapplicable ; Inapplicable ; Inapplicable ; Inapplicable ; Inapplicable ; Pass      ; Inapplicable ; Inapplicable ; Pass      ; Pass      ; Inapplicable ; Inapplicable ; Inapplicable ; Inapplicable ; Inapplicable ; Inapplicable ; Inapplicable ; Inapplicable ; Inapplicable ; Inapplicable ; Inapplicable ; Inapplicable ; Inapplicable ; Inapplicable ; Inapplicable ; Inapplicable ; Inapplicable ; Pass      ; Inapplicable ; Inapplicable ;
; cap_period[1]      ; Inapplicable ; Inapplicable ; Inapplicable ; Inapplicable ; Inapplicable ; Pass      ; Inapplicable ; Inapplicable ; Pass      ; Pass      ; Inapplicable ; Inapplicable ; Inapplicable ; Inapplicable ; Inapplicable ; Inapplicable ; Inapplicable ; Inapplicable ; Inapplicable ; Inapplicable ; Inapplicable ; Inapplicable ; Inapplicable ; Inapplicable ; Inapplicable ; Inapplicable ; Inapplicable ; Pass      ; Inapplicable ; Inapplicable ;
; cap_period[2]      ; Inapplicable ; Inapplicable ; Inapplicable ; Inapplicable ; Inapplicable ; Pass      ; Inapplicable ; Inapplicable ; Pass      ; Pass      ; Inapplicable ; Inapplicable ; Inapplicable ; Inapplicable ; Inapplicable ; Inapplicable ; Inapplicable ; Inapplicable ; Inapplicable ; Inapplicable ; Inapplicable ; Inapplicable ; Inapplicable ; Inapplicable ; Inapplicable ; Inapplicable ; Inapplicable ; Pass      ; Inapplicable ; Inapplicable ;
; cap_period[3]      ; Inapplicable ; Inapplicable ; Inapplicable ; Inapplicable ; Inapplicable ; Pass      ; Inapplicable ; Inapplicable ; Pass      ; Pass      ; Inapplicable ; Inapplicable ; Inapplicable ; Inapplicable ; Inapplicable ; Inapplicable ; Inapplicable ; Inapplicable ; Inapplicable ; Inapplicable ; Inapplicable ; Inapplicable ; Inapplicable ; Inapplicable ; Inapplicable ; Inapplicable ; Inapplicable ; Pass      ; Inapplicable ; Inapplicable ;
; cap_period[4]      ; Inapplicable ; Inapplicable ; Inapplicable ; Inapplicable ; Inapplicable ; Pass      ; Inapplicable ; Inapplicable ; Pass      ; Pass      ; Inapplicable ; Inapplicable ; Inapplicable ; Inapplicable ; Inapplicable ; Inapplicable ; Inapplicable ; Inapplicable ; Inapplicable ; Inapplicable ; Inapplicable ; Inapplicable ; Inapplicable ; Inapplicable ; Inapplicable ; Inapplicable ; Inapplicable ; Pass      ; Inapplicable ; Inapplicable ;
; cap_period[5]      ; Inapplicable ; Inapplicable ; Inapplicable ; Inapplicable ; Inapplicable ; Pass      ; Inapplicable ; Inapplicable ; Pass      ; Pass      ; Inapplicable ; Inapplicable ; Inapplicable ; Inapplicable ; Inapplicable ; Inapplicable ; Inapplicable ; Inapplicable ; Inapplicable ; Inapplicable ; Inapplicable ; Inapplicable ; Inapplicable ; Inapplicable ; Inapplicable ; Inapplicable ; Inapplicable ; Pass      ; Inapplicable ; Inapplicable ;
; cap_period[6]      ; Inapplicable ; Inapplicable ; Inapplicable ; Inapplicable ; Inapplicable ; Pass      ; Inapplicable ; Inapplicable ; Pass      ; Pass      ; Inapplicable ; Inapplicable ; Inapplicable ; Inapplicable ; Inapplicable ; Inapplicable ; Inapplicable ; Inapplicable ; Inapplicable ; Inapplicable ; Inapplicable ; Inapplicable ; Inapplicable ; Inapplicable ; Inapplicable ; Inapplicable ; Inapplicable ; Pass      ; Inapplicable ; Inapplicable ;
; cap_period[7]      ; Inapplicable ; Inapplicable ; Inapplicable ; Inapplicable ; Inapplicable ; Pass      ; Inapplicable ; Inapplicable ; Pass      ; Pass      ; Inapplicable ; Inapplicable ; Inapplicable ; Inapplicable ; Inapplicable ; Inapplicable ; Inapplicable ; Inapplicable ; Inapplicable ; Inapplicable ; Inapplicable ; Inapplicable ; Inapplicable ; Inapplicable ; Inapplicable ; Inapplicable ; Inapplicable ; Pass      ; Inapplicable ; Inapplicable ;
; cap_period[8]      ; Inapplicable ; Inapplicable ; Inapplicable ; Inapplicable ; Inapplicable ; Pass      ; Inapplicable ; Inapplicable ; Pass      ; Pass      ; Inapplicable ; Inapplicable ; Inapplicable ; Inapplicable ; Inapplicable ; Inapplicable ; Inapplicable ; Inapplicable ; Inapplicable ; Inapplicable ; Inapplicable ; Inapplicable ; Inapplicable ; Inapplicable ; Inapplicable ; Inapplicable ; Inapplicable ; Pass      ; Inapplicable ; Inapplicable ;
; cap_period[9]      ; Inapplicable ; Inapplicable ; Inapplicable ; Inapplicable ; Inapplicable ; Pass      ; Inapplicable ; Inapplicable ; Pass      ; Pass      ; Inapplicable ; Inapplicable ; Inapplicable ; Inapplicable ; Inapplicable ; Inapplicable ; Inapplicable ; Inapplicable ; Inapplicable ; Inapplicable ; Inapplicable ; Inapplicable ; Inapplicable ; Inapplicable ; Inapplicable ; Inapplicable ; Inapplicable ; Pass      ; Inapplicable ; Inapplicable ;
; cap_period[10]     ; Inapplicable ; Inapplicable ; Inapplicable ; Inapplicable ; Inapplicable ; Pass      ; Inapplicable ; Inapplicable ; Pass      ; Pass      ; Inapplicable ; Inapplicable ; Inapplicable ; Inapplicable ; Inapplicable ; Inapplicable ; Inapplicable ; Inapplicable ; Inapplicable ; Inapplicable ; Inapplicable ; Inapplicable ; Inapplicable ; Inapplicable ; Inapplicable ; Inapplicable ; Inapplicable ; Pass      ; Inapplicable ; Inapplicable ;
; cap_period[11]     ; Inapplicable ; Inapplicable ; Inapplicable ; Inapplicable ; Inapplicable ; Pass      ; Inapplicable ; Inapplicable ; Pass      ; Pass      ; Inapplicable ; Inapplicable ; Inapplicable ; Inapplicable ; Inapplicable ; Inapplicable ; Inapplicable ; Inapplicable ; Inapplicable ; Inapplicable ; Inapplicable ; Inapplicable ; Inapplicable ; Inapplicable ; Inapplicable ; Inapplicable ; Inapplicable ; Pass      ; Inapplicable ; Inapplicable ;
; cap_period[12]     ; Inapplicable ; Inapplicable ; Inapplicable ; Inapplicable ; Inapplicable ; Pass      ; Inapplicable ; Inapplicable ; Pass      ; Pass      ; Inapplicable ; Inapplicable ; Inapplicable ; Inapplicable ; Inapplicable ; Inapplicable ; Inapplicable ; Inapplicable ; Inapplicable ; Inapplicable ; Inapplicable ; Inapplicable ; Inapplicable ; Inapplicable ; Inapplicable ; Inapplicable ; Inapplicable ; Pass      ; Inapplicable ; Inapplicable ;
; cap_period[13]     ; Inapplicable ; Inapplicable ; Inapplicable ; Inapplicable ; Inapplicable ; Pass      ; Inapplicable ; Inapplicable ; Pass      ; Pass      ; Inapplicable ; Inapplicable ; Inapplicable ; Inapplicable ; Inapplicable ; Inapplicable ; Inapplicable ; Inapplicable ; Inapplicable ; Inapplicable ; Inapplicable ; Inapplicable ; Inapplicable ; Inapplicable ; Inapplicable ; Inapplicable ; Inapplicable ; Pass      ; Inapplicable ; Inapplicable ;
; cap_period[14]     ; Inapplicable ; Inapplicable ; Inapplicable ; Inapplicable ; Inapplicable ; Pass      ; Inapplicable ; Inapplicable ; Pass      ; Pass      ; Inapplicable ; Inapplicable ; Inapplicable ; Inapplicable ; Inapplicable ; Inapplicable ; Inapplicable ; Inapplicable ; Inapplicable ; Inapplicable ; Inapplicable ; Inapplicable ; Inapplicable ; Inapplicable ; Inapplicable ; Inapplicable ; Inapplicable ; Pass      ; Inapplicable ; Inapplicable ;
; cap_period[15]     ; Inapplicable ; Inapplicable ; Inapplicable ; Inapplicable ; Inapplicable ; Pass      ; Inapplicable ; Inapplicable ; Pass      ; Pass      ; Inapplicable ; Inapplicable ; Inapplicable ; Inapplicable ; Inapplicable ; Inapplicable ; Inapplicable ; Inapplicable ; Inapplicable ; Inapplicable ; Inapplicable ; Inapplicable ; Inapplicable ; Inapplicable ; Inapplicable ; Inapplicable ; Inapplicable ; Pass      ; Inapplicable ; Inapplicable ;
; cap_high_time[0]   ; Inapplicable ; Inapplicable ; Inapplicable ; Inapplicable ; Inapplicable ; Pass      ; Inapplicable ; Inapplicable ; Pass      ; Pass      ; Inapplicable ; Inapplicable ; Inapplicable ; Inapplicable ; Inapplicable ; Inapplicable ; Inapplicable ; Inapplicable ; Inapplicable ; Inapplicable ; Inapplicable ; Inapplicable ; Inapplicable ; Inapplicable ; Inapplicable ; Inapplicable ; Inapplicable ; Pass      ; Inapplicable ; Inapplicable ;
; cap_high_time[1]   ; Inapplicable ; Inapplicable ; Inapplicable ; Inapplicable ; Inapplicable ; Pass      ; Inapplicable ; Inapplicable ; Pass      ; Pass      ; Inapplicable ; Inapplicable ; Inapplicable ; Inapplicable ; Inapplicable ; Inapplicable ; Inapplicable ; Inapplicable ; Inapplicable ; Inapplicable ; Inapplicable ; Inapplicable ; Inapplicable ; Inapplicable ; Inapplicable ; Inapplicable ; Inapplicable ; Pass      ; Inapplicable ; Inapplicable ;
; cap_high_time[2]   ; Inapplicable ; Inapplicable ; Inapplicable ; Inapplicable ; Inapplicable ; Pass      ; Inapplicable ; Inapplicable ; Pass      ; Pass      ; Inapplicable ; Inapplicable ; Inapplicable ; Inapplicable ; Inapplicable ; Inapplicable ; Inapplicable ; Inapplicable ; Inapplicable ; Inapplicable ; Inapplicable ; Inapplicable ; Inapplicable ; Inapplicable ; Inapplicable ; Inapplicable ; Inapplicable ; Pass      ; Inapplicable ; Inapplicable ;
; cap_high_time[3]   ; Inapplicable ; Inapplicable ; Inapplicable ; Inapplicable ; Inapplicable ; Pass      ; Inapplicable ; Inapplicable ; Pass      ; Pass      ; Inapplicable ; Inapplicable ; Inapplicable ; Inapplicable ; Inapplicable ; Inapplicable ; Inapplicable ; Inapplicable ; Inapplicable ; Inapplicable ; Inapplicable ; Inapplicable ; Inapplicable ; Inapplicable ; Inapplicable ; Inapplicable ; Inapplicable ; Pass      ; Inapplicable ; Inapplicable ;
; cap_high_time[4]   ; Inapplicable ; Inapplicable ; Inapplicable ; Inapplicable ; Inapplicable ; Pass      ; Inapplicable ; Inapplicable ; Pass      ; Pass      ; Inapplicable ; Inapplicable ; Inapplicable ; Inapplicable ; Inapplicable ; Inapplicable ; Inapplicable ; Inapplicable ; Inapplicable ; Inapplicable ; Inapplicable ; Inapplicable ; Inapplicable ; Inapplicable ; Inapplicable ; Inapplicable ; Inapplicable ; Pass      ; Inapplicable ; Inapplicable ;
; cap_high_time[5]   ; Inapplicable ; Inapplicable ; Inapplicable ; Inapplicable ; Inapplicable ; Pass      ; Inapplicable ; Inapplicable ; Pass      ; Pass      ; Inapplicable ; Inapplicable ; Inapplicable ; Inapplicable ; Inapplicable ; Inapplicable ; Inapplicable ; Inapplicable ; Inapplicable ; Inapplicable ; Inapplicable ; Inapplicable ; Inapplicable ; Inapplicable ; Inapplicable ; Inapplicable ; Inapplicable ; Pass      ; Inapplicable ; Inapplicable ;
; cap_high_time[6]   ; Inapplicable ; Inapplicable ; Inapplicable ; Inapplicable ; Inapplicable ; Pass      ; Inapplicable ; Inapplicable ; Pass      ; Pass      ; Inapplicable ; Inapplicable ; Inapplicable ; Inapplicable ; Inapplicable ; Inapplicable ; Inapplicable ; Inapplicable ; Inapplicable ; Inapplicable ; Inapplicable ; Inapplicable ; Inapplicable ; Inapplicable ; Inapplicable ; Inapplicable ; Inapplicable ; Pass      ; Inapplicable ; Inapplicable ;
; cap_high_time[7]   ; Inapplicable ; Inapplicable ; Inapplicable ; Inapplicable ; Inapplicable ; Pass      ; Inapplicable ; Inapplicable ; Pass      ; Pass      ; Inapplicable ; Inapplicable ; Inapplicable ; Inapplicable ; Inapplicable ; Inapplicable ; Inapplicable ; Inapplicable ; Inapplicable ; Inapplicable ; Inapplicable ; Inapplicable ; Inapplicable ; Inapplicable ; Inapplicable ; Inapplicable ; Inapplicable ; Pass      ; Inapplicable ; Inapplicable ;
; cap_high_time[8]   ; Inapplicable ; Inapplicable ; Inapplicable ; Inapplicable ; Inapplicable ; Pass      ; Inapplicable ; Inapplicable ; Pass      ; Pass      ; Inapplicable ; Inapplicable ; Inapplicable ; Inapplicable ; Inapplicable ; Inapplicable ; Inapplicable ; Inapplicable ; Inapplicable ; Inapplicable ; Inapplicable ; Inapplicable ; Inapplicable ; Inapplicable ; Inapplicable ; Inapplicable ; Inapplicable ; Pass      ; Inapplicable ; Inapplicable ;
; cap_high_time[9]   ; Inapplicable ; Inapplicable ; Inapplicable ; Inapplicable ; Inapplicable ; Pass      ; Inapplicable ; Inapplicable ; Pass      ; Pass      ; Inapplicable ; Inapplicable ; Inapplicable ; Inapplicable ; Inapplicable ; Inapplicable ; Inapplicable ; Inapplicable ; Inapplicable ; Inapplicable ; Inapplicable ; Inapplicable ; Inapplicable ; Inapplicable ; Inapplicable ; Inapplicable ; Inapplicable ; Pass      ; Inapplicable ; Inapplicable ;
; cap_high_time[10]  ; Inapplicable ; Inapplicable ; Inapplicable ; Inapplicable ; Inapplicable ; Pass      ; Inapplicable ; Inapplicable ; Pass      ; Pass      ; Inapplicable ; Inapplicable ; Inapplicable ; Inapplicable ; Inapplicable ; Inapplicable ; Inapplicable ; Inapplicable ; Inapplicable ; Inapplicable ; Inapplicable ; Inapplicable ; Inapplicable ; Inapplicable ; Inapplicable ; Inapplicable ; Inapplicable ; Pass      ; Inapplicable ; Inapplicable ;
; cap_high_time[11]  ; Inapplicable ; Inapplicable ; Inapplicable ; Inapplicable ; Inapplicable ; Pass      ; Inapplicable ; Inapplicable ; Pass      ; Pass      ; Inapplicable ; Inapplicable ; Inapplicable ; Inapplicable ; Inapplicable ; Inapplicable ; Inapplicable ; Inapplicable ; Inapplicable ; Inapplicable ; Inapplicable ; Inapplicable ; Inapplicable ; Inapplicable ; Inapplicable ; Inapplicable ; Inapplicable ; Pass      ; Inapplicable ; Inapplicable ;
; cap_high_time[12]  ; Inapplicable ; Inapplicable ; Inapplicable ; Inapplicable ; Inapplicable ; Pass      ; Inapplicable ; Inapplicable ; Pass      ; Pass      ; Inapplicable ; Inapplicable ; Inapplicable ; Inapplicable ; Inapplicable ; Inapplicable ; Inapplicable ; Inapplicable ; Inapplicable ; Inapplicable ; Inapplicable ; Inapplicable ; Inapplicable ; Inapplicable ; Inapplicable ; Inapplicable ; Inapplicable ; Pass      ; Inapplicable ; Inapplicable ;
; cap_high_time[13]  ; Inapplicable ; Inapplicable ; Inapplicable ; Inapplicable ; Inapplicable ; Pass      ; Inapplicable ; Inapplicable ; Pass      ; Pass      ; Inapplicable ; Inapplicable ; Inapplicable ; Inapplicable ; Inapplicable ; Inapplicable ; Inapplicable ; Inapplicable ; Inapplicable ; Inapplicable ; Inapplicable ; Inapplicable ; Inapplicable ; Inapplicable ; Inapplicable ; Inapplicable ; Inapplicable ; Pass      ; Inapplicable ; Inapplicable ;
; cap_high_time[14]  ; Inapplicable ; Inapplicable ; Inapplicable ; Inapplicable ; Inapplicable ; Pass      ; Inapplicable ; Inapplicable ; Pass      ; Pass      ; Inapplicable ; Inapplicable ; Inapplicable ; Inapplicable ; Inapplicable ; Inapplicable ; Inapplicable ; Inapplicable ; Inapplicable ; Inapplicable ; Inapplicable ; Inapplicable ; Inapplicable ; Inapplicable ; Inapplicable ; Inapplicable ; Inapplicable ; Pass      ; Inapplicable ; Inapplicable ;
; cap_high_time[15]  ; Inapplicable ; Inapplicable ; Inapplicable ; Inapplicable ; Inapplicable ; Pass      ; Inapplicable ; Inapplicable ; Pass      ; Pass      ; Inapplicable ; Inapplicable ; Inapplicable ; Inapplicable ; Inapplicable ; Inapplicable ; Inapplicable ; Inapplicable ; Inapplicable ; Inapplicable ; Inapplicable ; Inapplicable ; Inapplicable ; Inapplicable ; Inapplicable ; Inapplicable ; Inapplicable ; Pass      ; Inapplicable ; Inapplicable ;
; cap_valid          ; Pass         ; Inapplicable ; Pass         ; Inapplicable ; Inapplicable ; Pass      ; Pass         ; Inapplicable ; Pass      ; Pass      ; Inapplicable ; Inapplicable ; Inapplicable ; Inapplicable ; Inapplicable ; Inapplicable ; Inapplicable ; Inapplicable ; Inapplicable ; Inapplicable ; Inapplicable ; Inapplicable ; Inapplicable ; Inapplicable ; Inapplicable ; Inapplicable ; Inapplicable ; Pass      ; Inapplicable ; Inapplicable ;
; pll_locked         ; Pass         ; Inapplicable ; Pass         ; Inapplicable ; Inapplicable ; Pass      ; Pass         ; Inapplicable ; Pass      ; Pass      ; Inapplicable ; Inapplicable ; Inapplicable ; Inapplicable ; Inapplicable ; Inapplicable ; Inapplicable ; Inapplicable ; Inapplicable ; Inapplicable ; Inapplicable ; Inapplicable ; Inapplicable ; Inapplicable ; Inapplicable ; Inapplicable ; Inapplicable ; Pass      ; Inapplicable ; Inapplicable ;
; rst_n              ; Inapplicable ; Inapplicable ; Inapplicable ; Inapplicable ; Inapplicable ; Pass      ; Inapplicable ; Inapplicable ; Pass      ; Pass      ; Inapplicable ; Inapplicable ; Inapplicable ; Inapplicable ; Pass         ; Inapplicable ; Inapplicable ; Pass         ; Inapplicable ; Inapplicable ; Inapplicable ; Inapplicable ; Inapplicable ; Inapplicable ; Inapplicable ; Inapplicable ; Inapplicable ; Pass      ; Inapplicable ; Inapplicable ;
; clk_50m            ; Pass         ; Inapplicable ; Pass         ; Inapplicable ; Inapplicable ; Pass      ; Pass         ; Inapplicable ; Pass      ; Pass      ; Inapplicable ; Inapplicable ; Inapplicable ; Inapplicable ; Pass         ; Inapplicable ; Inapplicable ; Pass         ; Inapplicable ; Inapplicable ; Inapplicable ; Inapplicable ; Inapplicable ; Inapplicable ; Inapplicable ; Inapplicable ; Inapplicable ; Pass      ; Inapplicable ; Inapplicable ;
; mod_a[0]           ; Inapplicable ; Inapplicable ; Inapplicable ; Inapplicable ; Inapplicable ; Pass      ; Inapplicable ; Inapplicable ; Pass      ; Pass      ; Inapplicable ; Inapplicable ; Inapplicable ; Inapplicable ; Pass         ; Inapplicable ; Inapplicable ; Pass         ; Inapplicable ; Inapplicable ; Inapplicable ; Inapplicable ; Inapplicable ; Inapplicable ; Inapplicable ; Inapplicable ; Inapplicable ; Pass      ; Inapplicable ; Inapplicable ;
; mod_a[15]          ; Inapplicable ; Inapplicable ; Inapplicable ; Inapplicable ; Inapplicable ; Pass      ; Inapplicable ; Inapplicable ; Pass      ; Pass      ; Inapplicable ; Inapplicable ; Inapplicable ; Inapplicable ; Pass         ; Inapplicable ; Inapplicable ; Pass         ; Inapplicable ; Inapplicable ; Inapplicable ; Inapplicable ; Inapplicable ; Inapplicable ; Inapplicable ; Inapplicable ; Inapplicable ; Pass      ; Inapplicable ; Inapplicable ;
; mod_a[9]           ; Inapplicable ; Inapplicable ; Inapplicable ; Inapplicable ; Inapplicable ; Pass      ; Inapplicable ; Inapplicable ; Pass      ; Pass      ; Inapplicable ; Inapplicable ; Inapplicable ; Inapplicable ; Pass         ; Inapplicable ; Inapplicable ; Pass         ; Inapplicable ; Inapplicable ; Inapplicable ; Inapplicable ; Inapplicable ; Inapplicable ; Inapplicable ; Inapplicable ; Inapplicable ; Pass      ; Inapplicable ; Inapplicable ;
; mod_a[8]           ; Inapplicable ; Inapplicable ; Inapplicable ; Inapplicable ; Inapplicable ; Pass      ; Inapplicable ; Inapplicable ; Pass      ; Pass      ; Inapplicable ; Inapplicable ; Inapplicable ; Inapplicable ; Pass         ; Inapplicable ; Inapplicable ; Pass         ; Inapplicable ; Inapplicable ; Inapplicable ; Inapplicable ; Inapplicable ; Inapplicable ; Inapplicable ; Inapplicable ; Inapplicable ; Pass      ; Inapplicable ; Inapplicable ;
; mod_a[7]           ; Inapplicable ; Inapplicable ; Inapplicable ; Inapplicable ; Inapplicable ; Pass      ; Inapplicable ; Inapplicable ; Pass      ; Pass      ; Inapplicable ; Inapplicable ; Inapplicable ; Inapplicable ; Pass         ; Inapplicable ; Inapplicable ; Pass         ; Inapplicable ; Inapplicable ; Inapplicable ; Inapplicable ; Inapplicable ; Inapplicable ; Inapplicable ; Inapplicable ; Inapplicable ; Pass      ; Inapplicable ; Inapplicable ;
; mod_a[4]           ; Inapplicable ; Inapplicable ; Inapplicable ; Inapplicable ; Inapplicable ; Pass      ; Inapplicable ; Inapplicable ; Pass      ; Pass      ; Inapplicable ; Inapplicable ; Inapplicable ; Inapplicable ; Pass         ; Inapplicable ; Inapplicable ; Pass         ; Inapplicable ; Inapplicable ; Inapplicable ; Inapplicable ; Inapplicable ; Inapplicable ; Inapplicable ; Inapplicable ; Inapplicable ; Pass      ; Inapplicable ; Inapplicable ;
; mod_a[5]           ; Inapplicable ; Inapplicable ; Inapplicable ; Inapplicable ; Inapplicable ; Pass      ; Inapplicable ; Inapplicable ; Pass      ; Pass      ; Inapplicable ; Inapplicable ; Inapplicable ; Inapplicable ; Pass         ; Inapplicable ; Inapplicable ; Pass         ; Inapplicable ; Inapplicable ; Inapplicable ; Inapplicable ; Inapplicable ; Inapplicable ; Inapplicable ; Inapplicable ; Inapplicable ; Pass      ; Inapplicable ; Inapplicable ;
; mod_a[6]           ; Inapplicable ; Inapplicable ; Inapplicable ; Inapplicable ; Inapplicable ; Pass      ; Inapplicable ; Inapplicable ; Pass      ; Pass      ; Inapplicable ; Inapplicable ; Inapplicable ; Inapplicable ; Pass         ; Inapplicable ; Inapplicable ; Pass         ; Inapplicable ; Inapplicable ; Inapplicable ; Inapplicable ; Inapplicable ; Inapplicable ; Inapplicable ; Inapplicable ; Inapplicable ; Pass      ; Inapplicable ; Inapplicable ;
; mod_a[14]          ; Inapplicable ; Inapplicable ; Inapplicable ; Inapplicable ; Inapplicable ; Pass      ; Inapplicable ; Inapplicable ; Pass      ; Pass      ; Inapplicable ; Inapplicable ; Inapplicable ; Inapplicable ; Pass         ; Inapplicable ; Inapplicable ; Pass         ; Inapplicable ; Inapplicable ; Inapplicable ; Inapplicable ; Inapplicable ; Inapplicable ; Inapplicable ; Inapplicable ; Inapplicable ; Pass      ; Inapplicable ; Inapplicable ;
; mod_a[10]          ; Inapplicable ; Inapplicable ; Inapplicable ; Inapplicable ; Inapplicable ; Pass      ; Inapplicable ; Inapplicable ; Pass      ; Pass      ; Inapplicable ; Inapplicable ; Inapplicable ; Inapplicable ; Pass         ; Inapplicable ; Inapplicable ; Pass         ; Inapplicable ; Inapplicable ; Inapplicable ; Inapplicable ; Inapplicable ; Inapplicable ; Inapplicable ; Inapplicable ; Inapplicable ; Pass      ; Inapplicable ; Inapplicable ;
; mod_a[11]          ; Inapplicable ; Inapplicable ; Inapplicable ; Inapplicable ; Inapplicable ; Pass      ; Inapplicable ; Inapplicable ; Pass      ; Pass      ; Inapplicable ; Inapplicable ; Inapplicable ; Inapplicable ; Pass         ; Inapplicable ; Inapplicable ; Pass         ; Inapplicable ; Inapplicable ; Inapplicable ; Inapplicable ; Inapplicable ; Inapplicable ; Inapplicable ; Inapplicable ; Inapplicable ; Pass      ; Inapplicable ; Inapplicable ;
; mod_a[12]          ; Inapplicable ; Inapplicable ; Inapplicable ; Inapplicable ; Inapplicable ; Pass      ; Inapplicable ; Inapplicable ; Pass      ; Pass      ; Inapplicable ; Inapplicable ; Inapplicable ; Inapplicable ; Pass         ; Inapplicable ; Inapplicable ; Pass         ; Inapplicable ; Inapplicable ; Inapplicable ; Inapplicable ; Inapplicable ; Inapplicable ; Inapplicable ; Inapplicable ; Inapplicable ; Pass      ; Inapplicable ; Inapplicable ;
; mod_a[13]          ; Inapplicable ; Inapplicable ; Inapplicable ; Inapplicable ; Inapplicable ; Pass      ; Inapplicable ; Inapplicable ; Pass      ; Pass      ; Inapplicable ; Inapplicable ; Inapplicable ; Inapplicable ; Pass         ; Inapplicable ; Inapplicable ; Pass         ; Inapplicable ; Inapplicable ; Inapplicable ; Inapplicable ; Inapplicable ; Inapplicable ; Inapplicable ; Inapplicable ; Inapplicable ; Pass      ; Inapplicable ; Inapplicable ;
; mod_a[1]           ; Inapplicable ; Inapplicable ; Inapplicable ; Inapplicable ; Inapplicable ; Pass      ; Inapplicable ; Inapplicable ; Pass      ; Pass      ; Inapplicable ; Inapplicable ; Inapplicable ; Inapplicable ; Pass         ; Inapplicable ; Inapplicable ; Pass         ; Inapplicable ; Inapplicable ; Inapplicable ; Inapplicable ; Inapplicable ; Inapplicable ; Inapplicable ; Inapplicable ; Inapplicable ; Pass      ; Inapplicable ; Inapplicable ;
; mod_a[2]           ; Inapplicable ; Inapplicable ; Inapplicable ; Inapplicable ; Inapplicable ; Pass      ; Inapplicable ; Inapplicable ; Pass      ; Pass      ; Inapplicable ; Inapplicable ; Inapplicable ; Inapplicable ; Pass         ; Inapplicable ; Inapplicable ; Pass         ; Inapplicable ; Inapplicable ; Inapplicable ; Inapplicable ; Inapplicable ; Inapplicable ; Inapplicable ; Inapplicable ; Inapplicable ; Pass      ; Inapplicable ; Inapplicable ;
; mod_a[3]           ; Inapplicable ; Inapplicable ; Inapplicable ; Inapplicable ; Inapplicable ; Pass      ; Inapplicable ; Inapplicable ; Pass      ; Pass      ; Inapplicable ; Inapplicable ; Inapplicable ; Inapplicable ; Pass         ; Inapplicable ; Inapplicable ; Pass         ; Inapplicable ; Inapplicable ; Inapplicable ; Inapplicable ; Inapplicable ; Inapplicable ; Inapplicable ; Inapplicable ; Inapplicable ; Pass      ; Inapplicable ; Inapplicable ;
; mod_b[0]           ; Inapplicable ; Inapplicable ; Inapplicable ; Inapplicable ; Inapplicable ; Pass      ; Inapplicable ; Inapplicable ; Pass      ; Pass      ; Inapplicable ; Inapplicable ; Inapplicable ; Inapplicable ; Pass         ; Inapplicable ; Inapplicable ; Pass         ; Inapplicable ; Inapplicable ; Inapplicable ; Inapplicable ; Inapplicable ; Inapplicable ; Inapplicable ; Inapplicable ; Inapplicable ; Pass      ; Inapplicable ; Inapplicable ;
; mod_b[9]           ; Inapplicable ; Inapplicable ; Inapplicable ; Inapplicable ; Inapplicable ; Pass      ; Inapplicable ; Inapplicable ; Pass      ; Pass      ; Inapplicable ; Inapplicable ; Inapplicable ; Inapplicable ; Pass         ; Inapplicable ; Inapplicable ; Pass         ; Inapplicable ; Inapplicable ; Inapplicable ; Inapplicable ; Inapplicable ; Inapplicable ; Inapplicable ; Inapplicable ; Inapplicable ; Pass      ; Inapplicable ; Inapplicable ;
; mod_b[10]          ; Inapplicable ; Inapplicable ; Inapplicable ; Inapplicable ; Inapplicable ; Pass      ; Inapplicable ; Inapplicable ; Pass      ; Pass      ; Inapplicable ; Inapplicable ; Inapplicable ; Inapplicable ; Pass         ; Inapplicable ; Inapplicable ; Pass         ; Inapplicable ; Inapplicable ; Inapplicable ; Inapplicable ; Inapplicable ; Inapplicable ; Inapplicable ; Inapplicable ; Inapplicable ; Pass      ; Inapplicable ; Inapplicable ;
; mod_b[11]          ; Inapplicable ; Inapplicable ; Inapplicable ; Inapplicable ; Inapplicable ; Pass      ; Inapplicable ; Inapplicable ; Pass      ; Pass      ; Inapplicable ; Inapplicable ; Inapplicable ; Inapplicable ; Pass         ; Inapplicable ; Inapplicable ; Pass         ; Inapplicable ; Inapplicable ; Inapplicable ; Inapplicable ; Inapplicable ; Inapplicable ; Inapplicable ; Inapplicable ; Inapplicable ; Pass      ; Inapplicable ; Inapplicable ;
; mod_b[12]          ; Inapplicable ; Inapplicable ; Inapplicable ; Inapplicable ; Inapplicable ; Pass      ; Inapplicable ; Inapplicable ; Pass      ; Pass      ; Inapplicable ; Inapplicable ; Inapplicable ; Inapplicable ; Pass         ; Inapplicable ; Inapplicable ; Pass         ; Inapplicable ; Inapplicable ; Inapplicable ; Inapplicable ; Inapplicable ; Inapplicable ; Inapplicable ; Inapplicable ; Inapplicable ; Pass      ; Inapplicable ; Inapplicable ;
; mod_b[13]          ; Inapplicable ; Inapplicable ; Inapplicable ; Inapplicable ; Inapplicable ; Pass      ; Inapplicable ; Inapplicable ; Pass      ; Pass      ; Inapplicable ; Inapplicable ; Inapplicable ; Inapplicable ; Pass         ; Inapplicable ; Inapplicable ; Pass         ; Inapplicable ; Inapplicable ; Inapplicable ; Inapplicable ; Inapplicable ; Inapplicable ; Inapplicable ; Inapplicable ; Inapplicable ; Pass      ; Inapplicable ; Inapplicable ;
; mod_b[14]          ; Inapplicable ; Inapplicable ; Inapplicable ; Inapplicable ; Inapplicable ; Pass      ; Inapplicable ; Inapplicable ; Pass      ; Pass      ; Inapplicable ; Inapplicable ; Inapplicable ; Inapplicable ; Pass         ; Inapplicable ; Inapplicable ; Pass         ; Inapplicable ; Inapplicable ; Inapplicable ; Inapplicable ; Inapplicable ; Inapplicable ; Inapplicable ; Inapplicable ; Inapplicable ; Pass      ; Inapplicable ; Inapplicable ;
; mod_b[4]           ; Inapplicable ; Inapplicable ; Inapplicable ; Inapplicable ; Inapplicable ; Pass      ; Inapplicable ; Inapplicable ; Pass      ; Pass      ; Inapplicable ; Inapplicable ; Inapplicable ; Inapplicable ; Pass         ; Inapplicable ; Inapplicable ; Pass         ; Inapplicable ; Inapplicable ; Inapplicable ; Inapplicable ; Inapplicable ; Inapplicable ; Inapplicable ; Inapplicable ; Inapplicable ; Pass      ; Inapplicable ; Inapplicable ;
; mod_b[5]           ; Inapplicable ; Inapplicable ; Inapplicable ; Inapplicable ; Inapplicable ; Pass      ; Inapplicable ; Inapplicable ; Pass      ; Pass      ; Inapplicable ; Inapplicable ; Inapplicable ; Inapplicable ; Pass         ; Inapplicable ; Inapplicable ; Pass         ; Inapplicable ; Inapplicable ; Inapplicable ; Inapplicable ; Inapplicable ; Inapplicable ; Inapplicable ; Inapplicable ; Inapplicable ; Pass      ; Inapplicable ; Inapplicable ;
; mod_b[6]           ; Inapplicable ; Inapplicable ; Inapplicable ; Inapplicable ; Inapplicable ; Pass      ; Inapplicable ; Inapplicable ; Pass      ; Pass      ; Inapplicable ; Inapplicable ; Inapplicable ; Inapplicable ; Pass         ; Inapplicable ; Inapplicable ; Pass         ; Inapplicable ; Inapplicable ; Inapplicable ; Inapplicable ; Inapplicable ; Inapplicable ; Inapplicable ; Inapplicable ; Inapplicable ; Pass      ; Inapplicable ; Inapplicable ;
; mod_b[8]           ; Inapplicable ; Inapplicable ; Inapplicable ; Inapplicable ; Inapplicable ; Pass      ; Inapplicable ; Inapplicable ; Pass      ; Pass      ; Inapplicable ; Inapplicable ; Inapplicable ; Inapplicable ; Pass         ; Inapplicable ; Inapplicable ; Pass         ; Inapplicable ; Inapplicable ; Inapplicable ; Inapplicable ; Inapplicable ; Inapplicable ; Inapplicable ; Inapplicable ; Inapplicable ; Pass      ; Inapplicable ; Inapplicable ;
; mod_b[7]           ; Inapplicable ; Inapplicable ; Inapplicable ; Inapplicable ; Inapplicable ; Pass      ; Inapplicable ; Inapplicable ; Pass      ; Pass      ; Inapplicable ; Inapplicable ; Inapplicable ; Inapplicable ; Pass         ; Inapplicable ; Inapplicable ; Pass         ; Inapplicable ; Inapplicable ; Inapplicable ; Inapplicable ; Inapplicable ; Inapplicable ; Inapplicable ; Inapplicable ; Inapplicable ; Pass      ; Inapplicable ; Inapplicable ;
; mod_b[2]           ; Inapplicable ; Inapplicable ; Inapplicable ; Inapplicable ; Inapplicable ; Pass      ; Inapplicable ; Inapplicable ; Pass      ; Pass      ; Inapplicable ; Inapplicable ; Inapplicable ; Inapplicable ; Pass         ; Inapplicable ; Inapplicable ; Pass         ; Inapplicable ; Inapplicable ; Inapplicable ; Inapplicable ; Inapplicable ; Inapplicable ; Inapplicable ; Inapplicable ; Inapplicable ; Pass      ; Inapplicable ; Inapplicable ;
; mod_b[3]           ; Inapplicable ; Inapplicable ; Inapplicable ; Inapplicable ; Inapplicable ; Pass      ; Inapplicable ; Inapplicable ; Pass      ; Pass      ; Inapplicable ; Inapplicable ; Inapplicable ; Inapplicable ; Pass         ; Inapplicable ; Inapplicable ; Pass         ; Inapplicable ; Inapplicable ; Inapplicable ; Inapplicable ; Inapplicable ; Inapplicable ; Inapplicable ; Inapplicable ; Inapplicable ; Pass      ; Inapplicable ; Inapplicable ;
; mod_b[1]           ; Inapplicable ; Inapplicable ; Inapplicable ; Inapplicable ; Inapplicable ; Pass      ; Inapplicable ; Inapplicable ; Pass      ; Pass      ; Inapplicable ; Inapplicable ; Inapplicable ; Inapplicable ; Pass         ; Inapplicable ; Inapplicable ; Pass         ; Inapplicable ; Inapplicable ; Inapplicable ; Inapplicable ; Inapplicable ; Inapplicable ; Inapplicable ; Inapplicable ; Inapplicable ; Pass      ; Inapplicable ; Inapplicable ;
; mod_b[15]          ; Inapplicable ; Inapplicable ; Inapplicable ; Inapplicable ; Inapplicable ; Pass      ; Inapplicable ; Inapplicable ; Pass      ; Pass      ; Inapplicable ; Inapplicable ; Inapplicable ; Inapplicable ; Pass         ; Inapplicable ; Inapplicable ; Pass         ; Inapplicable ; Inapplicable ; Inapplicable ; Inapplicable ; Inapplicable ; Inapplicable ; Inapplicable ; Inapplicable ; Inapplicable ; Pass      ; Inapplicable ; Inapplicable ;
; mod_c[0]           ; Inapplicable ; Inapplicable ; Inapplicable ; Inapplicable ; Inapplicable ; Pass      ; Inapplicable ; Inapplicable ; Pass      ; Pass      ; Inapplicable ; Inapplicable ; Inapplicable ; Inapplicable ; Pass         ; Inapplicable ; Inapplicable ; Pass         ; Inapplicable ; Inapplicable ; Inapplicable ; Inapplicable ; Inapplicable ; Inapplicable ; Inapplicable ; Inapplicable ; Inapplicable ; Pass      ; Inapplicable ; Inapplicable ;
; mod_c[15]          ; Inapplicable ; Inapplicable ; Inapplicable ; Inapplicable ; Inapplicable ; Pass      ; Inapplicable ; Inapplicable ; Pass      ; Pass      ; Inapplicable ; Inapplicable ; Inapplicable ; Inapplicable ; Pass         ; Inapplicable ; Inapplicable ; Pass         ; Inapplicable ; Inapplicable ; Inapplicable ; Inapplicable ; Inapplicable ; Inapplicable ; Inapplicable ; Inapplicable ; Inapplicable ; Pass      ; Inapplicable ; Inapplicable ;
; mod_c[9]           ; Inapplicable ; Inapplicable ; Inapplicable ; Inapplicable ; Inapplicable ; Pass      ; Inapplicable ; Inapplicable ; Pass      ; Pass      ; Inapplicable ; Inapplicable ; Inapplicable ; Inapplicable ; Pass         ; Inapplicable ; Inapplicable ; Pass         ; Inapplicable ; Inapplicable ; Inapplicable ; Inapplicable ; Inapplicable ; Inapplicable ; Inapplicable ; Inapplicable ; Inapplicable ; Pass      ; Inapplicable ; Inapplicable ;
; mod_c[8]           ; Inapplicable ; Inapplicable ; Inapplicable ; Inapplicable ; Inapplicable ; Pass      ; Inapplicable ; Inapplicable ; Pass      ; Pass      ; Inapplicable ; Inapplicable ; Inapplicable ; Inapplicable ; Pass         ; Inapplicable ; Inapplicable ; Pass         ; Inapplicable ; Inapplicable ; Inapplicable ; Inapplicable ; Inapplicable ; Inapplicable ; Inapplicable ; Inapplicable ; Inapplicable ; Pass      ; Inapplicable ; Inapplicable ;
; mod_c[7]           ; Inapplicable ; Inapplicable ; Inapplicable ; Inapplicable ; Inapplicable ; Pass      ; Inapplicable ; Inapplicable ; Pass      ; Pass      ; Inapplicable ; Inapplicable ; Inapplicable ; Inapplicable ; Pass         ; Inapplicable ; Inapplicable ; Pass         ; Inapplicable ; Inapplicable ; Inapplicable ; Inapplicable ; Inapplicable ; Inapplicable ; Inapplicable ; Inapplicable ; Inapplicable ; Pass      ; Inapplicable ; Inapplicable ;
; mod_c[4]           ; Inapplicable ; Inapplicable ; Inapplicable ; Inapplicable ; Inapplicable ; Pass      ; Inapplicable ; Inapplicable ; Pass      ; Pass      ; Inapplicable ; Inapplicable ; Inapplicable ; Inapplicable ; Pass         ; Inapplicable ; Inapplicable ; Pass         ; Inapplicable ; Inapplicable ; Inapplicable ; Inapplicable ; Inapplicable ; Inapplicable ; Inapplicable ; Inapplicable ; Inapplicable ; Pass      ; Inapplicable ; Inapplicable ;
; mod_c[5]           ; Inapplicable ; Inapplicable ; Inapplicable ; Inapplicable ; Inapplicable ; Pass      ; Inapplicable ; Inapplicable ; Pass      ; Pass      ; Inapplicable ; Inapplicable ; Inapplicable ; Inapplicable ; Pass         ; Inapplicable ; Inapplicable ; Pass         ; Inapplicable ; Inapplicable ; Inapplicable ; Inapplicable ; Inapplicable ; Inapplicable ; Inapplicable ; Inapplicable ; Inapplicable ; Pass      ; Inapplicable ; Inapplicable ;
; mod_c[6]           ; Inapplicable ; Inapplicable ; Inapplicable ; Inapplicable ; Inapplicable ; Pass      ; Inapplicable ; Inapplicable ; Pass      ; Pass      ; Inapplicable ; Inapplicable ; Inapplicable ; Inapplicable ; Pass         ; Inapplicable ; Inapplicable ; Pass         ; Inapplicable ; Inapplicable ; Inapplicable ; Inapplicable ; Inapplicable ; Inapplicable ; Inapplicable ; Inapplicable ; Inapplicable ; Pass      ; Inapplicable ; Inapplicable ;
; mod_c[14]          ; Inapplicable ; Inapplicable ; Inapplicable ; Inapplicable ; Inapplicable ; Pass      ; Inapplicable ; Inapplicable ; Pass      ; Pass      ; Inapplicable ; Inapplicable ; Inapplicable ; Inapplicable ; Pass         ; Inapplicable ; Inapplicable ; Pass         ; Inapplicable ; Inapplicable ; Inapplicable ; Inapplicable ; Inapplicable ; Inapplicable ; Inapplicable ; Inapplicable ; Inapplicable ; Pass      ; Inapplicable ; Inapplicable ;
; mod_c[10]          ; Inapplicable ; Inapplicable ; Inapplicable ; Inapplicable ; Inapplicable ; Pass      ; Inapplicable ; Inapplicable ; Pass      ; Pass      ; Inapplicable ; Inapplicable ; Inapplicable ; Inapplicable ; Pass         ; Inapplicable ; Inapplicable ; Pass         ; Inapplicable ; Inapplicable ; Inapplicable ; Inapplicable ; Inapplicable ; Inapplicable ; Inapplicable ; Inapplicable ; Inapplicable ; Pass      ; Inapplicable ; Inapplicable ;
; mod_c[11]          ; Inapplicable ; Inapplicable ; Inapplicable ; Inapplicable ; Inapplicable ; Pass      ; Inapplicable ; Inapplicable ; Pass      ; Pass      ; Inapplicable ; Inapplicable ; Inapplicable ; Inapplicable ; Pass         ; Inapplicable ; Inapplicable ; Pass         ; Inapplicable ; Inapplicable ; Inapplicable ; Inapplicable ; Inapplicable ; Inapplicable ; Inapplicable ; Inapplicable ; Inapplicable ; Pass      ; Inapplicable ; Inapplicable ;
; mod_c[12]          ; Inapplicable ; Inapplicable ; Inapplicable ; Inapplicable ; Inapplicable ; Pass      ; Inapplicable ; Inapplicable ; Pass      ; Pass      ; Inapplicable ; Inapplicable ; Inapplicable ; Inapplicable ; Pass         ; Inapplicable ; Inapplicable ; Pass         ; Inapplicable ; Inapplicable ; Inapplicable ; Inapplicable ; Inapplicable ; Inapplicable ; Inapplicable ; Inapplicable ; Inapplicable ; Pass      ; Inapplicable ; Inapplicable ;
; mod_c[13]          ; Inapplicable ; Inapplicable ; Inapplicable ; Inapplicable ; Inapplicable ; Pass      ; Inapplicable ; Inapplicable ; Pass      ; Pass      ; Inapplicable ; Inapplicable ; Inapplicable ; Inapplicable ; Pass         ; Inapplicable ; Inapplicable ; Pass         ; Inapplicable ; Inapplicable ; Inapplicable ; Inapplicable ; Inapplicable ; Inapplicable ; Inapplicable ; Inapplicable ; Inapplicable ; Pass      ; Inapplicable ; Inapplicable ;
; mod_c[1]           ; Inapplicable ; Inapplicable ; Inapplicable ; Inapplicable ; Inapplicable ; Pass      ; Inapplicable ; Inapplicable ; Pass      ; Pass      ; Inapplicable ; Inapplicable ; Inapplicable ; Inapplicable ; Pass         ; Inapplicable ; Inapplicable ; Pass         ; Inapplicable ; Inapplicable ; Inapplicable ; Inapplicable ; Inapplicable ; Inapplicable ; Inapplicable ; Inapplicable ; Inapplicable ; Pass      ; Inapplicable ; Inapplicable ;
; mod_c[2]           ; Inapplicable ; Inapplicable ; Inapplicable ; Inapplicable ; Inapplicable ; Pass      ; Inapplicable ; Inapplicable ; Pass      ; Pass      ; Inapplicable ; Inapplicable ; Inapplicable ; Inapplicable ; Pass         ; Inapplicable ; Inapplicable ; Pass         ; Inapplicable ; Inapplicable ; Inapplicable ; Inapplicable ; Inapplicable ; Inapplicable ; Inapplicable ; Inapplicable ; Inapplicable ; Pass      ; Inapplicable ; Inapplicable ;
; mod_c[3]           ; Inapplicable ; Inapplicable ; Inapplicable ; Inapplicable ; Inapplicable ; Pass      ; Inapplicable ; Inapplicable ; Pass      ; Pass      ; Inapplicable ; Inapplicable ; Inapplicable ; Inapplicable ; Pass         ; Inapplicable ; Inapplicable ; Pass         ; Inapplicable ; Inapplicable ; Inapplicable ; Inapplicable ; Inapplicable ; Inapplicable ; Inapplicable ; Inapplicable ; Inapplicable ; Pass      ; Inapplicable ; Inapplicable ;
; gates_in[0]        ; Pass         ; Inapplicable ; Pass         ; Inapplicable ; Inapplicable ; Pass      ; Pass         ; Inapplicable ; Pass      ; Pass      ; Inapplicable ; Inapplicable ; Inapplicable ; Inapplicable ; Pass         ; Inapplicable ; Inapplicable ; Pass         ; Inapplicable ; Inapplicable ; Inapplicable ; Inapplicable ; Inapplicable ; Inapplicable ; Inapplicable ; Inapplicable ; Inapplicable ; Pass      ; Inapplicable ; Inapplicable ;
; gates_in[1]        ; Pass         ; Inapplicable ; Pass         ; Inapplicable ; Inapplicable ; Pass      ; Pass         ; Inapplicable ; Pass      ; Pass      ; Inapplicable ; Inapplicable ; Inapplicable ; Inapplicable ; Pass         ; Inapplicable ; Inapplicable ; Pass         ; Inapplicable ; Inapplicable ; Inapplicable ; Inapplicable ; Inapplicable ; Inapplicable ; Inapplicable ; Inapplicable ; Inapplicable ; Pass      ; Inapplicable ; Inapplicable ;
; gates_in[2]        ; Pass         ; Inapplicable ; Pass         ; Inapplicable ; Inapplicable ; Pass      ; Pass         ; Inapplicable ; Pass      ; Pass      ; Inapplicable ; Inapplicable ; Inapplicable ; Inapplicable ; Pass         ; Inapplicable ; Inapplicable ; Pass         ; Inapplicable ; Inapplicable ; Inapplicable ; Inapplicable ; Inapplicable ; Inapplicable ; Inapplicable ; Inapplicable ; Inapplicable ; Pass      ; Inapplicable ; Inapplicable ;
; gates_in[3]        ; Pass         ; Inapplicable ; Pass         ; Inapplicable ; Inapplicable ; Pass      ; Pass         ; Inapplicable ; Pass      ; Pass      ; Inapplicable ; Inapplicable ; Inapplicable ; Inapplicable ; Pass         ; Inapplicable ; Inapplicable ; Pass         ; Inapplicable ; Inapplicable ; Inapplicable ; Inapplicable ; Inapplicable ; Inapplicable ; Inapplicable ; Inapplicable ; Inapplicable ; Pass      ; Inapplicable ; Inapplicable ;
; gates_in[4]        ; Pass         ; Inapplicable ; Pass         ; Inapplicable ; Inapplicable ; Pass      ; Pass         ; Inapplicable ; Pass      ; Pass      ; Inapplicable ; Inapplicable ; Inapplicable ; Inapplicable ; Pass         ; Inapplicable ; Inapplicable ; Pass         ; Inapplicable ; Inapplicable ; Inapplicable ; Inapplicable ; Inapplicable ; Inapplicable ; Inapplicable ; Inapplicable ; Inapplicable ; Pass      ; Inapplicable ; Inapplicable ;
; gates_in[5]        ; Pass         ; Inapplicable ; Pass         ; Inapplicable ; Inapplicable ; Pass      ; Pass         ; Inapplicable ; Pass      ; Pass      ; Inapplicable ; Inapplicable ; Inapplicable ; Inapplicable ; Pass         ; Inapplicable ; Inapplicable ; Pass         ; Inapplicable ; Inapplicable ; Inapplicable ; Inapplicable ; Inapplicable ; Inapplicable ; Inapplicable ; Inapplicable ; Inapplicable ; Pass      ; Inapplicable ; Inapplicable ;
; gates_in[6]        ; Pass         ; Inapplicable ; Pass         ; Inapplicable ; Inapplicable ; Pass      ; Pass         ; Inapplicable ; Pass      ; Pass      ; Inapplicable ; Inapplicable ; Inapplicable ; Inapplicable ; Pass         ; Inapplicable ; Inapplicable ; Pass         ; Inapplicable ; Inapplicable ; Inapplicable ; Inapplicable ; Inapplicable ; Inapplicable ; Inapplicable ; Inapplicable ; Inapplicable ; Pass      ; Inapplicable ; Inapplicable ;
; gates_in[7]        ; Pass         ; Inapplicable ; Pass         ; Inapplicable ; Inapplicable ; Pass      ; Pass         ; Inapplicable ; Pass      ; Pass      ; Inapplicable ; Inapplicable ; Inapplicable ; Inapplicable ; Pass         ; Inapplicable ; Inapplicable ; Pass         ; Inapplicable ; Inapplicable ; Inapplicable ; Inapplicable ; Inapplicable ; Inapplicable ; Inapplicable ; Inapplicable ; Inapplicable ; Pass      ; Inapplicable ; Inapplicable ;
; gates_in[8]        ; Pass         ; Inapplicable ; Pass         ; Inapplicable ; Inapplicable ; Pass      ; Pass         ; Inapplicable ; Pass      ; Pass      ; Inapplicable ; Inapplicable ; Inapplicable ; Inapplicable ; Pass         ; Inapplicable ; Inapplicable ; Pass         ; Inapplicable ; Inapplicable ; Inapplicable ; Inapplicable ; Inapplicable ; Inapplicable ; Inapplicable ; Inapplicable ; Inapplicable ; Pass      ; Inapplicable ; Inapplicable ;
; gates_in[9]        ; Pass         ; Inapplicable ; Pass         ; Inapplicable ; Inapplicable ; Pass      ; Pass         ; Inapplicable ; Pass      ; Pass      ; Inapplicable ; Inapplicable ; Inapplicable ; Inapplicable ; Pass         ; Inapplicable ; Inapplicable ; Pass         ; Inapplicable ; Inapplicable ; Inapplicable ; Inapplicable ; Inapplicable ; Inapplicable ; Inapplicable ; Inapplicable ; Inapplicable ; Pass      ; Inapplicable ; Inapplicable ;
; gates_in[10]       ; Pass         ; Inapplicable ; Pass         ; Inapplicable ; Inapplicable ; Pass      ; Pass         ; Inapplicable ; Pass      ; Pass      ; Inapplicable ; Inapplicable ; Inapplicable ; Inapplicable ; Pass         ; Inapplicable ; Inapplicable ; Pass         ; Inapplicable ; Inapplicable ; Inapplicable ; Inapplicable ; Inapplicable ; Inapplicable ; Inapplicable ; Inapplicable ; Inapplicable ; Pass      ; Inapplicable ; Inapplicable ;
; gates_in[11]       ; Pass         ; Inapplicable ; Pass         ; Inapplicable ; Inapplicable ; Pass      ; Pass         ; Inapplicable ; Pass      ; Pass      ; Inapplicable ; Inapplicable ; Inapplicable ; Inapplicable ; Pass         ; Inapplicable ; Inapplicable ; Pass         ; Inapplicable ; Inapplicable ; Inapplicable ; Inapplicable ; Inapplicable ; Inapplicable ; Inapplicable ; Inapplicable ; Inapplicable ; Pass      ; Inapplicable ; Inapplicable ;
; pwm_cap_in         ; Pass         ; Inapplicable ; Pass         ; Inapplicable ; Inapplicable ; Pass      ; Pass         ; Inapplicable ; Pass      ; Pass      ; Inapplicable ; Inapplicable ; Inapplicable ; Inapplicable ; Pass         ; Inapplicable ; Inapplicable ; Pass         ; Inapplicable ; Inapplicable ; Inapplicable ; Inapplicable ; Inapplicable ; Inapplicable ; Inapplicable ; Inapplicable ; Inapplicable ; Pass      ; Inapplicable ; Inapplicable ;
+--------------------+--------------+--------------+--------------+--------------+--------------+-----------+--------------+--------------+-----------+-----------+--------------+--------------+--------------+--------------+--------------+--------------+--------------+--------------+--------------+--------------+--------------+--------------+--------------+--------------+--------------+--------------+--------------+-----------+--------------+--------------+


+---------------------------------------------------------------------------------------------+
; Fitter Device Options                                                                       ;
+------------------------------------------------------------------+--------------------------+
; Option                                                           ; Setting                  ;
+------------------------------------------------------------------+--------------------------+
; Enable user-supplied start-up clock (CLKUSR)                     ; Off                      ;
; Enable device-wide reset (DEV_CLRn)                              ; Off                      ;
; Enable device-wide output enable (DEV_OE)                        ; Off                      ;
; Enable INIT_DONE output                                          ; Off                      ;
; Configuration scheme                                             ; Active Serial            ;
; Error detection CRC                                              ; Off                      ;
; Enable open drain on CRC_ERROR pin                               ; Off                      ;
; Enable input tri-state on active configuration pins in user mode ; Off                      ;
; Configuration Voltage Level                                      ; Auto                     ;
; Force Configuration Voltage Level                                ; Off                      ;
; nCEO                                                             ; As output driving ground ;
; Data[0]                                                          ; As input tri-stated      ;
; Data[1]/ASDO                                                     ; As input tri-stated      ;
; Data[7..2]                                                       ; Unreserved               ;
; FLASH_nCE/nCSO                                                   ; As input tri-stated      ;
; Other Active Parallel pins                                       ; Unreserved               ;
; DCLK                                                             ; As output driving ground ;
; Base pin-out file on sameframe device                            ; Off                      ;
+------------------------------------------------------------------+--------------------------+


+------------------------------------+
; Operating Settings and Conditions  ;
+---------------------------+--------+
; Setting                   ; Value  ;
+---------------------------+--------+
; Nominal Core Voltage      ; 1.20 V ;
; Low Junction Temperature  ; 0 °C   ;
; High Junction Temperature ; 85 °C  ;
+---------------------------+--------+


+-----------------+
; Fitter Messages ;
+-----------------+
Warning (20028): Parallel compilation is not licensed and has been disabled
Info (119006): Selected device EP4CE10F17C8 for design "CPLD_pwm"
Info (21077): Low junction temperature is 0 degrees C
Info (21077): High junction temperature is 85 degrees C
Info (15535): Implemented PLL "pll_50m_to_150m:u_pll|altpll:altpll_component|pll_50m_to_150m_altpll:auto_generated|pll1" as Cyclone IV E PLL type
    Info (15099): Implementing clock multiplication of 3, clock division of 1, and phase shift of 0 degrees (0 ps) for pll_50m_to_150m:u_pll|altpll:altpll_component|pll_50m_to_150m_altpll:auto_generated|wire_pll1_clk[0] port
Info (171003): Fitter is performing an Auto Fit compilation, which may decrease Fitter effort to reduce compilation time
Warning (292013): Feature LogicLock is only available with a valid subscription license. You can purchase a software subscription to gain full access to this feature.
Info (176444): Device migration not selected. If you intend to use device migration later, you may need to change the pin assignments as they may be incompatible with other devices
    Info (176445): Device EP4CE6F17C8 is compatible
    Info (176445): Device EP4CE15F17C8 is compatible
    Info (176445): Device EP4CE22F17C8 is compatible
Info (169124): Fitter converted 5 user pins into dedicated programming pins
    Info (169125): Pin ~ALTERA_ASDO_DATA1~ is reserved at location C1
    Info (169125): Pin ~ALTERA_FLASH_nCE_nCSO~ is reserved at location D2
    Info (169125): Pin ~ALTERA_DCLK~ is reserved at location H1
    Info (169125): Pin ~ALTERA_DATA0~ is reserved at location H2
    Info (169125): Pin ~ALTERA_nCEO~ is reserved at location F16
Warning (15714): Some pins have incomplete I/O assignments. Refer to the I/O Assignment Warnings report for details
Critical Warning (169085): No exact pin location assignment(s) for 105 pins of 133 total pins
    Info (169086): Pin gates_in[12] not assigned to an exact location on the device
    Info (169086): Pin gates_in[13] not assigned to an exact location on the device
    Info (169086): Pin gates_in[14] not assigned to an exact location on the device
    Info (169086): Pin gates_in[15] not assigned to an exact location on the device
    Info (169086): Pin gates_in[16] not assigned to an exact location on the device
    Info (169086): Pin gates_in[17] not assigned to an exact location on the device
    Info (169086): Pin gates_in[18] not assigned to an exact location on the device
    Info (169086): Pin gates_in[19] not assigned to an exact location on the device
    Info (169086): Pin gates_in[20] not assigned to an exact location on the device
    Info (169086): Pin gates_in[21] not assigned to an exact location on the device
    Info (169086): Pin gates_in[22] not assigned to an exact location on the device
    Info (169086): Pin gates_in[23] not assigned to an exact location on the device
    Info (169086): Pin gates_out[12] not assigned to an exact location on the device
    Info (169086): Pin gates_out[13] not assigned to an exact location on the device
    Info (169086): Pin gates_out[14] not assigned to an exact location on the device
    Info (169086): Pin gates_out[15] not assigned to an exact location on the device
    Info (169086): Pin gates_out[16] not assigned to an exact location on the device
    Info (169086): Pin gates_out[17] not assigned to an exact location on the device
    Info (169086): Pin gates_out[18] not assigned to an exact location on the device
    Info (169086): Pin gates_out[19] not assigned to an exact location on the device
    Info (169086): Pin gates_out[20] not assigned to an exact location on the device
    Info (169086): Pin gates_out[21] not assigned to an exact location on the device
    Info (169086): Pin gates_out[22] not assigned to an exact location on the device
    Info (169086): Pin gates_out[23] not assigned to an exact location on the device
    Info (169086): Pin cap_period[0] not assigned to an exact location on the device
    Info (169086): Pin cap_period[1] not assigned to an exact location on the device
    Info (169086): Pin cap_period[2] not assigned to an exact location on the device
    Info (169086): Pin cap_period[3] not assigned to an exact location on the device
    Info (169086): Pin cap_period[4] not assigned to an exact location on the device
    Info (169086): Pin cap_period[5] not assigned to an exact location on the device
    Info (169086): Pin cap_period[6] not assigned to an exact location on the device
    Info (169086): Pin cap_period[7] not assigned to an exact location on the device
    Info (169086): Pin cap_period[8] not assigned to an exact location on the device
    Info (169086): Pin cap_period[9] not assigned to an exact location on the device
    Info (169086): Pin cap_period[10] not assigned to an exact location on the device
    Info (169086): Pin cap_period[11] not assigned to an exact location on the device
    Info (169086): Pin cap_period[12] not assigned to an exact location on the device
    Info (169086): Pin cap_period[13] not assigned to an exact location on the device
    Info (169086): Pin cap_period[14] not assigned to an exact location on the device
    Info (169086): Pin cap_period[15] not assigned to an exact location on the device
    Info (169086): Pin cap_high_time[0] not assigned to an exact location on the device
    Info (169086): Pin cap_high_time[1] not assigned to an exact location on the device
    Info (169086): Pin cap_high_time[2] not assigned to an exact location on the device
    Info (169086): Pin cap_high_time[3] not assigned to an exact location on the device
    Info (169086): Pin cap_high_time[4] not assigned to an exact location on the device
    Info (169086): Pin cap_high_time[5] not assigned to an exact location on the device
    Info (169086): Pin cap_high_time[6] not assigned to an exact location on the device
    Info (169086): Pin cap_high_time[7] not assigned to an exact location on the device
    Info (169086): Pin cap_high_time[8] not assigned to an exact location on the device
    Info (169086): Pin cap_high_time[9] not assigned to an exact location on the device
    Info (169086): Pin cap_high_time[10] not assigned to an exact location on the device
    Info (169086): Pin cap_high_time[11] not assigned to an exact location on the device
    Info (169086): Pin cap_high_time[12] not assigned to an exact location on the device
    Info (169086): Pin cap_high_time[13] not assigned to an exact location on the device
    Info (169086): Pin cap_high_time[14] not assigned to an exact location on the device
    Info (169086): Pin cap_high_time[15] not assigned to an exact location on the device
    Info (169086): Pin rst_n not assigned to an exact location on the device
    Info (169086): Pin mod_a[0] not assigned to an exact location on the device
    Info (169086): Pin mod_a[15] not assigned to an exact location on the device
    Info (169086): Pin mod_a[9] not assigned to an exact location on the device
    Info (169086): Pin mod_a[8] not assigned to an exact location on the device
    Info (169086): Pin mod_a[7] not assigned to an exact location on the device
    Info (169086): Pin mod_a[4] not assigned to an exact location on the device
    Info (169086): Pin mod_a[5] not assigned to an exact location on the device
    Info (169086): Pin mod_a[6] not assigned to an exact location on the device
    Info (169086): Pin mod_a[14] not assigned to an exact location on the device
    Info (169086): Pin mod_a[10] not assigned to an exact location on the device
    Info (169086): Pin mod_a[11] not assigned to an exact location on the device
    Info (169086): Pin mod_a[12] not assigned to an exact location on the device
    Info (169086): Pin mod_a[13] not assigned to an exact location on the device
    Info (169086): Pin mod_a[1] not assigned to an exact location on the device
    Info (169086): Pin mod_a[2] not assigned to an exact location on the device
    Info (169086): Pin mod_a[3] not assigned to an exact location on the device
    Info (169086): Pin mod_b[0] not assigned to an exact location on the device
    Info (169086): Pin mod_b[9] not assigned to an exact location on the device
    Info (169086): Pin mod_b[10] not assigned to an exact location on the device
    Info (169086): Pin mod_b[11] not assigned to an exact location on the device
    Info (169086): Pin mod_b[12] not assigned to an exact location on the device
    Info (169086): Pin mod_b[13] not assigned to an exact location on the device
    Info (169086): Pin mod_b[14] not assigned to an exact location on the device
    Info (169086): Pin mod_b[4] not assigned to an exact location on the device
    Info (169086): Pin mod_b[5] not assigned to an exact location on the device
    Info (169086): Pin mod_b[6] not assigned to an exact location on the device
    Info (169086): Pin mod_b[8] not assigned to an exact location on the device
    Info (169086): Pin mod_b[7] not assigned to an exact location on the device
    Info (169086): Pin mod_b[2] not assigned to an exact location on the device
    Info (169086): Pin mod_b[3] not assigned to an exact location on the device
    Info (169086): Pin mod_b[1] not assigned to an exact location on the device
    Info (169086): Pin mod_b[15] not assigned to an exact location on the device
    Info (169086): Pin mod_c[0] not assigned to an exact location on the device
    Info (169086): Pin mod_c[15] not assigned to an exact location on the device
    Info (169086): Pin mod_c[9] not assigned to an exact location on the device
    Info (169086): Pin mod_c[8] not assigned to an exact location on the device
    Info (169086): Pin mod_c[7] not assigned to an exact location on the device
    Info (169086): Pin mod_c[4] not assigned to an exact location on the device
    Info (169086): Pin mod_c[5] not assigned to an exact location on the device
    Info (169086): Pin mod_c[6] not assigned to an exact location on the device
    Info (169086): Pin mod_c[14] not assigned to an exact location on the device
    Info (169086): Pin mod_c[10] not assigned to an exact location on the device
    Info (169086): Pin mod_c[11] not assigned to an exact location on the device
    Info (169086): Pin mod_c[12] not assigned to an exact location on the device
    Info (169086): Pin mod_c[13] not assigned to an exact location on the device
    Info (169086): Pin mod_c[1] not assigned to an exact location on the device
    Info (169086): Pin mod_c[2] not assigned to an exact location on the device
    Info (169086): Pin mod_c[3] not assigned to an exact location on the device
Info (332104): Reading SDC File: 'CPLD_pwm.sdc'
Info (332110): Deriving PLL clocks
    Info (332110): create_generated_clock -source {u_pll|altpll_component|auto_generated|pll1|inclk[0]} -multiply_by 3 -duty_cycle 50.00 -name {u_pll|altpll_component|auto_generated|pll1|clk[0]} {u_pll|altpll_component|auto_generated|pll1|clk[0]}
Info (332151): Clock uncertainty is not calculated until you update the timing netlist.
Warning (332174): Ignored filter at CPLD_pwm.sdc(34): *u_sync_aplus|sync_chain[0]* could not be matched with a register
Warning (332049): Ignored set_false_path at CPLD_pwm.sdc(34): Argument <to> is an empty collection
    Info (332050): set_false_path -to [get_registers *u_sync_aplus|sync_chain[0]*]
Warning (332174): Ignored filter at CPLD_pwm.sdc(35): *u_sync_aminus|sync_chain[0]* could not be matched with a register
Warning (332049): Ignored set_false_path at CPLD_pwm.sdc(35): Argument <to> is an empty collection
    Info (332050): set_false_path -to [get_registers *u_sync_aminus|sync_chain[0]*]
Warning (332174): Ignored filter at CPLD_pwm.sdc(36): *u_sync_bplus|sync_chain[0]* could not be matched with a register
Warning (332049): Ignored set_false_path at CPLD_pwm.sdc(36): Argument <to> is an empty collection
    Info (332050): set_false_path -to [get_registers *u_sync_bplus|sync_chain[0]*]
Warning (332174): Ignored filter at CPLD_pwm.sdc(37): *u_sync_bminus|sync_chain[0]* could not be matched with a register
Warning (332049): Ignored set_false_path at CPLD_pwm.sdc(37): Argument <to> is an empty collection
    Info (332050): set_false_path -to [get_registers *u_sync_bminus|sync_chain[0]*]
Info (332154): The derive_clock_uncertainty command did not apply clock uncertainty to any clock-to-clock transfers.
Info (332129): Detected timing requirements -- optimizing circuit to achieve only the specified requirements
Info (332111): Found 2 clocks
    Info (332111):   Period   Clock Name
    Info (332111): ======== ============
    Info (332111):   20.000      clk_50m
    Info (332111):    6.666 u_pll|altpll_component|auto_generated|pll1|clk[0]
Info (176353): Automatically promoted node pll_50m_to_150m:u_pll|altpll:altpll_component|pll_50m_to_150m_altpll:auto_generated|wire_pll1_clk[0] (placed in counter C0 of PLL_1)
    Info (176355): Automatically promoted destinations to use location or clock signal Global Clock CLKCTRL_G3
Info (176353): Automatically promoted node rst_n~input (placed in PIN E1 (CLK1, DIFFCLK_0n))
    Info (176355): Automatically promoted destinations to use location or clock signal Global Clock CLKCTRL_G2
Info (176233): Starting register packing
Info (176235): Finished register packing
    Extra Info (176219): No registers were packed into other blocks
Info (176214): Statistics of I/O pins that need to be placed that use the same VCCIO and VREF, before I/O pin placement
    Info (176211): Number of I/O pins in group: 104 (unused VREF, 3.3V VCCIO, 60 input, 44 output, 0 bidirectional)
        Info (176212): I/O standards used: 3.3-V LVTTL.
Info (176215): I/O bank details before I/O pin placement
    Info (176214): Statistics of I/O banks
        Info (176213): I/O bank number 1 does not use VREF pins and has 3.3V VCCIO pins. 9 total pin(s) used --  8 pins available
        Info (176213): I/O bank number 2 does not use VREF pins and has 3.3V VCCIO pins. 8 total pin(s) used --  11 pins available
        Info (176213): I/O bank number 3 does not use VREF pins and has 3.3V VCCIO pins. 4 total pin(s) used --  22 pins available
        Info (176213): I/O bank number 4 does not use VREF pins and has undetermined VCCIO pins. 0 total pin(s) used --  27 pins available
        Info (176213): I/O bank number 5 does not use VREF pins and has undetermined VCCIO pins. 0 total pin(s) used --  25 pins available
        Info (176213): I/O bank number 6 does not use VREF pins and has undetermined VCCIO pins. 1 total pin(s) used --  13 pins available
        Info (176213): I/O bank number 7 does not use VREF pins and has undetermined VCCIO pins. 0 total pin(s) used --  26 pins available
        Info (176213): I/O bank number 8 does not use VREF pins and has 3.3V VCCIO pins. 12 total pin(s) used --  14 pins available
Warning (15709): Ignored I/O standard assignments to the following nodes
    Warning (15710): Ignored I/O standard assignment to node "sys_rst_n"
Warning (15705): Ignored locations or region assignments to the following nodes
    Warning (15706): Node "sys_rst_n" is assigned to location or region, but does not exist in design
Info (171121): Fitter preparation operations ending: elapsed time is 00:00:01
Info (170189): Fitter placement preparation operations beginning
Info (170190): Fitter placement preparation operations ending: elapsed time is 00:00:00
Info (170191): Fitter placement operations beginning
Info (170137): Fitter placement was successful
Info (170192): Fitter placement operations ending: elapsed time is 00:00:01
Info (170193): Fitter routing operations beginning
Info (170195): Router estimated average interconnect usage is 1% of the available device resources
    Info (170196): Router estimated peak interconnect usage is 4% of the available device resources in the region that extends from location X11_Y0 to location X22_Y11
Info (170194): Fitter routing operations ending: elapsed time is 00:00:00
Info (170199): The Fitter performed an Auto Fit compilation.  Optimizations were skipped to reduce compilation time.
    Info (170201): Optimizations that may affect the design's routability were skipped
    Info (170200): Optimizations that may affect the design's timing were skipped
Info (11888): Total time spent on timing analysis during the Fitter is 0.17 seconds.
Info (334003): Started post-fitting delay annotation
Info (334004): Delay annotation completed successfully
Info (334003): Started post-fitting delay annotation
Info (334004): Delay annotation completed successfully
Info (11218): Fitter post-fit operations ending: elapsed time is 00:00:01
Warning (171167): Found invalid Fitter assignments. See the Ignored Assignments panel in the Fitter Compilation Report for more information.
Warning (169177): 75 pins must meet Altera requirements for 3.3-, 3.0-, and 2.5-V interfaces. For more information, refer to AN 447: Interfacing Cyclone IV E Devices with 3.3/3.0/2.5-V LVTTL/LVCMOS I/O Systems.
    Info (169178): Pin gates_in[12] uses I/O standard 3.3-V LVTTL at R16
    Info (169178): Pin gates_in[13] uses I/O standard 3.3-V LVTTL at T12
    Info (169178): Pin gates_in[14] uses I/O standard 3.3-V LVTTL at A9
    Info (169178): Pin gates_in[15] uses I/O standard 3.3-V LVTTL at B11
    Info (169178): Pin gates_in[16] uses I/O standard 3.3-V LVTTL at R5
    Info (169178): Pin gates_in[17] uses I/O standard 3.3-V LVTTL at E11
    Info (169178): Pin gates_in[18] uses I/O standard 3.3-V LVTTL at A12
    Info (169178): Pin gates_in[19] uses I/O standard 3.3-V LVTTL at T4
    Info (169178): Pin gates_in[20] uses I/O standard 3.3-V LVTTL at N11
    Info (169178): Pin gates_in[21] uses I/O standard 3.3-V LVTTL at D11
    Info (169178): Pin gates_in[22] uses I/O standard 3.3-V LVTTL at B13
    Info (169178): Pin gates_in[23] uses I/O standard 3.3-V LVTTL at A11
    Info (169178): Pin rst_n uses I/O standard 3.3-V LVTTL at E1
    Info (169178): Pin clk_50m uses I/O standard 3.3-V LVTTL at M2
    Info (169178): Pin mod_a[0] uses I/O standard 3.3-V LVTTL at N9
    Info (169178): Pin mod_a[15] uses I/O standard 3.3-V LVTTL at B8
    Info (169178): Pin mod_a[9] uses I/O standard 3.3-V LVTTL at R9
    Info (169178): Pin mod_a[8] uses I/O standard 3.3-V LVTTL at K9
    Info (169178): Pin mod_a[7] uses I/O standard 3.3-V LVTTL at B16
    Info (169178): Pin mod_a[4] uses I/O standard 3.3-V LVTTL at R10
    Info (169178): Pin mod_a[5] uses I/O standard 3.3-V LVTTL at F9
    Info (169178): Pin mod_a[6] uses I/O standard 3.3-V LVTTL at E9
    Info (169178): Pin mod_a[14] uses I/O standard 3.3-V LVTTL at T10
    Info (169178): Pin mod_a[10] uses I/O standard 3.3-V LVTTL at C11
    Info (169178): Pin mod_a[11] uses I/O standard 3.3-V LVTTL at L9
    Info (169178): Pin mod_a[12] uses I/O standard 3.3-V LVTTL at C9
    Info (169178): Pin mod_a[13] uses I/O standard 3.3-V LVTTL at J15
    Info (169178): Pin mod_a[1] uses I/O standard 3.3-V LVTTL at T9
    Info (169178): Pin mod_a[2] uses I/O standard 3.3-V LVTTL at B10
    Info (169178): Pin mod_a[3] uses I/O standard 3.3-V LVTTL at J13
    Info (169178): Pin mod_b[0] uses I/O standard 3.3-V LVTTL at J14
    Info (169178): Pin mod_b[9] uses I/O standard 3.3-V LVTTL at N14
    Info (169178): Pin mod_b[10] uses I/O standard 3.3-V LVTTL at K15
    Info (169178): Pin mod_b[11] uses I/O standard 3.3-V LVTTL at F13
    Info (169178): Pin mod_b[12] uses I/O standard 3.3-V LVTTL at J11
    Info (169178): Pin mod_b[13] uses I/O standard 3.3-V LVTTL at G15
    Info (169178): Pin mod_b[14] uses I/O standard 3.3-V LVTTL at K16
    Info (169178): Pin mod_b[4] uses I/O standard 3.3-V LVTTL at K11
    Info (169178): Pin mod_b[5] uses I/O standard 3.3-V LVTTL at J16
    Info (169178): Pin mod_b[6] uses I/O standard 3.3-V LVTTL at J12
    Info (169178): Pin mod_b[8] uses I/O standard 3.3-V LVTTL at P16
    Info (169178): Pin mod_b[7] uses I/O standard 3.3-V LVTTL at L12
    Info (169178): Pin mod_b[2] uses I/O standard 3.3-V LVTTL at G16
    Info (169178): Pin mod_b[3] uses I/O standard 3.3-V LVTTL at F15
    Info (169178): Pin mod_b[1] uses I/O standard 3.3-V LVTTL at P9
    Info (169178): Pin mod_b[15] uses I/O standard 3.3-V LVTTL at T8
    Info (169178): Pin mod_c[0] uses I/O standard 3.3-V LVTTL at F14
    Info (169178): Pin mod_c[15] uses I/O standard 3.3-V LVTTL at E10
    Info (169178): Pin mod_c[9] uses I/O standard 3.3-V LVTTL at L15
    Info (169178): Pin mod_c[8] uses I/O standard 3.3-V LVTTL at A14
    Info (169178): Pin mod_c[7] uses I/O standard 3.3-V LVTTL at M16
    Info (169178): Pin mod_c[4] uses I/O standard 3.3-V LVTTL at M15
    Info (169178): Pin mod_c[5] uses I/O standard 3.3-V LVTTL at D16
    Info (169178): Pin mod_c[6] uses I/O standard 3.3-V LVTTL at E16
    Info (169178): Pin mod_c[14] uses I/O standard 3.3-V LVTTL at E15
    Info (169178): Pin mod_c[10] uses I/O standard 3.3-V LVTTL at N15
    Info (169178): Pin mod_c[11] uses I/O standard 3.3-V LVTTL at L10
    Info (169178): Pin mod_c[12] uses I/O standard 3.3-V LVTTL at L14
    Info (169178): Pin mod_c[13] uses I/O standard 3.3-V LVTTL at N16
    Info (169178): Pin mod_c[1] uses I/O standard 3.3-V LVTTL at L13
    Info (169178): Pin mod_c[2] uses I/O standard 3.3-V LVTTL at L16
    Info (169178): Pin mod_c[3] uses I/O standard 3.3-V LVTTL at P15
    Info (169178): Pin gates_in[0] uses I/O standard 3.3-V LVTTL at A3
    Info (169178): Pin gates_in[1] uses I/O standard 3.3-V LVTTL at A5
    Info (169178): Pin gates_in[2] uses I/O standard 3.3-V LVTTL at A6
    Info (169178): Pin gates_in[3] uses I/O standard 3.3-V LVTTL at B3
    Info (169178): Pin gates_in[4] uses I/O standard 3.3-V LVTTL at N3
    Info (169178): Pin gates_in[5] uses I/O standard 3.3-V LVTTL at L3
    Info (169178): Pin gates_in[6] uses I/O standard 3.3-V LVTTL at L4
    Info (169178): Pin gates_in[7] uses I/O standard 3.3-V LVTTL at K8
    Info (169178): Pin gates_in[8] uses I/O standard 3.3-V LVTTL at G1
    Info (169178): Pin gates_in[9] uses I/O standard 3.3-V LVTTL at J6
    Info (169178): Pin gates_in[10] uses I/O standard 3.3-V LVTTL at F1
    Info (169178): Pin gates_in[11] uses I/O standard 3.3-V LVTTL at J1
    Info (169178): Pin pwm_cap_in uses I/O standard 3.3-V LVTTL at B4
Info (144001): Generated suppressed messages file E:/repos/FPGA_CPLD/CPLD_pwm/output_files/CPLD_pwm.fit.smsg
Info: Quartus II 64-Bit Fitter was successful. 0 errors, 18 warnings
    Info: Peak virtual memory: 4907 megabytes
    Info: Processing ended: Fri Aug 07 11:23:42 2026
    Info: Elapsed time: 00:00:04
    Info: Total CPU time (on all processors): 00:00:05


+----------------------------+
; Fitter Suppressed Messages ;
+----------------------------+
The suppressed messages can be found in E:/repos/FPGA_CPLD/CPLD_pwm/output_files/CPLD_pwm.fit.smsg.


