Analysis & Synthesis report for CPLD_pwm
Fri Aug 07 11:23:37 2026
Quartus II 64-Bit Version 13.0.1 Build 232 06/12/2013 Service Pack 1 SJ Web Edition


---------------------
; Table of Contents ;
---------------------
  1. Legal Notice
  2. Analysis & Synthesis Summary
  3. Analysis & Synthesis Settings
  4. Parallel Compilation
  5. Analysis & Synthesis Source Files Read
  6. Analysis & Synthesis Resource Usage Summary
  7. Analysis & Synthesis Resource Utilization by Entity
  8. Analysis & Synthesis DSP Block Usage Summary
  9. Analysis & Synthesis IP Cores Summary
 10. Registers Protected by Synthesis
 11. General Register Statistics
 12. Inverted Register Statistics
 13. Multiplexer Restructuring Statistics (Restructuring Performed)
 14. Source assignments for sync_2ff:u_sync_a_h1_0
 15. Source assignments for sync_2ff:u_sync_a_h1_1
 16. Source assignments for sync_2ff:u_sync_a_h1_2
 17. Source assignments for sync_2ff:u_sync_a_h1_3
 18. Source assignments for sync_2ff:u_sync_b_h1_0
 19. Source assignments for sync_2ff:u_sync_b_h1_1
 20. Source assignments for sync_2ff:u_sync_b_h1_2
 21. Source assignments for sync_2ff:u_sync_b_h1_3
 22. Source assignments for sync_2ff:u_sync_c_h1_0
 23. Source assignments for sync_2ff:u_sync_c_h1_1
 24. Source assignments for sync_2ff:u_sync_c_h1_2
 25. Source assignments for sync_2ff:u_sync_c_h1_3
 26. Parameter Settings for User Entity Instance: pll_50m_to_150m:u_pll|altpll:altpll_component
 27. Parameter Settings for User Entity Instance: sync_2ff:u_sync_a_h1_0
 28. Parameter Settings for User Entity Instance: sync_2ff:u_sync_a_h1_1
 29. Parameter Settings for User Entity Instance: sync_2ff:u_sync_a_h1_2
 30. Parameter Settings for User Entity Instance: sync_2ff:u_sync_a_h1_3
 31. Parameter Settings for User Entity Instance: sync_2ff:u_sync_b_h1_0
 32. Parameter Settings for User Entity Instance: sync_2ff:u_sync_b_h1_1
 33. Parameter Settings for User Entity Instance: sync_2ff:u_sync_b_h1_2
 34. Parameter Settings for User Entity Instance: sync_2ff:u_sync_b_h1_3
 35. Parameter Settings for User Entity Instance: sync_2ff:u_sync_c_h1_0
 36. Parameter Settings for User Entity Instance: sync_2ff:u_sync_c_h1_1
 37. Parameter Settings for User Entity Instance: sync_2ff:u_sync_c_h1_2
 38. Parameter Settings for User Entity Instance: sync_2ff:u_sync_c_h1_3
 39. Parameter Settings for Inferred Entity Instance: CPLD_pwm_phase:u_phase_a|lpm_mult:Mult0
 40. Parameter Settings for Inferred Entity Instance: CPLD_pwm_phase:u_phase_b|lpm_mult:Mult0
 41. Parameter Settings for Inferred Entity Instance: CPLD_pwm_phase:u_phase_c|lpm_mult:Mult0
 42. altpll Parameter Settings by Entity Instance
 43. lpm_mult Parameter Settings by Entity Instance
 44. Port Connectivity Checks: "CPLD_pwm_carrier:u_carrier"
 45. Elapsed Time Per Partition
 46. Analysis & Synthesis Messages



----------------
; Legal Notice ;
----------------
Copyright (C) 1991-2013 Altera Corporation
Your use of Altera Corporation's design tools, logic functions 
and other software and tools, and its AMPP partner logic 
functions, and any output files from any of the foregoing 
(including device programming or simulation files), and any 
associated documentation or information are expressly subject 
to the terms and conditions of the Altera Program License 
Subscription Agreement, Altera MegaCore Function License 
Agreement, or other applicable license agreement, including, 
without limitation, that your use is for the sole purpose of 
programming logic devices manufactured by Altera and sold by 
Altera or its authorized distributors.  Please refer to the 
applicable agreement for further details.



+--------------------------------------------------------------------------------------+
; Analysis & Synthesis Summary                                                         ;
+------------------------------------+-------------------------------------------------+
; Analysis & Synthesis Status        ; Successful - Fri Aug 07 11:23:37 2026           ;
; Quartus II 64-Bit Version          ; 13.0.1 Build 232 06/12/2013 SP 1 SJ Web Edition ;
; Revision Name                      ; CPLD_pwm                                        ;
; Top-level Entity Name              ; CPLD_pwm                                        ;
; Family                             ; Cyclone IV E                                    ;
; Total logic elements               ; 445                                             ;
;     Total combinational functions  ; 385                                             ;
;     Dedicated logic registers      ; 119                                             ;
; Total registers                    ; 119                                             ;
; Total pins                         ; 133                                             ;
; Total virtual pins                 ; 0                                               ;
; Total memory bits                  ; 0                                               ;
; Embedded Multiplier 9-bit elements ; 6                                               ;
; Total PLLs                         ; 1                                               ;
+------------------------------------+-------------------------------------------------+


+----------------------------------------------------------------------------------------------------------------------+
; Analysis & Synthesis Settings                                                                                        ;
+----------------------------------------------------------------------------+--------------------+--------------------+
; Option                                                                     ; Setting            ; Default Value      ;
+----------------------------------------------------------------------------+--------------------+--------------------+
; Device                                                                     ; EP4CE10F17C8       ;                    ;
; Top-level entity name                                                      ; CPLD_pwm           ; CPLD_pwm           ;
; Family name                                                                ; Cyclone IV E       ; Cyclone IV GX      ;
; Use smart compilation                                                      ; Off                ; Off                ;
; Enable parallel Assembler and TimeQuest Timing Analyzer during compilation ; On                 ; On                 ;
; Enable compact report table                                                ; Off                ; Off                ;
; Restructure Multiplexers                                                   ; Auto               ; Auto               ;
; Create Debugging Nodes for IP Cores                                        ; Off                ; Off                ;
; Preserve fewer node names                                                  ; On                 ; On                 ;
; Disable OpenCore Plus hardware evaluation                                  ; Off                ; Off                ;
; Verilog Version                                                            ; Verilog_2001       ; Verilog_2001       ;
; VHDL Version                                                               ; VHDL_1993          ; VHDL_1993          ;
; State Machine Processing                                                   ; Auto               ; Auto               ;
; Safe State Machine                                                         ; Off                ; Off                ;
; Extract Verilog State Machines                                             ; On                 ; On                 ;
; Extract VHDL State Machines                                                ; On                 ; On                 ;
; Ignore Verilog initial constructs                                          ; Off                ; Off                ;
; Iteration limit for constant Verilog loops                                 ; 5000               ; 5000               ;
; Iteration limit for non-constant Verilog loops                             ; 250                ; 250                ;
; Add Pass-Through Logic to Inferred RAMs                                    ; On                 ; On                 ;
; Infer RAMs from Raw Logic                                                  ; On                 ; On                 ;
; Parallel Synthesis                                                         ; On                 ; On                 ;
; DSP Block Balancing                                                        ; Auto               ; Auto               ;
; NOT Gate Push-Back                                                         ; On                 ; On                 ;
; Power-Up Don't Care                                                        ; On                 ; On                 ;
; Remove Redundant Logic Cells                                               ; Off                ; Off                ;
; Remove Duplicate Registers                                                 ; On                 ; On                 ;
; Ignore CARRY Buffers                                                       ; Off                ; Off                ;
; Ignore CASCADE Buffers                                                     ; Off                ; Off                ;
; Ignore GLOBAL Buffers                                                      ; Off                ; Off                ;
; Ignore ROW GLOBAL Buffers                                                  ; Off                ; Off                ;
; Ignore LCELL Buffers                                                       ; Off                ; Off                ;
; Ignore SOFT Buffers                                                        ; On                 ; On                 ;
; Limit AHDL Integers to 32 Bits                                             ; Off                ; Off                ;
; Optimization Technique                                                     ; Balanced           ; Balanced           ;
; Carry Chain Length                                                         ; 70                 ; 70                 ;
; Auto Carry Chains                                                          ; On                 ; On                 ;
; Auto Open-Drain Pins                                                       ; On                 ; On                 ;
; Perform WYSIWYG Primitive Resynthesis                                      ; Off                ; Off                ;
; Auto ROM Replacement                                                       ; On                 ; On                 ;
; Auto RAM Replacement                                                       ; On                 ; On                 ;
; Auto DSP Block Replacement                                                 ; On                 ; On                 ;
; Auto Shift Register Replacement                                            ; Auto               ; Auto               ;
; Allow Shift Register Merging across Hierarchies                            ; Auto               ; Auto               ;
; Auto Clock Enable Replacement                                              ; On                 ; On                 ;
; Strict RAM Replacement                                                     ; Off                ; Off                ;
; Allow Synchronous Control Signals                                          ; On                 ; On                 ;
; Force Use of Synchronous Clear Signals                                     ; Off                ; Off                ;
; Auto RAM Block Balancing                                                   ; On                 ; On                 ;
; Auto RAM to Logic Cell Conversion                                          ; Off                ; Off                ;
; Auto Resource Sharing                                                      ; Off                ; Off                ;
; Allow Any RAM Size For Recognition                                         ; Off                ; Off                ;
; Allow Any ROM Size For Recognition                                         ; Off                ; Off                ;
; Allow Any Shift Register Size For Recognition                              ; Off                ; Off                ;
; Use LogicLock Constraints during Resource Balancing                        ; On                 ; On                 ;
; Ignore translate_off and synthesis_off directives                          ; Off                ; Off                ;
; Timing-Driven Synthesis                                                    ; On                 ; On                 ;
; Report Parameter Settings                                                  ; On                 ; On                 ;
; Report Source Assignments                                                  ; On                 ; On                 ;
; Report Connectivity Checks                                                 ; On                 ; On                 ;
; Ignore Maximum Fan-Out Assignments                                         ; Off                ; Off                ;
; Synchronization Register Chain Length                                      ; 2                  ; 2                  ;
; PowerPlay Power Optimization                                               ; Normal compilation ; Normal compilation ;
; HDL message level                                                          ; Level2             ; Level2             ;
; Suppress Register Optimization Related Messages                            ; Off                ; Off                ;
; Number of Removed Registers Reported in Synthesis Report                   ; 5000               ; 5000               ;
; Number of Swept Nodes Reported in Synthesis Report                         ; 5000               ; 5000               ;
; Number of Inverted Registers Reported in Synthesis Report                  ; 100                ; 100                ;
; Clock MUX Protection                                                       ; On                 ; On                 ;
; Auto Gated Clock Conversion                                                ; Off                ; Off                ;
; Block Design Naming                                                        ; Auto               ; Auto               ;
; SDC constraint protection                                                  ; Off                ; Off                ;
; Synthesis Effort                                                           ; Auto               ; Auto               ;
; Shift Register Replacement - Allow Asynchronous Clear Signal               ; On                 ; On                 ;
; Pre-Mapping Resynthesis Optimization                                       ; Off                ; Off                ;
; Analysis & Synthesis Message Level                                         ; Medium             ; Medium             ;
; Disable Register Merging Across Hierarchies                                ; Auto               ; Auto               ;
; Resource Aware Inference For Block RAM                                     ; On                 ; On                 ;
; Synthesis Seed                                                             ; 1                  ; 1                  ;
+----------------------------------------------------------------------------+--------------------+--------------------+


Parallel compilation was disabled, but you have multiple processors available. Enable parallel compilation to reduce compilation time.
+-------------------------------------+
; Parallel Compilation                ;
+----------------------------+--------+
; Processors                 ; Number ;
+----------------------------+--------+
; Number detected on machine ; 16     ;
; Maximum allowed            ; 1      ;
+----------------------------+--------+


+-------------------------------------------------------------------------------------------------------------------------------------------------------------------+
; Analysis & Synthesis Source Files Read                                                                                                                            ;
+----------------------------------+-----------------+------------------------------+---------------------------------------------------------------------+---------+
; File Name with User-Entered Path ; Used in Netlist ; File Type                    ; File Name with Absolute Path                                        ; Library ;
+----------------------------------+-----------------+------------------------------+---------------------------------------------------------------------+---------+
; CPLD_pwm.vhd                     ; yes             ; User VHDL File               ; E:/repos/FPGA_CPLD/CPLD_pwm/CPLD_pwm.vhd                            ;         ;
; sync_2ff.vhd                     ; yes             ; User VHDL File               ; E:/repos/FPGA_CPLD/CPLD_pwm/sync_2ff.vhd                            ;         ;
; pwm_capture.vhd                  ; yes             ; User VHDL File               ; E:/repos/FPGA_CPLD/CPLD_pwm/pwm_capture.vhd                         ;         ;
; CPLD_pwm_carrier.vhd             ; yes             ; User VHDL File               ; E:/repos/FPGA_CPLD/CPLD_pwm/CPLD_pwm_carrier.vhd                    ;         ;
; CPLD_pwm_phase.vhd               ; yes             ; User VHDL File               ; E:/repos/FPGA_CPLD/CPLD_pwm/CPLD_pwm_phase.vhd                      ;         ;
; pll_50m_to_150m.vhd              ; yes             ; User Wizard-Generated File   ; E:/repos/FPGA_CPLD/CPLD_pwm/pll_50m_to_150m.vhd                     ;         ;
; altpll.tdf                       ; yes             ; Megafunction                 ; d:/altera/13.0sp1/quartus/libraries/megafunctions/altpll.tdf        ;         ;
; aglobal130.inc                   ; yes             ; Megafunction                 ; d:/altera/13.0sp1/quartus/libraries/megafunctions/aglobal130.inc    ;         ;
; stratix_pll.inc                  ; yes             ; Megafunction                 ; d:/altera/13.0sp1/quartus/libraries/megafunctions/stratix_pll.inc   ;         ;
; stratixii_pll.inc                ; yes             ; Megafunction                 ; d:/altera/13.0sp1/quartus/libraries/megafunctions/stratixii_pll.inc ;         ;
; cycloneii_pll.inc                ; yes             ; Megafunction                 ; d:/altera/13.0sp1/quartus/libraries/megafunctions/cycloneii_pll.inc ;         ;
; db/pll_50m_to_150m_altpll.v      ; yes             ; Auto-Generated Megafunction  ; E:/repos/FPGA_CPLD/CPLD_pwm/db/pll_50m_to_150m_altpll.v             ;         ;
; lpm_mult.tdf                     ; yes             ; Megafunction                 ; d:/altera/13.0sp1/quartus/libraries/megafunctions/lpm_mult.tdf      ;         ;
; lpm_add_sub.inc                  ; yes             ; Megafunction                 ; d:/altera/13.0sp1/quartus/libraries/megafunctions/lpm_add_sub.inc   ;         ;
; multcore.inc                     ; yes             ; Megafunction                 ; d:/altera/13.0sp1/quartus/libraries/megafunctions/multcore.inc      ;         ;
; bypassff.inc                     ; yes             ; Megafunction                 ; d:/altera/13.0sp1/quartus/libraries/megafunctions/bypassff.inc      ;         ;
; altshift.inc                     ; yes             ; Megafunction                 ; d:/altera/13.0sp1/quartus/libraries/megafunctions/altshift.inc      ;         ;
; db/mult_j9t.tdf                  ; yes             ; Auto-Generated Megafunction  ; E:/repos/FPGA_CPLD/CPLD_pwm/db/mult_j9t.tdf                         ;         ;
+----------------------------------+-----------------+------------------------------+---------------------------------------------------------------------+---------+


+----------------------------------------------------------------------------------------------------------------------------------------------------+
; Analysis & Synthesis Resource Usage Summary                                                                                                        ;
+---------------------------------------------+------------------------------------------------------------------------------------------------------+
; Resource                                    ; Usage                                                                                                ;
+---------------------------------------------+------------------------------------------------------------------------------------------------------+
; Estimated Total logic elements              ; 445                                                                                                  ;
;                                             ;                                                                                                      ;
; Total combinational functions               ; 385                                                                                                  ;
; Logic element usage by number of LUT inputs ;                                                                                                      ;
;     -- 4 input functions                    ; 119                                                                                                  ;
;     -- 3 input functions                    ; 97                                                                                                   ;
;     -- <=2 input functions                  ; 169                                                                                                  ;
;                                             ;                                                                                                      ;
; Logic elements by mode                      ;                                                                                                      ;
;     -- normal mode                          ; 193                                                                                                  ;
;     -- arithmetic mode                      ; 192                                                                                                  ;
;                                             ;                                                                                                      ;
; Total registers                             ; 119                                                                                                  ;
;     -- Dedicated logic registers            ; 119                                                                                                  ;
;     -- I/O registers                        ; 0                                                                                                    ;
;                                             ;                                                                                                      ;
; I/O pins                                    ; 133                                                                                                  ;
; Embedded Multiplier 9-bit elements          ; 6                                                                                                    ;
; Total PLLs                                  ; 1                                                                                                    ;
;     -- PLLs                                 ; 1                                                                                                    ;
;                                             ;                                                                                                      ;
; Maximum fan-out node                        ; pll_50m_to_150m:u_pll|altpll:altpll_component|pll_50m_to_150m_altpll:auto_generated|wire_pll1_clk[0] ;
; Maximum fan-out                             ; 145                                                                                                  ;
; Total fan-out                               ; 1751                                                                                                 ;
; Average fan-out                             ; 2.25                                                                                                 ;
+---------------------------------------------+------------------------------------------------------------------------------------------------------+


+-----------------------------------------------------------------------------------------------------------------------------------------------------------------------------------------------------------------------------------------------------------------------------+
; Analysis & Synthesis Resource Utilization by Entity                                                                                                                                                                                                                         ;
+--------------------------------------------------+-------------------+--------------+-------------+--------------+---------+-----------+------+--------------+-----------------------------------------------------------------------------------------------+--------------+
; Compilation Hierarchy Node                       ; LC Combinationals ; LC Registers ; Memory Bits ; DSP Elements ; DSP 9x9 ; DSP 18x18 ; Pins ; Virtual Pins ; Full Hierarchy Name                                                                           ; Library Name ;
+--------------------------------------------------+-------------------+--------------+-------------+--------------+---------+-----------+------+--------------+-----------------------------------------------------------------------------------------------+--------------+
; |CPLD_pwm                                        ; 385 (24)          ; 119 (0)      ; 0           ; 6            ; 0       ; 3         ; 133  ; 0            ; |CPLD_pwm                                                                                     ; work         ;
;    |CPLD_pwm_carrier:u_carrier|                  ; 57 (57)           ; 13 (13)      ; 0           ; 0            ; 0       ; 0         ; 0    ; 0            ; |CPLD_pwm|CPLD_pwm_carrier:u_carrier                                                          ; work         ;
;    |CPLD_pwm_phase:u_phase_a|                    ; 89 (89)           ; 4 (4)        ; 0           ; 2            ; 0       ; 1         ; 0    ; 0            ; |CPLD_pwm|CPLD_pwm_phase:u_phase_a                                                            ; work         ;
;       |lpm_mult:Mult0|                           ; 0 (0)             ; 0 (0)        ; 0           ; 2            ; 0       ; 1         ; 0    ; 0            ; |CPLD_pwm|CPLD_pwm_phase:u_phase_a|lpm_mult:Mult0                                             ; work         ;
;          |mult_j9t:auto_generated|               ; 0 (0)             ; 0 (0)        ; 0           ; 2            ; 0       ; 1         ; 0    ; 0            ; |CPLD_pwm|CPLD_pwm_phase:u_phase_a|lpm_mult:Mult0|mult_j9t:auto_generated                     ; work         ;
;    |CPLD_pwm_phase:u_phase_b|                    ; 89 (89)           ; 4 (4)        ; 0           ; 2            ; 0       ; 1         ; 0    ; 0            ; |CPLD_pwm|CPLD_pwm_phase:u_phase_b                                                            ; work         ;
;       |lpm_mult:Mult0|                           ; 0 (0)             ; 0 (0)        ; 0           ; 2            ; 0       ; 1         ; 0    ; 0            ; |CPLD_pwm|CPLD_pwm_phase:u_phase_b|lpm_mult:Mult0                                             ; work         ;
;          |mult_j9t:auto_generated|               ; 0 (0)             ; 0 (0)        ; 0           ; 2            ; 0       ; 1         ; 0    ; 0            ; |CPLD_pwm|CPLD_pwm_phase:u_phase_b|lpm_mult:Mult0|mult_j9t:auto_generated                     ; work         ;
;    |CPLD_pwm_phase:u_phase_c|                    ; 90 (90)           ; 4 (4)        ; 0           ; 2            ; 0       ; 1         ; 0    ; 0            ; |CPLD_pwm|CPLD_pwm_phase:u_phase_c                                                            ; work         ;
;       |lpm_mult:Mult0|                           ; 0 (0)             ; 0 (0)        ; 0           ; 2            ; 0       ; 1         ; 0    ; 0            ; |CPLD_pwm|CPLD_pwm_phase:u_phase_c|lpm_mult:Mult0                                             ; work         ;
;          |mult_j9t:auto_generated|               ; 0 (0)             ; 0 (0)        ; 0           ; 2            ; 0       ; 1         ; 0    ; 0            ; |CPLD_pwm|CPLD_pwm_phase:u_phase_c|lpm_mult:Mult0|mult_j9t:auto_generated                     ; work         ;
;    |pll_50m_to_150m:u_pll|                       ; 1 (0)             ; 1 (0)        ; 0           ; 0            ; 0       ; 0         ; 0    ; 0            ; |CPLD_pwm|pll_50m_to_150m:u_pll                                                               ; work         ;
;       |altpll:altpll_component|                  ; 1 (0)             ; 1 (0)        ; 0           ; 0            ; 0       ; 0         ; 0    ; 0            ; |CPLD_pwm|pll_50m_to_150m:u_pll|altpll:altpll_component                                       ; work         ;
;          |pll_50m_to_150m_altpll:auto_generated| ; 1 (1)             ; 1 (1)        ; 0           ; 0            ; 0       ; 0         ; 0    ; 0            ; |CPLD_pwm|pll_50m_to_150m:u_pll|altpll:altpll_component|pll_50m_to_150m_altpll:auto_generated ; work         ;
;    |pwm_capture:u_pwm_cap|                       ; 35 (35)           ; 69 (69)      ; 0           ; 0            ; 0       ; 0         ; 0    ; 0            ; |CPLD_pwm|pwm_capture:u_pwm_cap                                                               ; work         ;
;    |sync_2ff:u_sync_a_h1_0|                      ; 0 (0)             ; 2 (2)        ; 0           ; 0            ; 0       ; 0         ; 0    ; 0            ; |CPLD_pwm|sync_2ff:u_sync_a_h1_0                                                              ; work         ;
;    |sync_2ff:u_sync_a_h1_1|                      ; 0 (0)             ; 2 (2)        ; 0           ; 0            ; 0       ; 0         ; 0    ; 0            ; |CPLD_pwm|sync_2ff:u_sync_a_h1_1                                                              ; work         ;
;    |sync_2ff:u_sync_a_h1_2|                      ; 0 (0)             ; 2 (2)        ; 0           ; 0            ; 0       ; 0         ; 0    ; 0            ; |CPLD_pwm|sync_2ff:u_sync_a_h1_2                                                              ; work         ;
;    |sync_2ff:u_sync_a_h1_3|                      ; 0 (0)             ; 2 (2)        ; 0           ; 0            ; 0       ; 0         ; 0    ; 0            ; |CPLD_pwm|sync_2ff:u_sync_a_h1_3                                                              ; work         ;
;    |sync_2ff:u_sync_b_h1_0|                      ; 0 (0)             ; 2 (2)        ; 0           ; 0            ; 0       ; 0         ; 0    ; 0            ; |CPLD_pwm|sync_2ff:u_sync_b_h1_0                                                              ; work         ;
;    |sync_2ff:u_sync_b_h1_1|                      ; 0 (0)             ; 2 (2)        ; 0           ; 0            ; 0       ; 0         ; 0    ; 0            ; |CPLD_pwm|sync_2ff:u_sync_b_h1_1                                                              ; work         ;
;    |sync_2ff:u_sync_b_h1_2|                      ; 0 (0)             ; 2 (2)        ; 0           ; 0            ; 0       ; 0         ; 0    ; 0            ; |CPLD_pwm|sync_2ff:u_sync_b_h1_2                                                              ; work         ;
;    |sync_2ff:u_sync_b_h1_3|                      ; 0 (0)             ; 2 (2)        ; 0           ; 0            ; 0       ; 0         ; 0    ; 0            ; |CPLD_pwm|sync_2ff:u_sync_b_h1_3                                                              ; work         ;
;    |sync_2ff:u_sync_c_h1_0|                      ; 0 (0)             ; 2 (2)        ; 0           ; 0            ; 0       ; 0         ; 0    ; 0            ; |CPLD_pwm|sync_2ff:u_sync_c_h1_0                                                              ; work         ;
;    |sync_2ff:u_sync_c_h1_1|                      ; 0 (0)             ; 2 (2)        ; 0           ; 0            ; 0       ; 0         ; 0    ; 0            ; |CPLD_pwm|sync_2ff:u_sync_c_h1_1                                                              ; work         ;
;    |sync_2ff:u_sync_c_h1_2|                      ; 0 (0)             ; 2 (2)        ; 0           ; 0            ; 0       ; 0         ; 0    ; 0            ; |CPLD_pwm|sync_2ff:u_sync_c_h1_2                                                              ; work         ;
;    |sync_2ff:u_sync_c_h1_3|                      ; 0 (0)             ; 2 (2)        ; 0           ; 0            ; 0       ; 0         ; 0    ; 0            ; |CPLD_pwm|sync_2ff:u_sync_c_h1_3                                                              ; work         ;
+--------------------------------------------------+-------------------+--------------+-------------+--------------+---------+-----------+------+--------------+-----------------------------------------------------------------------------------------------+--------------+
Note: For table entries with two numbers listed, the numbers in parentheses indicate the number of resources of the given type used by the specific entity alone. The numbers listed outside of parentheses indicate the total resources of the given type used by the specific entity and all of its sub-entities in the hierarchy.


+-----------------------------------------------------+
; Analysis & Synthesis DSP Block Usage Summary        ;
+---------------------------------------+-------------+
; Statistic                             ; Number Used ;
+---------------------------------------+-------------+
; Simple Multipliers (9-bit)            ; 0           ;
; Simple Multipliers (18-bit)           ; 3           ;
; Embedded Multiplier Blocks            ; --          ;
; Embedded Multiplier 9-bit elements    ; 6           ;
; Signed Embedded Multipliers           ; 3           ;
; Unsigned Embedded Multipliers         ; 0           ;
; Mixed Sign Embedded Multipliers       ; 0           ;
; Variable Sign Embedded Multipliers    ; 0           ;
; Dedicated Input Shift Register Chains ; 0           ;
+---------------------------------------+-------------+
Note: number of Embedded Multiplier Blocks used is only available after a successful fit.


+---------------------------------------------------------------------------------------------------------------------------------------------------+
; Analysis & Synthesis IP Cores Summary                                                                                                             ;
+--------+--------------+---------+--------------+--------------+---------------------------------+-------------------------------------------------+
; Vendor ; IP Core Name ; Version ; Release Date ; License Type ; Entity Instance                 ; IP Include File                                 ;
+--------+--------------+---------+--------------+--------------+---------------------------------+-------------------------------------------------+
; Altera ; ALTPLL       ; 13.0    ; N/A          ; N/A          ; |CPLD_pwm|pll_50m_to_150m:u_pll ; E:/repos/FPGA_CPLD/CPLD_pwm/pll_50m_to_150m.vhd ;
+--------+--------------+---------+--------------+--------------+---------------------------------+-------------------------------------------------+


+------------------------------------------------------------------------------------------------------------------------------------------------------+
; Registers Protected by Synthesis                                                                                                                     ;
+--------------------------------------+------------------------------------------------------------------+--------------------------------------------+
; Register Name                        ; Protected by Synthesis Attribute or Preserve Register Assignment ; Not to be Touched by Netlist Optimizations ;
+--------------------------------------+------------------------------------------------------------------+--------------------------------------------+
; sync_2ff:u_sync_a_h1_0|sync_chain[1] ; yes                                                              ; yes                                        ;
; sync_2ff:u_sync_a_h1_1|sync_chain[1] ; yes                                                              ; yes                                        ;
; sync_2ff:u_sync_a_h1_2|sync_chain[1] ; yes                                                              ; yes                                        ;
; sync_2ff:u_sync_a_h1_3|sync_chain[1] ; yes                                                              ; yes                                        ;
; sync_2ff:u_sync_b_h1_0|sync_chain[1] ; yes                                                              ; yes                                        ;
; sync_2ff:u_sync_b_h1_1|sync_chain[1] ; yes                                                              ; yes                                        ;
; sync_2ff:u_sync_b_h1_2|sync_chain[1] ; yes                                                              ; yes                                        ;
; sync_2ff:u_sync_b_h1_3|sync_chain[1] ; yes                                                              ; yes                                        ;
; sync_2ff:u_sync_c_h1_0|sync_chain[1] ; yes                                                              ; yes                                        ;
; sync_2ff:u_sync_c_h1_1|sync_chain[1] ; yes                                                              ; yes                                        ;
; sync_2ff:u_sync_c_h1_2|sync_chain[1] ; yes                                                              ; yes                                        ;
; sync_2ff:u_sync_c_h1_3|sync_chain[1] ; yes                                                              ; yes                                        ;
; sync_2ff:u_sync_a_h1_0|sync_chain[0] ; yes                                                              ; yes                                        ;
; sync_2ff:u_sync_a_h1_1|sync_chain[0] ; yes                                                              ; yes                                        ;
; sync_2ff:u_sync_a_h1_2|sync_chain[0] ; yes                                                              ; yes                                        ;
; sync_2ff:u_sync_a_h1_3|sync_chain[0] ; yes                                                              ; yes                                        ;
; sync_2ff:u_sync_b_h1_0|sync_chain[0] ; yes                                                              ; yes                                        ;
; sync_2ff:u_sync_b_h1_1|sync_chain[0] ; yes                                                              ; yes                                        ;
; sync_2ff:u_sync_b_h1_2|sync_chain[0] ; yes                                                              ; yes                                        ;
; sync_2ff:u_sync_b_h1_3|sync_chain[0] ; yes                                                              ; yes                                        ;
; sync_2ff:u_sync_c_h1_0|sync_chain[0] ; yes                                                              ; yes                                        ;
; sync_2ff:u_sync_c_h1_1|sync_chain[0] ; yes                                                              ; yes                                        ;
; sync_2ff:u_sync_c_h1_2|sync_chain[0] ; yes                                                              ; yes                                        ;
; sync_2ff:u_sync_c_h1_3|sync_chain[0] ; yes                                                              ; yes                                        ;
+--------------------------------------+------------------------------------------------------------------+--------------------------------------------+


+------------------------------------------------------+
; General Register Statistics                          ;
+----------------------------------------------+-------+
; Statistic                                    ; Value ;
+----------------------------------------------+-------+
; Total registers                              ; 119   ;
; Number of registers using Synchronous Clear  ; 32    ;
; Number of registers using Synchronous Load   ; 0     ;
; Number of registers using Asynchronous Clear ; 119   ;
; Number of registers using Asynchronous Load  ; 0     ;
; Number of registers using Clock Enable       ; 48    ;
; Number of registers using Preset             ; 0     ;
+----------------------------------------------+-------+


+--------------------------------------------------+
; Inverted Register Statistics                     ;
+----------------------------------------+---------+
; Inverted Register                      ; Fan out ;
+----------------------------------------+---------+
; CPLD_pwm_carrier:u_carrier|dir         ; 14      ;
; Total number of inverted registers = 1 ;         ;
+----------------------------------------+---------+


+--------------------------------------------------------------------------------------------------------------------------------------------------------------+
; Multiplexer Restructuring Statistics (Restructuring Performed)                                                                                               ;
+--------------------+-----------+---------------+----------------------+------------------------+------------+------------------------------------------------+
; Multiplexer Inputs ; Bus Width ; Baseline Area ; Area if Restructured ; Saving if Restructured ; Registered ; Example Multiplexer Output                     ;
+--------------------+-----------+---------------+----------------------+------------------------+------------+------------------------------------------------+
; 3:1                ; 16 bits   ; 32 LEs        ; 16 LEs               ; 16 LEs                 ; Yes        ; |CPLD_pwm|pwm_capture:u_pwm_cap|high_cnt[2]    ;
; 3:1                ; 2 bits    ; 4 LEs         ; 4 LEs                ; 0 LEs                  ; Yes        ; |CPLD_pwm|CPLD_pwm_phase:u_phase_a|h2_gates[3] ;
; 3:1                ; 2 bits    ; 4 LEs         ; 4 LEs                ; 0 LEs                  ; Yes        ; |CPLD_pwm|CPLD_pwm_phase:u_phase_a|h2_gates[0] ;
; 3:1                ; 2 bits    ; 4 LEs         ; 4 LEs                ; 0 LEs                  ; Yes        ; |CPLD_pwm|CPLD_pwm_phase:u_phase_b|h2_gates[2] ;
; 3:1                ; 2 bits    ; 4 LEs         ; 4 LEs                ; 0 LEs                  ; Yes        ; |CPLD_pwm|CPLD_pwm_phase:u_phase_b|h2_gates[1] ;
; 3:1                ; 2 bits    ; 4 LEs         ; 4 LEs                ; 0 LEs                  ; Yes        ; |CPLD_pwm|CPLD_pwm_phase:u_phase_c|h2_gates[2] ;
; 3:1                ; 2 bits    ; 4 LEs         ; 4 LEs                ; 0 LEs                  ; Yes        ; |CPLD_pwm|CPLD_pwm_phase:u_phase_c|h2_gates[1] ;
; 4:1                ; 12 bits   ; 24 LEs        ; 24 LEs               ; 0 LEs                  ; Yes        ; |CPLD_pwm|CPLD_pwm_carrier:u_carrier|count[4]  ;
; 3:1                ; 16 bits   ; 32 LEs        ; 32 LEs               ; 0 LEs                  ; No         ; |CPLD_pwm|CPLD_pwm_phase:u_phase_a|mod_int     ;
; 3:1                ; 16 bits   ; 32 LEs        ; 32 LEs               ; 0 LEs                  ; No         ; |CPLD_pwm|CPLD_pwm_phase:u_phase_b|mod_int     ;
; 3:1                ; 16 bits   ; 32 LEs        ; 32 LEs               ; 0 LEs                  ; No         ; |CPLD_pwm|CPLD_pwm_phase:u_phase_c|mod_int     ;
+--------------------+-----------+---------------+----------------------+------------------------+------------+------------------------------------------------+


+--------------------------------------------------+
; Source assignments for sync_2ff:u_sync_a_h1_0    ;
+-------------------+-------+------+---------------+
; Assignment        ; Value ; From ; To            ;
+-------------------+-------+------+---------------+
; PRESERVE_REGISTER ; on    ; -    ; sync_chain[1] ;
; PRESERVE_REGISTER ; on    ; -    ; sync_chain[0] ;
+-------------------+-------+------+---------------+


+--------------------------------------------------+
; Source assignments for sync_2ff:u_sync_a_h1_1    ;
+-------------------+-------+------+---------------+
; Assignment        ; Value ; From ; To            ;
+-------------------+-------+------+---------------+
; PRESERVE_REGISTER ; on    ; -    ; sync_chain[1] ;
; PRESERVE_REGISTER ; on    ; -    ; sync_chain[0] ;
+-------------------+-------+------+---------------+


+--------------------------------------------------+
; Source assignments for sync_2ff:u_sync_a_h1_2    ;
+-------------------+-------+------+---------------+
; Assignment        ; Value ; From ; To            ;
+-------------------+-------+------+---------------+
; PRESERVE_REGISTER ; on    ; -    ; sync_chain[1] ;
; PRESERVE_REGISTER ; on    ; -    ; sync_chain[0] ;
+-------------------+-------+------+---------------+


+--------------------------------------------------+
; Source assignments for sync_2ff:u_sync_a_h1_3    ;
+-------------------+-------+------+---------------+
; Assignment        ; Value ; From ; To            ;
+-------------------+-------+------+---------------+
; PRESERVE_REGISTER ; on    ; -    ; sync_chain[1] ;
; PRESERVE_REGISTER ; on    ; -    ; sync_chain[0] ;
+-------------------+-------+------+---------------+


+--------------------------------------------------+
; Source assignments for sync_2ff:u_sync_b_h1_0    ;
+-------------------+-------+------+---------------+
; Assignment        ; Value ; From ; To            ;
+-------------------+-------+------+---------------+
; PRESERVE_REGISTER ; on    ; -    ; sync_chain[1] ;
; PRESERVE_REGISTER ; on    ; -    ; sync_chain[0] ;
+-------------------+-------+------+---------------+


+--------------------------------------------------+
; Source assignments for sync_2ff:u_sync_b_h1_1    ;
+-------------------+-------+------+---------------+
; Assignment        ; Value ; From ; To            ;
+-------------------+-------+------+---------------+
; PRESERVE_REGISTER ; on    ; -    ; sync_chain[1] ;
; PRESERVE_REGISTER ; on    ; -    ; sync_chain[0] ;
+-------------------+-------+------+---------------+


+--------------------------------------------------+
; Source assignments for sync_2ff:u_sync_b_h1_2    ;
+-------------------+-------+------+---------------+
; Assignment        ; Value ; From ; To            ;
+-------------------+-------+------+---------------+
; PRESERVE_REGISTER ; on    ; -    ; sync_chain[1] ;
; PRESERVE_REGISTER ; on    ; -    ; sync_chain[0] ;
+-------------------+-------+------+---------------+


+--------------------------------------------------+
; Source assignments for sync_2ff:u_sync_b_h1_3    ;
+-------------------+-------+------+---------------+
; Assignment        ; Value ; From ; To            ;
+-------------------+-------+------+---------------+
; PRESERVE_REGISTER ; on    ; -    ; sync_chain[1] ;
; PRESERVE_REGISTER ; on    ; -    ; sync_chain[0] ;
+-------------------+-------+------+---------------+


+--------------------------------------------------+
; Source assignments for sync_2ff:u_sync_c_h1_0    ;
+-------------------+-------+------+---------------+
; Assignment        ; Value ; From ; To            ;
+-------------------+-------+------+---------------+
; PRESERVE_REGISTER ; on    ; -    ; sync_chain[1] ;
; PRESERVE_REGISTER ; on    ; -    ; sync_chain[0] ;
+-------------------+-------+------+---------------+


+--------------------------------------------------+
; Source assignments for sync_2ff:u_sync_c_h1_1    ;
+-------------------+-------+------+---------------+
; Assignment        ; Value ; From ; To            ;
+-------------------+-------+------+---------------+
; PRESERVE_REGISTER ; on    ; -    ; sync_chain[1] ;
; PRESERVE_REGISTER ; on    ; -    ; sync_chain[0] ;
+-------------------+-------+------+---------------+


+--------------------------------------------------+
; Source assignments for sync_2ff:u_sync_c_h1_2    ;
+-------------------+-------+------+---------------+
; Assignment        ; Value ; From ; To            ;
+-------------------+-------+------+---------------+
; PRESERVE_REGISTER ; on    ; -    ; sync_chain[1] ;
; PRESERVE_REGISTER ; on    ; -    ; sync_chain[0] ;
+-------------------+-------+------+---------------+


+--------------------------------------------------+
; Source assignments for sync_2ff:u_sync_c_h1_3    ;
+-------------------+-------+------+---------------+
; Assignment        ; Value ; From ; To            ;
+-------------------+-------+------+---------------+
; PRESERVE_REGISTER ; on    ; -    ; sync_chain[1] ;
; PRESERVE_REGISTER ; on    ; -    ; sync_chain[0] ;
+-------------------+-------+------+---------------+


+--------------------------------------------------------------------------------------------+
; Parameter Settings for User Entity Instance: pll_50m_to_150m:u_pll|altpll:altpll_component ;
+-------------------------------+-----------------------------------+------------------------+
; Parameter Name                ; Value                             ; Type                   ;
+-------------------------------+-----------------------------------+------------------------+
; OPERATION_MODE                ; NORMAL                            ; Untyped                ;
; PLL_TYPE                      ; AUTO                              ; Untyped                ;
; LPM_HINT                      ; CBX_MODULE_PREFIX=pll_50m_to_150m ; Untyped                ;
; QUALIFY_CONF_DONE             ; OFF                               ; Untyped                ;
; COMPENSATE_CLOCK              ; CLK0                              ; Untyped                ;
; SCAN_CHAIN                    ; LONG                              ; Untyped                ;
; PRIMARY_CLOCK                 ; INCLK0                            ; Untyped                ;
; INCLK0_INPUT_FREQUENCY        ; 20000                             ; Signed Integer         ;
; INCLK1_INPUT_FREQUENCY        ; 0                                 ; Untyped                ;
; GATE_LOCK_SIGNAL              ; NO                                ; Untyped                ;
; GATE_LOCK_COUNTER             ; 0                                 ; Untyped                ;
; LOCK_HIGH                     ; 1                                 ; Untyped                ;
; LOCK_LOW                      ; 1                                 ; Untyped                ;
; VALID_LOCK_MULTIPLIER         ; 1                                 ; Untyped                ;
; INVALID_LOCK_MULTIPLIER       ; 5                                 ; Untyped                ;
; SWITCH_OVER_ON_LOSSCLK        ; OFF                               ; Untyped                ;
; SWITCH_OVER_ON_GATED_LOCK     ; OFF                               ; Untyped                ;
; ENABLE_SWITCH_OVER_COUNTER    ; OFF                               ; Untyped                ;
; SKIP_VCO                      ; OFF                               ; Untyped                ;
; SWITCH_OVER_COUNTER           ; 0                                 ; Untyped                ;
; SWITCH_OVER_TYPE              ; AUTO                              ; Untyped                ;
; FEEDBACK_SOURCE               ; EXTCLK0                           ; Untyped                ;
; BANDWIDTH                     ; 0                                 ; Untyped                ;
; BANDWIDTH_TYPE                ; AUTO                              ; Untyped                ;
; SPREAD_FREQUENCY              ; 0                                 ; Untyped                ;
; DOWN_SPREAD                   ; 0                                 ; Untyped                ;
; SELF_RESET_ON_GATED_LOSS_LOCK ; OFF                               ; Untyped                ;
; SELF_RESET_ON_LOSS_LOCK       ; OFF                               ; Untyped                ;
; CLK9_MULTIPLY_BY              ; 0                                 ; Untyped                ;
; CLK8_MULTIPLY_BY              ; 0                                 ; Untyped                ;
; CLK7_MULTIPLY_BY              ; 0                                 ; Untyped                ;
; CLK6_MULTIPLY_BY              ; 0                                 ; Untyped                ;
; CLK5_MULTIPLY_BY              ; 1                                 ; Untyped                ;
; CLK4_MULTIPLY_BY              ; 1                                 ; Untyped                ;
; CLK3_MULTIPLY_BY              ; 1                                 ; Untyped                ;
; CLK2_MULTIPLY_BY              ; 1                                 ; Untyped                ;
; CLK1_MULTIPLY_BY              ; 1                                 ; Untyped                ;
; CLK0_MULTIPLY_BY              ; 3                                 ; Signed Integer         ;
; CLK9_DIVIDE_BY                ; 0                                 ; Untyped                ;
; CLK8_DIVIDE_BY                ; 0                                 ; Untyped                ;
; CLK7_DIVIDE_BY                ; 0                                 ; Untyped                ;
; CLK6_DIVIDE_BY                ; 0                                 ; Untyped                ;
; CLK5_DIVIDE_BY                ; 1                                 ; Untyped                ;
; CLK4_DIVIDE_BY                ; 1                                 ; Untyped                ;
; CLK3_DIVIDE_BY                ; 1                                 ; Untyped                ;
; CLK2_DIVIDE_BY                ; 1                                 ; Untyped                ;
; CLK1_DIVIDE_BY                ; 1                                 ; Untyped                ;
; CLK0_DIVIDE_BY                ; 1                                 ; Signed Integer         ;
; CLK9_PHASE_SHIFT              ; 0                                 ; Untyped                ;
; CLK8_PHASE_SHIFT              ; 0                                 ; Untyped                ;
; CLK7_PHASE_SHIFT              ; 0                                 ; Untyped                ;
; CLK6_PHASE_SHIFT              ; 0                                 ; Untyped                ;
; CLK5_PHASE_SHIFT              ; 0                                 ; Untyped                ;
; CLK4_PHASE_SHIFT              ; 0                                 ; Untyped                ;
; CLK3_PHASE_SHIFT              ; 0                                 ; Untyped                ;
; CLK2_PHASE_SHIFT              ; 0                                 ; Untyped                ;
; CLK1_PHASE_SHIFT              ; 0                                 ; Untyped                ;
; CLK0_PHASE_SHIFT              ; 0                                 ; Untyped                ;
; CLK5_TIME_DELAY               ; 0                                 ; Untyped                ;
; CLK4_TIME_DELAY               ; 0                                 ; Untyped                ;
; CLK3_TIME_DELAY               ; 0                                 ; Untyped                ;
; CLK2_TIME_DELAY               ; 0                                 ; Untyped                ;
; CLK1_TIME_DELAY               ; 0                                 ; Untyped                ;
; CLK0_TIME_DELAY               ; 0                                 ; Untyped                ;
; CLK9_DUTY_CYCLE               ; 50                                ; Untyped                ;
; CLK8_DUTY_CYCLE               ; 50                                ; Untyped                ;
; CLK7_DUTY_CYCLE               ; 50                                ; Untyped                ;
; CLK6_DUTY_CYCLE               ; 50                                ; Untyped                ;
; CLK5_DUTY_CYCLE               ; 50                                ; Untyped                ;
; CLK4_DUTY_CYCLE               ; 50                                ; Untyped                ;
; CLK3_DUTY_CYCLE               ; 50                                ; Untyped                ;
; CLK2_DUTY_CYCLE               ; 50                                ; Untyped                ;
; CLK1_DUTY_CYCLE               ; 50                                ; Untyped                ;
; CLK0_DUTY_CYCLE               ; 50                                ; Signed Integer         ;
; CLK9_USE_EVEN_COUNTER_MODE    ; OFF                               ; Untyped                ;
; CLK8_USE_EVEN_COUNTER_MODE    ; OFF                               ; Untyped                ;
; CLK7_USE_EVEN_COUNTER_MODE    ; OFF                               ; Untyped                ;
; CLK6_USE_EVEN_COUNTER_MODE    ; OFF                               ; Untyped                ;
; CLK5_USE_EVEN_COUNTER_MODE    ; OFF                               ; Untyped                ;
; CLK4_USE_EVEN_COUNTER_MODE    ; OFF                               ; Untyped                ;
; CLK3_USE_EVEN_COUNTER_MODE    ; OFF                               ; Untyped                ;
; CLK2_USE_EVEN_COUNTER_MODE    ; OFF                               ; Untyped                ;
; CLK1_USE_EVEN_COUNTER_MODE    ; OFF                               ; Untyped                ;
; CLK0_USE_EVEN_COUNTER_MODE    ; OFF                               ; Untyped                ;
; CLK9_USE_EVEN_COUNTER_VALUE   ; OFF                               ; Untyped                ;
; CLK8_USE_EVEN_COUNTER_VALUE   ; OFF                               ; Untyped                ;
; CLK7_USE_EVEN_COUNTER_VALUE   ; OFF                               ; Untyped                ;
; CLK6_USE_EVEN_COUNTER_VALUE   ; OFF                               ; Untyped                ;
; CLK5_USE_EVEN_COUNTER_VALUE   ; OFF                               ; Untyped                ;
; CLK4_USE_EVEN_COUNTER_VALUE   ; OFF                               ; Untyped                ;
; CLK3_USE_EVEN_COUNTER_VALUE   ; OFF                               ; Untyped                ;
; CLK2_USE_EVEN_COUNTER_VALUE   ; OFF                               ; Untyped                ;
; CLK1_USE_EVEN_COUNTER_VALUE   ; OFF                               ; Untyped                ;
; CLK0_USE_EVEN_COUNTER_VALUE   ; OFF                               ; Untyped                ;
; LOCK_WINDOW_UI                ;  0.05                             ; Untyped                ;
; LOCK_WINDOW_UI_BITS           ; UNUSED                            ; Untyped                ;
; VCO_RANGE_DETECTOR_LOW_BITS   ; UNUSED                            ; Untyped                ;
; VCO_RANGE_DETECTOR_HIGH_BITS  ; UNUSED                            ; Untyped                ;
; DPA_MULTIPLY_BY               ; 0                                 ; Untyped                ;
; DPA_DIVIDE_BY                 ; 1                                 ; Untyped                ;
; DPA_DIVIDER                   ; 0                                 ; Untyped                ;
; EXTCLK3_MULTIPLY_BY           ; 1                                 ; Untyped                ;
; EXTCLK2_MULTIPLY_BY           ; 1                                 ; Untyped                ;
; EXTCLK1_MULTIPLY_BY           ; 1                                 ; Untyped                ;
; EXTCLK0_MULTIPLY_BY           ; 1                                 ; Untyped                ;
; EXTCLK3_DIVIDE_BY             ; 1                                 ; Untyped                ;
; EXTCLK2_DIVIDE_BY             ; 1                                 ; Untyped                ;
; EXTCLK1_DIVIDE_BY             ; 1                                 ; Untyped                ;
; EXTCLK0_DIVIDE_BY             ; 1                                 ; Untyped                ;
; EXTCLK3_PHASE_SHIFT           ; 0                                 ; Untyped                ;
; EXTCLK2_PHASE_SHIFT           ; 0                                 ; Untyped                ;
; EXTCLK1_PHASE_SHIFT           ; 0                                 ; Untyped                ;
; EXTCLK0_PHASE_SHIFT           ; 0                                 ; Untyped                ;
; EXTCLK3_TIME_DELAY            ; 0                                 ; Untyped                ;
; EXTCLK2_TIME_DELAY            ; 0                                 ; Untyped                ;
; EXTCLK1_TIME_DELAY            ; 0                                 ; Untyped                ;
; EXTCLK0_TIME_DELAY            ; 0                                 ; Untyped                ;
; EXTCLK3_DUTY_CYCLE            ; 50                                ; Untyped                ;
; EXTCLK2_DUTY_CYCLE            ; 50                                ; Untyped                ;
; EXTCLK1_DUTY_CYCLE            ; 50                                ; Untyped                ;
; EXTCLK0_DUTY_CYCLE            ; 50                                ; Untyped                ;
; VCO_MULTIPLY_BY               ; 0                                 ; Untyped                ;
; VCO_DIVIDE_BY                 ; 0                                 ; Untyped                ;
; SCLKOUT0_PHASE_SHIFT          ; 0                                 ; Untyped                ;
; SCLKOUT1_PHASE_SHIFT          ; 0                                 ; Untyped                ;
; VCO_MIN                       ; 0                                 ; Untyped                ;
; VCO_MAX                       ; 0                                 ; Untyped                ;
; VCO_CENTER                    ; 0                                 ; Untyped                ;
; PFD_MIN                       ; 0                                 ; Untyped                ;
; PFD_MAX                       ; 0                                 ; Untyped                ;
; M_INITIAL                     ; 0                                 ; Untyped                ;
; M                             ; 0                                 ; Untyped                ;
; N                             ; 1                                 ; Untyped                ;
; M2                            ; 1                                 ; Untyped                ;
; N2                            ; 1                                 ; Untyped                ;
; SS                            ; 1                                 ; Untyped                ;
; C0_HIGH                       ; 0                                 ; Untyped                ;
; C1_HIGH                       ; 0                                 ; Untyped                ;
; C2_HIGH                       ; 0                                 ; Untyped                ;
; C3_HIGH                       ; 0                                 ; Untyped                ;
; C4_HIGH                       ; 0                                 ; Untyped                ;
; C5_HIGH                       ; 0                                 ; Untyped                ;
; C6_HIGH                       ; 0                                 ; Untyped                ;
; C7_HIGH                       ; 0                                 ; Untyped                ;
; C8_HIGH                       ; 0                                 ; Untyped                ;
; C9_HIGH                       ; 0                                 ; Untyped                ;
; C0_LOW                        ; 0                                 ; Untyped                ;
; C1_LOW                        ; 0                                 ; Untyped                ;
; C2_LOW                        ; 0                                 ; Untyped                ;
; C3_LOW                        ; 0                                 ; Untyped                ;
; C4_LOW                        ; 0                                 ; Untyped                ;
; C5_LOW                        ; 0                                 ; Untyped                ;
; C6_LOW                        ; 0                                 ; Untyped                ;
; C7_LOW                        ; 0                                 ; Untyped                ;
; C8_LOW                        ; 0                                 ; Untyped                ;
; C9_LOW                        ; 0                                 ; Untyped                ;
; C0_INITIAL                    ; 0                                 ; Untyped                ;
; C1_INITIAL                    ; 0                                 ; Untyped                ;
; C2_INITIAL                    ; 0                                 ; Untyped                ;
; C3_INITIAL                    ; 0                                 ; Untyped                ;
; C4_INITIAL                    ; 0                                 ; Untyped                ;
; C5_INITIAL                    ; 0                                 ; Untyped                ;
; C6_INITIAL                    ; 0                                 ; Untyped                ;
; C7_INITIAL                    ; 0                                 ; Untyped                ;
; C8_INITIAL                    ; 0                                 ; Untyped                ;
; C9_INITIAL                    ; 0                                 ; Untyped                ;
; C0_MODE                       ; BYPASS                            ; Untyped                ;
; C1_MODE                       ; BYPASS                            ; Untyped                ;
; C2_MODE                       ; BYPASS                            ; Untyped                ;
; C3_MODE                       ; BYPASS                            ; Untyped                ;
; C4_MODE                       ; BYPASS                            ; Untyped                ;
; C5_MODE                       ; BYPASS                            ; Untyped                ;
; C6_MODE                       ; BYPASS                            ; Untyped                ;
; C7_MODE                       ; BYPASS                            ; Untyped                ;
; C8_MODE                       ; BYPASS                            ; Untyped                ;
; C9_MODE                       ; BYPASS                            ; Untyped                ;
; C0_PH                         ; 0                                 ; Untyped                ;
; C1_PH                         ; 0                                 ; Untyped                ;
; C2_PH                         ; 0                                 ; Untyped                ;
; C3_PH                         ; 0                                 ; Untyped                ;
; C4_PH                         ; 0                                 ; Untyped                ;
; C5_PH                         ; 0                                 ; Untyped                ;
; C6_PH                         ; 0                                 ; Untyped                ;
; C7_PH                         ; 0                                 ; Untyped                ;
; C8_PH                         ; 0                                 ; Untyped                ;
; C9_PH                         ; 0                                 ; Untyped                ;
; L0_HIGH                       ; 1                                 ; Untyped                ;
; L1_HIGH                       ; 1                                 ; Untyped                ;
; G0_HIGH                       ; 1                                 ; Untyped                ;
; G1_HIGH                       ; 1                                 ; Untyped                ;
; G2_HIGH                       ; 1                                 ; Untyped                ;
; G3_HIGH                       ; 1                                 ; Untyped                ;
; E0_HIGH                       ; 1                                 ; Untyped                ;
; E1_HIGH                       ; 1                                 ; Untyped                ;
; E2_HIGH                       ; 1                                 ; Untyped                ;
; E3_HIGH                       ; 1                                 ; Untyped                ;
; L0_LOW                        ; 1                                 ; Untyped                ;
; L1_LOW                        ; 1                                 ; Untyped                ;
; G0_LOW                        ; 1                                 ; Untyped                ;
; G1_LOW                        ; 1                                 ; Untyped                ;
; G2_LOW                        ; 1                                 ; Untyped                ;
; G3_LOW                        ; 1                                 ; Untyped                ;
; E0_LOW                        ; 1                                 ; Untyped                ;
; E1_LOW                        ; 1                                 ; Untyped                ;
; E2_LOW                        ; 1                                 ; Untyped                ;
; E3_LOW                        ; 1                                 ; Untyped                ;
; L0_INITIAL                    ; 1                                 ; Untyped                ;
; L1_INITIAL                    ; 1                                 ; Untyped                ;
; G0_INITIAL                    ; 1                                 ; Untyped                ;
; G1_INITIAL                    ; 1                                 ; Untyped                ;
; G2_INITIAL                    ; 1                                 ; Untyped                ;
; G3_INITIAL                    ; 1                                 ; Untyped                ;
; E0_INITIAL                    ; 1                                 ; Untyped                ;
; E1_INITIAL                    ; 1                                 ; Untyped                ;
; E2_INITIAL                    ; 1                                 ; Untyped                ;
; E3_INITIAL                    ; 1                                 ; Untyped                ;
; L0_MODE                       ; BYPASS                            ; Untyped                ;
; L1_MODE                       ; BYPASS                            ; Untyped                ;
; G0_MODE                       ; BYPASS                            ; Untyped                ;
; G1_MODE                       ; BYPASS                            ; Untyped                ;
; G2_MODE                       ; BYPASS                            ; Untyped                ;
; G3_MODE                       ; BYPASS                            ; Untyped                ;
; E0_MODE                       ; BYPASS                            ; Untyped                ;
; E1_MODE                       ; BYPASS                            ; Untyped                ;
; E2_MODE                       ; BYPASS                            ; Untyped                ;
; E3_MODE                       ; BYPASS                            ; Untyped                ;
; L0_PH                         ; 0                                 ; Untyped                ;
; L1_PH                         ; 0                                 ; Untyped                ;
; G0_PH                         ; 0                                 ; Untyped                ;
; G1_PH                         ; 0                                 ; Untyped                ;
; G2_PH                         ; 0                                 ; Untyped                ;
; G3_PH                         ; 0                                 ; Untyped                ;
; E0_PH                         ; 0                                 ; Untyped                ;
; E1_PH                         ; 0                                 ; Untyped                ;
; E2_PH                         ; 0                                 ; Untyped                ;
; E3_PH                         ; 0                                 ; Untyped                ;
; M_PH                          ; 0                                 ; Untyped                ;
; C1_USE_CASC_IN                ; OFF                               ; Untyped                ;
; C2_USE_CASC_IN                ; OFF                               ; Untyped                ;
; C3_USE_CASC_IN                ; OFF                               ; Untyped                ;
; C4_USE_CASC_IN                ; OFF                               ; Untyped                ;
; C5_USE_CASC_IN                ; OFF                               ; Untyped                ;
; C6_USE_CASC_IN                ; OFF                               ; Untyped                ;
; C7_USE_CASC_IN                ; OFF                               ; Untyped                ;
; C8_USE_CASC_IN                ; OFF                               ; Untyped                ;
; C9_USE_CASC_IN                ; OFF                               ; Untyped                ;
; CLK0_COUNTER                  ; G0                                ; Untyped                ;
; CLK1_COUNTER                  ; G0                                ; Untyped                ;
; CLK2_COUNTER                  ; G0                                ; Untyped                ;
; CLK3_COUNTER                  ; G0                                ; Untyped                ;
; CLK4_COUNTER                  ; G0                                ; Untyped                ;
; CLK5_COUNTER                  ; G0                                ; Untyped                ;
; CLK6_COUNTER                  ; E0                                ; Untyped                ;
; CLK7_COUNTER                  ; E1                                ; Untyped                ;
; CLK8_COUNTER                  ; E2                                ; Untyped                ;
; CLK9_COUNTER                  ; E3                                ; Untyped                ;
; L0_TIME_DELAY                 ; 0                                 ; Untyped                ;
; L1_TIME_DELAY                 ; 0                                 ; Untyped                ;
; G0_TIME_DELAY                 ; 0                                 ; Untyped                ;
; G1_TIME_DELAY                 ; 0                                 ; Untyped                ;
; G2_TIME_DELAY                 ; 0                                 ; Untyped                ;
; G3_TIME_DELAY                 ; 0                                 ; Untyped                ;
; E0_TIME_DELAY                 ; 0                                 ; Untyped                ;
; E1_TIME_DELAY                 ; 0                                 ; Untyped                ;
; E2_TIME_DELAY                 ; 0                                 ; Untyped                ;
; E3_TIME_DELAY                 ; 0                                 ; Untyped                ;
; M_TIME_DELAY                  ; 0                                 ; Untyped                ;
; N_TIME_DELAY                  ; 0                                 ; Untyped                ;
; EXTCLK3_COUNTER               ; E3                                ; Untyped                ;
; EXTCLK2_COUNTER               ; E2                                ; Untyped                ;
; EXTCLK1_COUNTER               ; E1                                ; Untyped                ;
; EXTCLK0_COUNTER               ; E0                                ; Untyped                ;
; ENABLE0_COUNTER               ; L0                                ; Untyped                ;
; ENABLE1_COUNTER               ; L0                                ; Untyped                ;
; CHARGE_PUMP_CURRENT           ; 2                                 ; Untyped                ;
; LOOP_FILTER_R                 ;  1.000000                         ; Untyped                ;
; LOOP_FILTER_C                 ; 5                                 ; Untyped                ;
; CHARGE_PUMP_CURRENT_BITS      ; 9999                              ; Untyped                ;
; LOOP_FILTER_R_BITS            ; 9999                              ; Untyped                ;
; LOOP_FILTER_C_BITS            ; 9999                              ; Untyped                ;
; VCO_POST_SCALE                ; 0                                 ; Untyped                ;
; CLK2_OUTPUT_FREQUENCY         ; 0                                 ; Untyped                ;
; CLK1_OUTPUT_FREQUENCY         ; 0                                 ; Untyped                ;
; CLK0_OUTPUT_FREQUENCY         ; 0                                 ; Untyped                ;
; INTENDED_DEVICE_FAMILY        ; Cyclone IV E                      ; Untyped                ;
; PORT_CLKENA0                  ; PORT_UNUSED                       ; Untyped                ;
; PORT_CLKENA1                  ; PORT_UNUSED                       ; Untyped                ;
; PORT_CLKENA2                  ; PORT_UNUSED                       ; Untyped                ;
; PORT_CLKENA3                  ; PORT_UNUSED                       ; Untyped                ;
; PORT_CLKENA4                  ; PORT_UNUSED                       ; Untyped                ;
; PORT_CLKENA5                  ; PORT_UNUSED                       ; Untyped                ;
; PORT_EXTCLKENA0               ; PORT_CONNECTIVITY                 ; Untyped                ;
; PORT_EXTCLKENA1               ; PORT_CONNECTIVITY                 ; Untyped                ;
; PORT_EXTCLKENA2               ; PORT_CONNECTIVITY                 ; Untyped                ;
; PORT_EXTCLKENA3               ; PORT_CONNECTIVITY                 ; Untyped                ;
; PORT_EXTCLK0                  ; PORT_UNUSED                       ; Untyped                ;
; PORT_EXTCLK1                  ; PORT_UNUSED                       ; Untyped                ;
; PORT_EXTCLK2                  ; PORT_UNUSED                       ; Untyped                ;
; PORT_EXTCLK3                  ; PORT_UNUSED                       ; Untyped                ;
; PORT_CLKBAD0                  ; PORT_UNUSED                       ; Untyped                ;
; PORT_CLKBAD1                  ; PORT_UNUSED                       ; Untyped                ;
; PORT_CLK0                     ; PORT_USED                         ; Untyped                ;
; PORT_CLK1                     ; PORT_UNUSED                       ; Untyped                ;
; PORT_CLK2                     ; PORT_UNUSED                       ; Untyped                ;
; PORT_CLK3                     ; PORT_UNUSED                       ; Untyped                ;
; PORT_CLK4                     ; PORT_UNUSED                       ; Untyped                ;
; PORT_CLK5                     ; PORT_UNUSED                       ; Untyped                ;
; PORT_CLK6                     ; PORT_UNUSED                       ; Untyped                ;
; PORT_CLK7                     ; PORT_UNUSED                       ; Untyped                ;
; PORT_CLK8                     ; PORT_UNUSED                       ; Untyped                ;
; PORT_CLK9                     ; PORT_UNUSED                       ; Untyped                ;
; PORT_SCANDATA                 ; PORT_UNUSED                       ; Untyped                ;
; PORT_SCANDATAOUT              ; PORT_UNUSED                       ; Untyped                ;
; PORT_SCANDONE                 ; PORT_UNUSED                       ; Untyped                ;
; PORT_SCLKOUT1                 ; PORT_CONNECTIVITY                 ; Untyped                ;
; PORT_SCLKOUT0                 ; PORT_CONNECTIVITY                 ; Untyped                ;
; PORT_ACTIVECLOCK              ; PORT_UNUSED                       ; Untyped                ;
; PORT_CLKLOSS                  ; PORT_UNUSED                       ; Untyped                ;
; PORT_INCLK1                   ; PORT_UNUSED                       ; Untyped                ;
; PORT_INCLK0                   ; PORT_USED                         ; Untyped                ;
; PORT_FBIN                     ; PORT_UNUSED                       ; Untyped                ;
; PORT_PLLENA                   ; PORT_UNUSED                       ; Untyped                ;
; PORT_CLKSWITCH                ; PORT_UNUSED                       ; Untyped                ;
; PORT_ARESET                   ; PORT_USED                         ; Untyped                ;
; PORT_PFDENA                   ; PORT_UNUSED                       ; Untyped                ;
; PORT_SCANCLK                  ; PORT_UNUSED                       ; Untyped                ;
; PORT_SCANACLR                 ; PORT_UNUSED                       ; Untyped                ;
; PORT_SCANREAD                 ; PORT_UNUSED                       ; Untyped                ;
; PORT_SCANWRITE                ; PORT_UNUSED                       ; Untyped                ;
; PORT_ENABLE0                  ; PORT_CONNECTIVITY                 ; Untyped                ;
; PORT_ENABLE1                  ; PORT_CONNECTIVITY                 ; Untyped                ;
; PORT_LOCKED                   ; PORT_USED                         ; Untyped                ;
; PORT_CONFIGUPDATE             ; PORT_UNUSED                       ; Untyped                ;
; PORT_FBOUT                    ; PORT_CONNECTIVITY                 ; Untyped                ;
; PORT_PHASEDONE                ; PORT_UNUSED                       ; Untyped                ;
; PORT_PHASESTEP                ; PORT_UNUSED                       ; Untyped                ;
; PORT_PHASEUPDOWN              ; PORT_UNUSED                       ; Untyped                ;
; PORT_SCANCLKENA               ; PORT_UNUSED                       ; Untyped                ;
; PORT_PHASECOUNTERSELECT       ; PORT_UNUSED                       ; Untyped                ;
; PORT_VCOOVERRANGE             ; PORT_CONNECTIVITY                 ; Untyped                ;
; PORT_VCOUNDERRANGE            ; PORT_CONNECTIVITY                 ; Untyped                ;
; M_TEST_SOURCE                 ; 5                                 ; Untyped                ;
; C0_TEST_SOURCE                ; 5                                 ; Untyped                ;
; C1_TEST_SOURCE                ; 5                                 ; Untyped                ;
; C2_TEST_SOURCE                ; 5                                 ; Untyped                ;
; C3_TEST_SOURCE                ; 5                                 ; Untyped                ;
; C4_TEST_SOURCE                ; 5                                 ; Untyped                ;
; C5_TEST_SOURCE                ; 5                                 ; Untyped                ;
; C6_TEST_SOURCE                ; 5                                 ; Untyped                ;
; C7_TEST_SOURCE                ; 5                                 ; Untyped                ;
; C8_TEST_SOURCE                ; 5                                 ; Untyped                ;
; C9_TEST_SOURCE                ; 5                                 ; Untyped                ;
; CBXI_PARAMETER                ; pll_50m_to_150m_altpll            ; Untyped                ;
; VCO_FREQUENCY_CONTROL         ; AUTO                              ; Untyped                ;
; VCO_PHASE_SHIFT_STEP          ; 0                                 ; Untyped                ;
; WIDTH_CLOCK                   ; 5                                 ; Signed Integer         ;
; WIDTH_PHASECOUNTERSELECT      ; 4                                 ; Untyped                ;
; USING_FBMIMICBIDIR_PORT       ; OFF                               ; Untyped                ;
; DEVICE_FAMILY                 ; Cyclone IV E                      ; Untyped                ;
; SCAN_CHAIN_MIF_FILE           ; UNUSED                            ; Untyped                ;
; SIM_GATE_LOCK_DEVICE_BEHAVIOR ; OFF                               ; Untyped                ;
; AUTO_CARRY_CHAINS             ; ON                                ; AUTO_CARRY             ;
; IGNORE_CARRY_BUFFERS          ; OFF                               ; IGNORE_CARRY           ;
; AUTO_CASCADE_CHAINS           ; ON                                ; AUTO_CASCADE           ;
; IGNORE_CASCADE_BUFFERS        ; OFF                               ; IGNORE_CASCADE         ;
+-------------------------------+-----------------------------------+------------------------+
Note: In order to hide this table in the UI and the text report file, please set the "Show Parameter Settings in Synthesis Report" option in "Analysis and Synthesis Settings -> More Settings" to "Off".


+---------------------------------------------------------------------+
; Parameter Settings for User Entity Instance: sync_2ff:u_sync_a_h1_0 ;
+----------------+-------+--------------------------------------------+
; Parameter Name ; Value ; Type                                       ;
+----------------+-------+--------------------------------------------+
; stages         ; 2     ; Signed Integer                             ;
+----------------+-------+--------------------------------------------+
Note: In order to hide this table in the UI and the text report file, please set the "Show Parameter Settings in Synthesis Report" option in "Analysis and Synthesis Settings -> More Settings" to "Off".


+---------------------------------------------------------------------+
; Parameter Settings for User Entity Instance: sync_2ff:u_sync_a_h1_1 ;
+----------------+-------+--------------------------------------------+
; Parameter Name ; Value ; Type                                       ;
+----------------+-------+--------------------------------------------+
; stages         ; 2     ; Signed Integer                             ;
+----------------+-------+--------------------------------------------+
Note: In order to hide this table in the UI and the text report file, please set the "Show Parameter Settings in Synthesis Report" option in "Analysis and Synthesis Settings -> More Settings" to "Off".


+---------------------------------------------------------------------+
; Parameter Settings for User Entity Instance: sync_2ff:u_sync_a_h1_2 ;
+----------------+-------+--------------------------------------------+
; Parameter Name ; Value ; Type                                       ;
+----------------+-------+--------------------------------------------+
; stages         ; 2     ; Signed Integer                             ;
+----------------+-------+--------------------------------------------+
Note: In order to hide this table in the UI and the text report file, please set the "Show Parameter Settings in Synthesis Report" option in "Analysis and Synthesis Settings -> More Settings" to "Off".


+---------------------------------------------------------------------+
; Parameter Settings for User Entity Instance: sync_2ff:u_sync_a_h1_3 ;
+----------------+-------+--------------------------------------------+
; Parameter Name ; Value ; Type                                       ;
+----------------+-------+--------------------------------------------+
; stages         ; 2     ; Signed Integer                             ;
+----------------+-------+--------------------------------------------+
Note: In order to hide this table in the UI and the text report file, please set the "Show Parameter Settings in Synthesis Report" option in "Analysis and Synthesis Settings -> More Settings" to "Off".


+---------------------------------------------------------------------+
; Parameter Settings for User Entity Instance: sync_2ff:u_sync_b_h1_0 ;
+----------------+-------+--------------------------------------------+
; Parameter Name ; Value ; Type                                       ;
+----------------+-------+--------------------------------------------+
; stages         ; 2     ; Signed Integer                             ;
+----------------+-------+--------------------------------------------+
Note: In order to hide this table in the UI and the text report file, please set the "Show Parameter Settings in Synthesis Report" option in "Analysis and Synthesis Settings -> More Settings" to "Off".


+---------------------------------------------------------------------+
; Parameter Settings for User Entity Instance: sync_2ff:u_sync_b_h1_1 ;
+----------------+-------+--------------------------------------------+
; Parameter Name ; Value ; Type                                       ;
+----------------+-------+--------------------------------------------+
; stages         ; 2     ; Signed Integer                             ;
+----------------+-------+--------------------------------------------+
Note: In order to hide this table in the UI and the text report file, please set the "Show Parameter Settings in Synthesis Report" option in "Analysis and Synthesis Settings -> More Settings" to "Off".


+---------------------------------------------------------------------+
; Parameter Settings for User Entity Instance: sync_2ff:u_sync_b_h1_2 ;
+----------------+-------+--------------------------------------------+
; Parameter Name ; Value ; Type                                       ;
+----------------+-------+--------------------------------------------+
; stages         ; 2     ; Signed Integer                             ;
+----------------+-------+--------------------------------------------+
Note: In order to hide this table in the UI and the text report file, please set the "Show Parameter Settings in Synthesis Report" option in "Analysis and Synthesis Settings -> More Settings" to "Off".


+---------------------------------------------------------------------+
; Parameter Settings for User Entity Instance: sync_2ff:u_sync_b_h1_3 ;
+----------------+-------+--------------------------------------------+
; Parameter Name ; Value ; Type                                       ;
+----------------+-------+--------------------------------------------+
; stages         ; 2     ; Signed Integer                             ;
+----------------+-------+--------------------------------------------+
Note: In order to hide this table in the UI and the text report file, please set the "Show Parameter Settings in Synthesis Report" option in "Analysis and Synthesis Settings -> More Settings" to "Off".


+---------------------------------------------------------------------+
; Parameter Settings for User Entity Instance: sync_2ff:u_sync_c_h1_0 ;
+----------------+-------+--------------------------------------------+
; Parameter Name ; Value ; Type                                       ;
+----------------+-------+--------------------------------------------+
; stages         ; 2     ; Signed Integer                             ;
+----------------+-------+--------------------------------------------+
Note: In order to hide this table in the UI and the text report file, please set the "Show Parameter Settings in Synthesis Report" option in "Analysis and Synthesis Settings -> More Settings" to "Off".


+---------------------------------------------------------------------+
; Parameter Settings for User Entity Instance: sync_2ff:u_sync_c_h1_1 ;
+----------------+-------+--------------------------------------------+
; Parameter Name ; Value ; Type                                       ;
+----------------+-------+--------------------------------------------+
; stages         ; 2     ; Signed Integer                             ;
+----------------+-------+--------------------------------------------+
Note: In order to hide this table in the UI and the text report file, please set the "Show Parameter Settings in Synthesis Report" option in "Analysis and Synthesis Settings -> More Settings" to "Off".


+---------------------------------------------------------------------+
; Parameter Settings for User Entity Instance: sync_2ff:u_sync_c_h1_2 ;
+----------------+-------+--------------------------------------------+
; Parameter Name ; Value ; Type                                       ;
+----------------+-------+--------------------------------------------+
; stages         ; 2     ; Signed Integer                             ;
+----------------+-------+--------------------------------------------+
Note: In order to hide this table in the UI and the text report file, please set the "Show Parameter Settings in Synthesis Report" option in "Analysis and Synthesis Settings -> More Settings" to "Off".


+---------------------------------------------------------------------+
; Parameter Settings for User Entity Instance: sync_2ff:u_sync_c_h1_3 ;
+----------------+-------+--------------------------------------------+
; Parameter Name ; Value ; Type                                       ;
+----------------+-------+--------------------------------------------+
; stages         ; 2     ; Signed Integer                             ;
+----------------+-------+--------------------------------------------+
Note: In order to hide this table in the UI and the text report file, please set the "Show Parameter Settings in Synthesis Report" option in "Analysis and Synthesis Settings -> More Settings" to "Off".


+------------------------------------------------------------------------------------------+
; Parameter Settings for Inferred Entity Instance: CPLD_pwm_phase:u_phase_a|lpm_mult:Mult0 ;
+------------------------------------------------+--------------+--------------------------+
; Parameter Name                                 ; Value        ; Type                     ;
+------------------------------------------------+--------------+--------------------------+
; AUTO_CARRY_CHAINS                              ; ON           ; AUTO_CARRY               ;
; IGNORE_CARRY_BUFFERS                           ; OFF          ; IGNORE_CARRY             ;
; AUTO_CASCADE_CHAINS                            ; ON           ; AUTO_CASCADE             ;
; IGNORE_CASCADE_BUFFERS                         ; OFF          ; IGNORE_CASCADE           ;
; LPM_WIDTHA                                     ; 17           ; Untyped                  ;
; LPM_WIDTHB                                     ; 13           ; Untyped                  ;
; LPM_WIDTHP                                     ; 30           ; Untyped                  ;
; LPM_WIDTHR                                     ; 30           ; Untyped                  ;
; LPM_WIDTHS                                     ; 1            ; Untyped                  ;
; LPM_REPRESENTATION                             ; SIGNED       ; Untyped                  ;
; LPM_PIPELINE                                   ; 0            ; Untyped                  ;
; LATENCY                                        ; 0            ; Untyped                  ;
; INPUT_A_IS_CONSTANT                            ; NO           ; Untyped                  ;
; INPUT_B_IS_CONSTANT                            ; YES          ; Untyped                  ;
; USE_EAB                                        ; OFF          ; Untyped                  ;
; MAXIMIZE_SPEED                                 ; 5            ; Untyped                  ;
; DEVICE_FAMILY                                  ; Cyclone IV E ; Untyped                  ;
; CARRY_CHAIN                                    ; MANUAL       ; Untyped                  ;
; APEX20K_TECHNOLOGY_MAPPER                      ; LUT          ; TECH_MAPPER_APEX20K      ;
; DEDICATED_MULTIPLIER_CIRCUITRY                 ; AUTO         ; Untyped                  ;
; DEDICATED_MULTIPLIER_MIN_INPUT_WIDTH_FOR_AUTO  ; 0            ; Untyped                  ;
; DEDICATED_MULTIPLIER_MIN_OUTPUT_WIDTH_FOR_AUTO ; 0            ; Untyped                  ;
; CBXI_PARAMETER                                 ; mult_j9t     ; Untyped                  ;
; INPUT_A_FIXED_VALUE                            ; Bx           ; Untyped                  ;
; INPUT_B_FIXED_VALUE                            ; Bx           ; Untyped                  ;
; USE_AHDL_IMPLEMENTATION                        ; OFF          ; Untyped                  ;
+------------------------------------------------+--------------+--------------------------+
Note: In order to hide this table in the UI and the text report file, please set the "Show Parameter Settings in Synthesis Report" option in "Analysis and Synthesis Settings -> More Settings" to "Off".


+------------------------------------------------------------------------------------------+
; Parameter Settings for Inferred Entity Instance: CPLD_pwm_phase:u_phase_b|lpm_mult:Mult0 ;
+------------------------------------------------+--------------+--------------------------+
; Parameter Name                                 ; Value        ; Type                     ;
+------------------------------------------------+--------------+--------------------------+
; AUTO_CARRY_CHAINS                              ; ON           ; AUTO_CARRY               ;
; IGNORE_CARRY_BUFFERS                           ; OFF          ; IGNORE_CARRY             ;
; AUTO_CASCADE_CHAINS                            ; ON           ; AUTO_CASCADE             ;
; IGNORE_CASCADE_BUFFERS                         ; OFF          ; IGNORE_CASCADE           ;
; LPM_WIDTHA                                     ; 17           ; Untyped                  ;
; LPM_WIDTHB                                     ; 13           ; Untyped                  ;
; LPM_WIDTHP                                     ; 30           ; Untyped                  ;
; LPM_WIDTHR                                     ; 30           ; Untyped                  ;
; LPM_WIDTHS                                     ; 1            ; Untyped                  ;
; LPM_REPRESENTATION                             ; SIGNED       ; Untyped                  ;
; LPM_PIPELINE                                   ; 0            ; Untyped                  ;
; LATENCY                                        ; 0            ; Untyped                  ;
; INPUT_A_IS_CONSTANT                            ; NO           ; Untyped                  ;
; INPUT_B_IS_CONSTANT                            ; YES          ; Untyped                  ;
; USE_EAB                                        ; OFF          ; Untyped                  ;
; MAXIMIZE_SPEED                                 ; 5            ; Untyped                  ;
; DEVICE_FAMILY                                  ; Cyclone IV E ; Untyped                  ;
; CARRY_CHAIN                                    ; MANUAL       ; Untyped                  ;
; APEX20K_TECHNOLOGY_MAPPER                      ; LUT          ; TECH_MAPPER_APEX20K      ;
; DEDICATED_MULTIPLIER_CIRCUITRY                 ; AUTO         ; Untyped                  ;
; DEDICATED_MULTIPLIER_MIN_INPUT_WIDTH_FOR_AUTO  ; 0            ; Untyped                  ;
; DEDICATED_MULTIPLIER_MIN_OUTPUT_WIDTH_FOR_AUTO ; 0            ; Untyped                  ;
; CBXI_PARAMETER                                 ; mult_j9t     ; Untyped                  ;
; INPUT_A_FIXED_VALUE                            ; Bx           ; Untyped                  ;
; INPUT_B_FIXED_VALUE                            ; Bx           ; Untyped                  ;
; USE_AHDL_IMPLEMENTATION                        ; OFF          ; Untyped                  ;
+------------------------------------------------+--------------+--------------------------+
Note: In order to hide this table in the UI and the text report file, please set the "Show Parameter Settings in Synthesis Report" option in "Analysis and Synthesis Settings -> More Settings" to "Off".


+------------------------------------------------------------------------------------------+
; Parameter Settings for Inferred Entity Instance: CPLD_pwm_phase:u_phase_c|lpm_mult:Mult0 ;
+------------------------------------------------+--------------+--------------------------+
; Parameter Name                                 ; Value        ; Type                     ;
+------------------------------------------------+--------------+--------------------------+
; AUTO_CARRY_CHAINS                              ; ON           ; AUTO_CARRY               ;
; IGNORE_CARRY_BUFFERS                           ; OFF          ; IGNORE_CARRY             ;
; AUTO_CASCADE_CHAINS                            ; ON           ; AUTO_CASCADE             ;
; IGNORE_CASCADE_BUFFERS                         ; OFF          ; IGNORE_CASCADE           ;
; LPM_WIDTHA                                     ; 17           ; Untyped                  ;
; LPM_WIDTHB                                     ; 13           ; Untyped                  ;
; LPM_WIDTHP                                     ; 30           ; Untyped                  ;
; LPM_WIDTHR                                     ; 30           ; Untyped                  ;
; LPM_WIDTHS                                     ; 1            ; Untyped                  ;
; LPM_REPRESENTATION                             ; SIGNED       ; Untyped                  ;
; LPM_PIPELINE                                   ; 0            ; Untyped                  ;
; LATENCY                                        ; 0            ; Untyped                  ;
; INPUT_A_IS_CONSTANT                            ; NO           ; Untyped                  ;
; INPUT_B_IS_CONSTANT                            ; YES          ; Untyped                  ;
; USE_EAB                                        ; OFF          ; Untyped                  ;
; MAXIMIZE_SPEED                                 ; 5            ; Untyped                  ;
; DEVICE_FAMILY                                  ; Cyclone IV E ; Untyped                  ;
; CARRY_CHAIN                                    ; MANUAL       ; Untyped                  ;
; APEX20K_TECHNOLOGY_MAPPER                      ; LUT          ; TECH_MAPPER_APEX20K      ;
; DEDICATED_MULTIPLIER_CIRCUITRY                 ; AUTO         ; Untyped                  ;
; DEDICATED_MULTIPLIER_MIN_INPUT_WIDTH_FOR_AUTO  ; 0            ; Untyped                  ;
; DEDICATED_MULTIPLIER_MIN_OUTPUT_WIDTH_FOR_AUTO ; 0            ; Untyped                  ;
; CBXI_PARAMETER                                 ; mult_j9t     ; Untyped                  ;
; INPUT_A_FIXED_VALUE                            ; Bx           ; Untyped                  ;
; INPUT_B_FIXED_VALUE                            ; Bx           ; Untyped                  ;
; USE_AHDL_IMPLEMENTATION                        ; OFF          ; Untyped                  ;
+------------------------------------------------+--------------+--------------------------+
Note: In order to hide this table in the UI and the text report file, please set the "Show Parameter Settings in Synthesis Report" option in "Analysis and Synthesis Settings -> More Settings" to "Off".


+-------------------------------------------------------------------------------+
; altpll Parameter Settings by Entity Instance                                  ;
+-------------------------------+-----------------------------------------------+
; Name                          ; Value                                         ;
+-------------------------------+-----------------------------------------------+
; Number of entity instances    ; 1                                             ;
; Entity Instance               ; pll_50m_to_150m:u_pll|altpll:altpll_component ;
;     -- OPERATION_MODE         ; NORMAL                                        ;
;     -- PLL_TYPE               ; AUTO                                          ;
;     -- PRIMARY_CLOCK          ; INCLK0                                        ;
;     -- INCLK0_INPUT_FREQUENCY ; 20000                                         ;
;     -- INCLK1_INPUT_FREQUENCY ; 0                                             ;
;     -- VCO_MULTIPLY_BY        ; 0                                             ;
;     -- VCO_DIVIDE_BY          ; 0                                             ;
+-------------------------------+-----------------------------------------------+


+---------------------------------------------------------------------------------+
; lpm_mult Parameter Settings by Entity Instance                                  ;
+---------------------------------------+-----------------------------------------+
; Name                                  ; Value                                   ;
+---------------------------------------+-----------------------------------------+
; Number of entity instances            ; 3                                       ;
; Entity Instance                       ; CPLD_pwm_phase:u_phase_a|lpm_mult:Mult0 ;
;     -- LPM_WIDTHA                     ; 17                                      ;
;     -- LPM_WIDTHB                     ; 13                                      ;
;     -- LPM_WIDTHP                     ; 30                                      ;
;     -- LPM_REPRESENTATION             ; SIGNED                                  ;
;     -- INPUT_A_IS_CONSTANT            ; NO                                      ;
;     -- INPUT_B_IS_CONSTANT            ; YES                                     ;
;     -- USE_EAB                        ; OFF                                     ;
;     -- DEDICATED_MULTIPLIER_CIRCUITRY ; AUTO                                    ;
;     -- INPUT_A_FIXED_VALUE            ; Bx                                      ;
;     -- INPUT_B_FIXED_VALUE            ; Bx                                      ;
; Entity Instance                       ; CPLD_pwm_phase:u_phase_b|lpm_mult:Mult0 ;
;     -- LPM_WIDTHA                     ; 17                                      ;
;     -- LPM_WIDTHB                     ; 13                                      ;
;     -- LPM_WIDTHP                     ; 30                                      ;
;     -- LPM_REPRESENTATION             ; SIGNED                                  ;
;     -- INPUT_A_IS_CONSTANT            ; NO                                      ;
;     -- INPUT_B_IS_CONSTANT            ; YES                                     ;
;     -- USE_EAB                        ; OFF                                     ;
;     -- DEDICATED_MULTIPLIER_CIRCUITRY ; AUTO                                    ;
;     -- INPUT_A_FIXED_VALUE            ; Bx                                      ;
;     -- INPUT_B_FIXED_VALUE            ; Bx                                      ;
; Entity Instance                       ; CPLD_pwm_phase:u_phase_c|lpm_mult:Mult0 ;
;     -- LPM_WIDTHA                     ; 17                                      ;
;     -- LPM_WIDTHB                     ; 13                                      ;
;     -- LPM_WIDTHP                     ; 30                                      ;
;     -- LPM_REPRESENTATION             ; SIGNED                                  ;
;     -- INPUT_A_IS_CONSTANT            ; NO                                      ;
;     -- INPUT_B_IS_CONSTANT            ; YES                                     ;
;     -- USE_EAB                        ; OFF                                     ;
;     -- DEDICATED_MULTIPLIER_CIRCUITRY ; AUTO                                    ;
;     -- INPUT_A_FIXED_VALUE            ; Bx                                      ;
;     -- INPUT_B_FIXED_VALUE            ; Bx                                      ;
+---------------------------------------+-----------------------------------------+


+-------------------------------------------------------------------------------------------------------------------+
; Port Connectivity Checks: "CPLD_pwm_carrier:u_carrier"                                                            ;
+---------+--------+----------+-------------------------------------------------------------------------------------+
; Port    ; Type   ; Severity ; Details                                                                             ;
+---------+--------+----------+-------------------------------------------------------------------------------------+
; carrier ; Output ; Info     ; Connected to dangling logic. Logic that only feeds a dangling port will be removed. ;
+---------+--------+----------+-------------------------------------------------------------------------------------+


+-------------------------------+
; Elapsed Time Per Partition    ;
+----------------+--------------+
; Partition Name ; Elapsed Time ;
+----------------+--------------+
; Top            ; 00:00:00     ;
+----------------+--------------+


+-------------------------------+
; Analysis & Synthesis Messages ;
+-------------------------------+
Info: *******************************************************************
Info: Running Quartus II 64-Bit Analysis & Synthesis
    Info: Version 13.0.1 Build 232 06/12/2013 Service Pack 1 SJ Web Edition
    Info: Processing started: Fri Aug 07 11:23:35 2026
Info: Command: quartus_map --read_settings_files=on --write_settings_files=off CPLD_pwm -c CPLD_pwm
Warning (20028): Parallel compilation is not licensed and has been disabled
Info (12021): Found 2 design units, including 1 entities, in source file cpld_pwm.vhd
    Info (12022): Found design unit 1: CPLD_pwm-structural
    Info (12023): Found entity 1: CPLD_pwm
Warning (10335): Unrecognized synthesis attribute "async_reg" at sync_2ff.vhd(46)
Info (12021): Found 2 design units, including 1 entities, in source file sync_2ff.vhd
    Info (12022): Found design unit 1: sync_2ff-rtl
    Info (12023): Found entity 1: sync_2ff
Warning (10335): Unrecognized synthesis attribute "async_reg" at pwm_capture.vhd(70)
Warning (10335): Unrecognized synthesis attribute "async_reg" at pwm_capture.vhd(71)
Info (12021): Found 2 design units, including 1 entities, in source file pwm_capture.vhd
    Info (12022): Found design unit 1: pwm_capture-rtl
    Info (12023): Found entity 1: pwm_capture
Info (12021): Found 2 design units, including 1 entities, in source file pll_20m_to_150m.vhd
    Info (12022): Found design unit 1: pll_20m_to_150m-SYN
    Info (12023): Found entity 1: pll_20m_to_150m
Info (12021): Found 2 design units, including 1 entities, in source file cpld_pwm_carrier.vhd
    Info (12022): Found design unit 1: CPLD_pwm_carrier-rtl
    Info (12023): Found entity 1: CPLD_pwm_carrier
Info (12021): Found 2 design units, including 1 entities, in source file cpld_pwm_phase.vhd
    Info (12022): Found design unit 1: CPLD_pwm_phase-rtl
    Info (12023): Found entity 1: CPLD_pwm_phase
Info (12021): Found 2 design units, including 1 entities, in source file pll_50m_to_150m.vhd
    Info (12022): Found design unit 1: pll_50m_to_150m-SYN
    Info (12023): Found entity 1: pll_50m_to_150m
Info (12127): Elaborating entity "CPLD_pwm" for the top level hierarchy
Warning (10036): Verilog HDL or VHDL warning at CPLD_pwm.vhd(88): object "carrier" assigned a value but never read
Info (12129): Elaborating entity "pll_50m_to_150m" using architecture "A:syn" for hierarchy "pll_50m_to_150m:u_pll"
Info (12128): Elaborating entity "altpll" for hierarchy "pll_50m_to_150m:u_pll|altpll:altpll_component"
Info (12130): Elaborated megafunction instantiation "pll_50m_to_150m:u_pll|altpll:altpll_component"
Info (12133): Instantiated megafunction "pll_50m_to_150m:u_pll|altpll:altpll_component" with the following parameter:
    Info (12134): Parameter "bandwidth_type" = "AUTO"
    Info (12134): Parameter "clk0_divide_by" = "1"
    Info (12134): Parameter "clk0_duty_cycle" = "50"
    Info (12134): Parameter "clk0_multiply_by" = "3"
    Info (12134): Parameter "clk0_phase_shift" = "0"
    Info (12134): Parameter "compensate_clock" = "CLK0"
    Info (12134): Parameter "inclk0_input_frequency" = "20000"
    Info (12134): Parameter "intended_device_family" = "Cyclone IV E"
    Info (12134): Parameter "lpm_hint" = "CBX_MODULE_PREFIX=pll_50m_to_150m"
    Info (12134): Parameter "lpm_type" = "altpll"
    Info (12134): Parameter "operation_mode" = "NORMAL"
    Info (12134): Parameter "pll_type" = "AUTO"
    Info (12134): Parameter "port_activeclock" = "PORT_UNUSED"
    Info (12134): Parameter "port_areset" = "PORT_USED"
    Info (12134): Parameter "port_clkbad0" = "PORT_UNUSED"
    Info (12134): Parameter "port_clkbad1" = "PORT_UNUSED"
    Info (12134): Parameter "port_clkloss" = "PORT_UNUSED"
    Info (12134): Parameter "port_clkswitch" = "PORT_UNUSED"
    Info (12134): Parameter "port_configupdate" = "PORT_UNUSED"
    Info (12134): Parameter "port_fbin" = "PORT_UNUSED"
    Info (12134): Parameter "port_inclk0" = "PORT_USED"
    Info (12134): Parameter "port_inclk1" = "PORT_UNUSED"
    Info (12134): Parameter "port_locked" = "PORT_USED"
    Info (12134): Parameter "port_pfdena" = "PORT_UNUSED"
    Info (12134): Parameter "port_phasecounterselect" = "PORT_UNUSED"
    Info (12134): Parameter "port_phasedone" = "PORT_UNUSED"
    Info (12134): Parameter "port_phasestep" = "PORT_UNUSED"
    Info (12134): Parameter "port_phaseupdown" = "PORT_UNUSED"
    Info (12134): Parameter "port_pllena" = "PORT_UNUSED"
    Info (12134): Parameter "port_scanaclr" = "PORT_UNUSED"
    Info (12134): Parameter "port_scanclk" = "PORT_UNUSED"
    Info (12134): Parameter "port_scanclkena" = "PORT_UNUSED"
    Info (12134): Parameter "port_scandata" = "PORT_UNUSED"
    Info (12134): Parameter "port_scandataout" = "PORT_UNUSED"
    Info (12134): Parameter "port_scandone" = "PORT_UNUSED"
    Info (12134): Parameter "port_scanread" = "PORT_UNUSED"
    Info (12134): Parameter "port_scanwrite" = "PORT_UNUSED"
    Info (12134): Parameter "port_clk0" = "PORT_USED"
    Info (12134): Parameter "port_clk1" = "PORT_UNUSED"
    Info (12134): Parameter "port_clk2" = "PORT_UNUSED"
    Info (12134): Parameter "port_clk3" = "PORT_UNUSED"
    Info (12134): Parameter "port_clk4" = "PORT_UNUSED"
    Info (12134): Parameter "port_clk5" = "PORT_UNUSED"
    Info (12134): Parameter "port_clkena0" = "PORT_UNUSED"
    Info (12134): Parameter "port_clkena1" = "PORT_UNUSED"
    Info (12134): Parameter "port_clkena2" = "PORT_UNUSED"
    Info (12134): Parameter "port_clkena3" = "PORT_UNUSED"
    Info (12134): Parameter "port_clkena4" = "PORT_UNUSED"
    Info (12134): Parameter "port_clkena5" = "PORT_UNUSED"
    Info (12134): Parameter "port_extclk0" = "PORT_UNUSED"
    Info (12134): Parameter "port_extclk1" = "PORT_UNUSED"
    Info (12134): Parameter "port_extclk2" = "PORT_UNUSED"
    Info (12134): Parameter "port_extclk3" = "PORT_UNUSED"
    Info (12134): Parameter "self_reset_on_loss_lock" = "OFF"
    Info (12134): Parameter "width_clock" = "5"
Info (12021): Found 1 design units, including 1 entities, in source file db/pll_50m_to_150m_altpll.v
    Info (12023): Found entity 1: pll_50m_to_150m_altpll
Info (12128): Elaborating entity "pll_50m_to_150m_altpll" for hierarchy "pll_50m_to_150m:u_pll|altpll:altpll_component|pll_50m_to_150m_altpll:auto_generated"
Info (12129): Elaborating entity "sync_2ff" using architecture "A:rtl" for hierarchy "sync_2ff:u_sync_a_h1_0"
Info (12129): Elaborating entity "CPLD_pwm_carrier" using architecture "A:rtl" for hierarchy "CPLD_pwm_carrier:u_carrier"
Info (12129): Elaborating entity "CPLD_pwm_phase" using architecture "A:rtl" for hierarchy "CPLD_pwm_phase:u_phase_a"
Info (12129): Elaborating entity "pwm_capture" using architecture "A:rtl" for hierarchy "pwm_capture:u_pwm_cap"
Info (278001): Inferred 3 megafunctions from design logic
    Info (278003): Inferred multiplier megafunction ("lpm_mult") from the following logic: "CPLD_pwm_phase:u_phase_a|Mult0"
    Info (278003): Inferred multiplier megafunction ("lpm_mult") from the following logic: "CPLD_pwm_phase:u_phase_b|Mult0"
    Info (278003): Inferred multiplier megafunction ("lpm_mult") from the following logic: "CPLD_pwm_phase:u_phase_c|Mult0"
Info (12130): Elaborated megafunction instantiation "CPLD_pwm_phase:u_phase_a|lpm_mult:Mult0"
Info (12133): Instantiated megafunction "CPLD_pwm_phase:u_phase_a|lpm_mult:Mult0" with the following parameter:
    Info (12134): Parameter "LPM_WIDTHA" = "17"
    Info (12134): Parameter "LPM_WIDTHB" = "13"
    Info (12134): Parameter "LPM_WIDTHP" = "30"
    Info (12134): Parameter "LPM_WIDTHR" = "30"
    Info (12134): Parameter "LPM_WIDTHS" = "1"
    Info (12134): Parameter "LPM_REPRESENTATION" = "SIGNED"
    Info (12134): Parameter "INPUT_A_IS_CONSTANT" = "NO"
    Info (12134): Parameter "INPUT_B_IS_CONSTANT" = "YES"
    Info (12134): Parameter "MAXIMIZE_SPEED" = "5"
Info (12021): Found 1 design units, including 1 entities, in source file db/mult_j9t.tdf
    Info (12023): Found entity 1: mult_j9t
Info (13000): Registers with preset signals will power-up high
Info (13003): DEV_CLRn pin will set, and not reset, register with preset signal due to NOT Gate Push-Back
Info (286030): Timing-Driven Synthesis is running
Info (16010): Generating hard_block partition "hard_block:auto_generated_inst"
    Info (16011): Adding 1 node(s), including 0 DDIO, 1 PLL, 0 transceiver and 0 LCELL
Warning (21074): Design contains 12 input pin(s) that do not drive logic
    Warning (15610): No output dependent on input pin "gates_in[12]"
    Warning (15610): No output dependent on input pin "gates_in[13]"
    Warning (15610): No output dependent on input pin "gates_in[14]"
    Warning (15610): No output dependent on input pin "gates_in[15]"
    Warning (15610): No output dependent on input pin "gates_in[16]"
    Warning (15610): No output dependent on input pin "gates_in[17]"
    Warning (15610): No output dependent on input pin "gates_in[18]"
    Warning (15610): No output dependent on input pin "gates_in[19]"
    Warning (15610): No output dependent on input pin "gates_in[20]"
    Warning (15610): No output dependent on input pin "gates_in[21]"
    Warning (15610): No output dependent on input pin "gates_in[22]"
    Warning (15610): No output dependent on input pin "gates_in[23]"
Info (21057): Implemented 586 device resources after synthesis - the final resource count might be different
    Info (21058): Implemented 75 input pins
    Info (21059): Implemented 58 output pins
    Info (21061): Implemented 446 logic cells
    Info (21065): Implemented 1 PLLs
    Info (21062): Implemented 6 DSP elements
Info: Quartus II 64-Bit Analysis & Synthesis was successful. 0 errors, 18 warnings
    Info: Peak virtual memory: 4629 megabytes
    Info: Processing ended: Fri Aug 07 11:23:37 2026
    Info: Elapsed time: 00:00:02
    Info: Total CPU time (on all processors): 00:00:02


