TimeQuest Timing Analyzer report for CPLD_pwm
Fri Aug 07 15:02:33 2026
Quartus II 64-Bit Version 13.0.1 Build 232 06/12/2013 Service Pack 1 SJ Web Edition


---------------------
; Table of Contents ;
---------------------
  1. Legal Notice
  2. TimeQuest Timing Analyzer Summary
  3. Parallel Compilation
  4. SDC File List
  5. Clocks
  6. Slow 1200mV 85C Model Fmax Summary
  7. Timing Closure Recommendations
  8. Slow 1200mV 85C Model Setup Summary
  9. Slow 1200mV 85C Model Hold Summary
 10. Slow 1200mV 85C Model Recovery Summary
 11. Slow 1200mV 85C Model Removal Summary
 12. Slow 1200mV 85C Model Minimum Pulse Width Summary
 13. Slow 1200mV 85C Model Setup: 'u_pll|altpll_component|auto_generated|pll1|clk[0]'
 14. Slow 1200mV 85C Model Hold: 'u_pll|altpll_component|auto_generated|pll1|clk[0]'
 15. Slow 1200mV 85C Model Minimum Pulse Width: 'u_pll|altpll_component|auto_generated|pll1|clk[0]'
 16. Slow 1200mV 85C Model Minimum Pulse Width: 'clk_50m'
 17. Clock to Output Times
 18. Minimum Clock to Output Times
 19. Slow 1200mV 85C Model Metastability Report
 20. Slow 1200mV 0C Model Fmax Summary
 21. Slow 1200mV 0C Model Setup Summary
 22. Slow 1200mV 0C Model Hold Summary
 23. Slow 1200mV 0C Model Recovery Summary
 24. Slow 1200mV 0C Model Removal Summary
 25. Slow 1200mV 0C Model Minimum Pulse Width Summary
 26. Slow 1200mV 0C Model Setup: 'u_pll|altpll_component|auto_generated|pll1|clk[0]'
 27. Slow 1200mV 0C Model Hold: 'u_pll|altpll_component|auto_generated|pll1|clk[0]'
 28. Slow 1200mV 0C Model Minimum Pulse Width: 'u_pll|altpll_component|auto_generated|pll1|clk[0]'
 29. Slow 1200mV 0C Model Minimum Pulse Width: 'clk_50m'
 30. Clock to Output Times
 31. Minimum Clock to Output Times
 32. Slow 1200mV 0C Model Metastability Report
 33. Fast 1200mV 0C Model Setup Summary
 34. Fast 1200mV 0C Model Hold Summary
 35. Fast 1200mV 0C Model Recovery Summary
 36. Fast 1200mV 0C Model Removal Summary
 37. Fast 1200mV 0C Model Minimum Pulse Width Summary
 38. Fast 1200mV 0C Model Setup: 'u_pll|altpll_component|auto_generated|pll1|clk[0]'
 39. Fast 1200mV 0C Model Hold: 'u_pll|altpll_component|auto_generated|pll1|clk[0]'
 40. Fast 1200mV 0C Model Minimum Pulse Width: 'u_pll|altpll_component|auto_generated|pll1|clk[0]'
 41. Fast 1200mV 0C Model Minimum Pulse Width: 'clk_50m'
 42. Clock to Output Times
 43. Minimum Clock to Output Times
 44. Fast 1200mV 0C Model Metastability Report
 45. Multicorner Timing Analysis Summary
 46. Clock to Output Times
 47. Minimum Clock to Output Times
 48. Board Trace Model Assignments
 49. Input Transition Times
 50. Signal Integrity Metrics (Slow 1200mv 0c Model)
 51. Signal Integrity Metrics (Slow 1200mv 85c Model)
 52. Signal Integrity Metrics (Fast 1200mv 0c Model)
 53. Setup Transfers
 54. Hold Transfers
 55. Report TCCS
 56. Report RSKM
 57. Unconstrained Paths
 58. TimeQuest Timing Analyzer Messages



----------------
; Legal Notice ;
----------------
Copyright (C) 1991-2013 Altera Corporation
Your use of Altera Corporation's design tools, logic functions 
and other software and tools, and its AMPP partner logic 
functions, and any output files from any of the foregoing 
(including device programming or simulation files), and any 
associated documentation or information are expressly subject 
to the terms and conditions of the Altera Program License 
Subscription Agreement, Altera MegaCore Function License 
Agreement, or other applicable license agreement, including, 
without limitation, that your use is for the sole purpose of 
programming logic devices manufactured by Altera and sold by 
Altera or its authorized distributors.  Please refer to the 
applicable agreement for further details.



+----------------------------------------------------------------------------------------+
; TimeQuest Timing Analyzer Summary                                                      ;
+--------------------+-------------------------------------------------------------------+
; Quartus II Version ; Version 13.0.1 Build 232 06/12/2013 Service Pack 1 SJ Web Edition ;
; Revision Name      ; CPLD_pwm                                                          ;
; Device Family      ; Cyclone IV E                                                      ;
; Device Name        ; EP4CE10F17C8                                                      ;
; Timing Models      ; Final                                                             ;
; Delay Model        ; Combined                                                          ;
; Rise/Fall Delays   ; Enabled                                                           ;
+--------------------+-------------------------------------------------------------------+


Parallel compilation was disabled, but you have multiple processors available. Enable parallel compilation to reduce compilation time.
+-------------------------------------+
; Parallel Compilation                ;
+----------------------------+--------+
; Processors                 ; Number ;
+----------------------------+--------+
; Number detected on machine ; 16     ;
; Maximum allowed            ; 1      ;
+----------------------------+--------+


+---------------------------------------------------+
; SDC File List                                     ;
+---------------+--------+--------------------------+
; SDC File Path ; Status ; Read at                  ;
+---------------+--------+--------------------------+
; CPLD_pwm.sdc  ; OK     ; Fri Aug 07 15:02:32 2026 ;
+---------------+--------+--------------------------+


+--------------------------------------------------------------------------------------------------------------------------------------------------------------------------------------------------------------------------------------------------------------------------------------------------------------------------+
; Clocks                                                                                                                                                                                                                                                                                                                   ;
+---------------------------------------------------+-----------+--------+------------+-------+--------+------------+-----------+-------------+-------+--------+-----------+------------+----------+---------+-----------------------------------------------------+-------------------------------------------------------+
; Clock Name                                        ; Type      ; Period ; Frequency  ; Rise  ; Fall   ; Duty Cycle ; Divide by ; Multiply by ; Phase ; Offset ; Edge List ; Edge Shift ; Inverted ; Master  ; Source                                              ; Targets                                               ;
+---------------------------------------------------+-----------+--------+------------+-------+--------+------------+-----------+-------------+-------+--------+-----------+------------+----------+---------+-----------------------------------------------------+-------------------------------------------------------+
; clk_50m                                           ; Base      ; 20.000 ; 50.0 MHz   ; 0.000 ; 10.000 ;            ;           ;             ;       ;        ;           ;            ;          ;         ;                                                     ; { clk_50m }                                           ;
; u_pll|altpll_component|auto_generated|pll1|clk[0] ; Generated ; 6.666  ; 150.02 MHz ; 0.000 ; 3.333  ; 50.00      ; 1         ; 3           ;       ;        ;           ;            ; false    ; clk_50m ; u_pll|altpll_component|auto_generated|pll1|inclk[0] ; { u_pll|altpll_component|auto_generated|pll1|clk[0] } ;
+---------------------------------------------------+-----------+--------+------------+-------+--------+------------+-----------+-------------+-------+--------+-----------+------------+----------+---------+-----------------------------------------------------+-------------------------------------------------------+


+-----------------------------------------------------------------------------------------+
; Slow 1200mV 85C Model Fmax Summary                                                      ;
+------------+-----------------+---------------------------------------------------+------+
; Fmax       ; Restricted Fmax ; Clock Name                                        ; Note ;
+------------+-----------------+---------------------------------------------------+------+
; 207.73 MHz ; 207.73 MHz      ; u_pll|altpll_component|auto_generated|pll1|clk[0] ;      ;
+------------+-----------------+---------------------------------------------------+------+
This panel reports FMAX for every clock in the design, regardless of the user-specified clock periods.  FMAX is only computed for paths where the source and destination registers or ports are driven by the same clock.  Paths of different clocks, including generated clocks, are ignored.  For paths between a clock and its inversion, FMAX is computed as if the rising and falling edges are scaled along with FMAX, such that the duty cycle (in terms of a percentage) is maintained. Altera recommends that you always use clock constraints and other slack reports for sign-off analysis.


----------------------------------
; Timing Closure Recommendations ;
----------------------------------
HTML report is unavailable in plain text report export.


+---------------------------------------------------------------------------+
; Slow 1200mV 85C Model Setup Summary                                       ;
+---------------------------------------------------+-------+---------------+
; Clock                                             ; Slack ; End Point TNS ;
+---------------------------------------------------+-------+---------------+
; u_pll|altpll_component|auto_generated|pll1|clk[0] ; 1.852 ; 0.000         ;
+---------------------------------------------------+-------+---------------+


+---------------------------------------------------------------------------+
; Slow 1200mV 85C Model Hold Summary                                        ;
+---------------------------------------------------+-------+---------------+
; Clock                                             ; Slack ; End Point TNS ;
+---------------------------------------------------+-------+---------------+
; u_pll|altpll_component|auto_generated|pll1|clk[0] ; 0.454 ; 0.000         ;
+---------------------------------------------------+-------+---------------+


------------------------------------------
; Slow 1200mV 85C Model Recovery Summary ;
------------------------------------------
No paths to report.


-----------------------------------------
; Slow 1200mV 85C Model Removal Summary ;
-----------------------------------------
No paths to report.


+---------------------------------------------------------------------------+
; Slow 1200mV 85C Model Minimum Pulse Width Summary                         ;
+---------------------------------------------------+-------+---------------+
; Clock                                             ; Slack ; End Point TNS ;
+---------------------------------------------------+-------+---------------+
; u_pll|altpll_component|auto_generated|pll1|clk[0] ; 3.050 ; 0.000         ;
; clk_50m                                           ; 9.858 ; 0.000         ;
+---------------------------------------------------+-------+---------------+


+--------------------------------------------------------------------------------------------------------------------------------------------------------------------------------------------------------------------------------------+
; Slow 1200mV 85C Model Setup: 'u_pll|altpll_component|auto_generated|pll1|clk[0]'                                                                                                                                                     ;
+-------+--------------------------------------+--------------------------------------+---------------------------------------------------+---------------------------------------------------+--------------+------------+------------+
; Slack ; From Node                            ; To Node                              ; Launch Clock                                      ; Latch Clock                                       ; Relationship ; Clock Skew ; Data Delay ;
+-------+--------------------------------------+--------------------------------------+---------------------------------------------------+---------------------------------------------------+--------------+------------+------------+
; 1.852 ; CPLD_pwm_carrier:u_carrier|count[0]  ; CPLD_pwm_phase:u_phase_b|h2_gates[2] ; u_pll|altpll_component|auto_generated|pll1|clk[0] ; u_pll|altpll_component|auto_generated|pll1|clk[0] ; 6.666        ; -0.080     ; 4.735      ;
; 1.853 ; CPLD_pwm_carrier:u_carrier|count[0]  ; CPLD_pwm_phase:u_phase_a|h2_gates[2] ; u_pll|altpll_component|auto_generated|pll1|clk[0] ; u_pll|altpll_component|auto_generated|pll1|clk[0] ; 6.666        ; -0.080     ; 4.734      ;
; 1.854 ; CPLD_pwm_carrier:u_carrier|count[0]  ; CPLD_pwm_phase:u_phase_c|h2_gates[2] ; u_pll|altpll_component|auto_generated|pll1|clk[0] ; u_pll|altpll_component|auto_generated|pll1|clk[0] ; 6.666        ; -0.080     ; 4.733      ;
; 1.920 ; CPLD_pwm_carrier:u_carrier|count[1]  ; CPLD_pwm_phase:u_phase_b|h2_gates[2] ; u_pll|altpll_component|auto_generated|pll1|clk[0] ; u_pll|altpll_component|auto_generated|pll1|clk[0] ; 6.666        ; -0.079     ; 4.668      ;
; 1.921 ; CPLD_pwm_carrier:u_carrier|count[1]  ; CPLD_pwm_phase:u_phase_a|h2_gates[2] ; u_pll|altpll_component|auto_generated|pll1|clk[0] ; u_pll|altpll_component|auto_generated|pll1|clk[0] ; 6.666        ; -0.079     ; 4.667      ;
; 1.922 ; CPLD_pwm_carrier:u_carrier|count[1]  ; CPLD_pwm_phase:u_phase_c|h2_gates[2] ; u_pll|altpll_component|auto_generated|pll1|clk[0] ; u_pll|altpll_component|auto_generated|pll1|clk[0] ; 6.666        ; -0.079     ; 4.666      ;
; 1.926 ; CPLD_pwm_carrier:u_carrier|count[0]  ; CPLD_pwm_phase:u_phase_c|h2_gates[3] ; u_pll|altpll_component|auto_generated|pll1|clk[0] ; u_pll|altpll_component|auto_generated|pll1|clk[0] ; 6.666        ; -0.080     ; 4.661      ;
; 1.965 ; CPLD_pwm_carrier:u_carrier|count[4]  ; CPLD_pwm_phase:u_phase_b|h2_gates[2] ; u_pll|altpll_component|auto_generated|pll1|clk[0] ; u_pll|altpll_component|auto_generated|pll1|clk[0] ; 6.666        ; -0.080     ; 4.622      ;
; 1.966 ; CPLD_pwm_carrier:u_carrier|count[4]  ; CPLD_pwm_phase:u_phase_a|h2_gates[2] ; u_pll|altpll_component|auto_generated|pll1|clk[0] ; u_pll|altpll_component|auto_generated|pll1|clk[0] ; 6.666        ; -0.080     ; 4.621      ;
; 1.967 ; CPLD_pwm_carrier:u_carrier|count[4]  ; CPLD_pwm_phase:u_phase_c|h2_gates[2] ; u_pll|altpll_component|auto_generated|pll1|clk[0] ; u_pll|altpll_component|auto_generated|pll1|clk[0] ; 6.666        ; -0.080     ; 4.620      ;
; 1.994 ; CPLD_pwm_carrier:u_carrier|count[1]  ; CPLD_pwm_phase:u_phase_c|h2_gates[3] ; u_pll|altpll_component|auto_generated|pll1|clk[0] ; u_pll|altpll_component|auto_generated|pll1|clk[0] ; 6.666        ; -0.079     ; 4.594      ;
; 2.011 ; CPLD_pwm_carrier:u_carrier|count[3]  ; CPLD_pwm_phase:u_phase_b|h2_gates[2] ; u_pll|altpll_component|auto_generated|pll1|clk[0] ; u_pll|altpll_component|auto_generated|pll1|clk[0] ; 6.666        ; -0.080     ; 4.576      ;
; 2.012 ; CPLD_pwm_carrier:u_carrier|count[3]  ; CPLD_pwm_phase:u_phase_a|h2_gates[2] ; u_pll|altpll_component|auto_generated|pll1|clk[0] ; u_pll|altpll_component|auto_generated|pll1|clk[0] ; 6.666        ; -0.080     ; 4.575      ;
; 2.013 ; CPLD_pwm_carrier:u_carrier|count[3]  ; CPLD_pwm_phase:u_phase_c|h2_gates[2] ; u_pll|altpll_component|auto_generated|pll1|clk[0] ; u_pll|altpll_component|auto_generated|pll1|clk[0] ; 6.666        ; -0.080     ; 4.574      ;
; 2.039 ; CPLD_pwm_carrier:u_carrier|count[4]  ; CPLD_pwm_phase:u_phase_c|h2_gates[3] ; u_pll|altpll_component|auto_generated|pll1|clk[0] ; u_pll|altpll_component|auto_generated|pll1|clk[0] ; 6.666        ; -0.080     ; 4.548      ;
; 2.085 ; CPLD_pwm_carrier:u_carrier|count[3]  ; CPLD_pwm_phase:u_phase_c|h2_gates[3] ; u_pll|altpll_component|auto_generated|pll1|clk[0] ; u_pll|altpll_component|auto_generated|pll1|clk[0] ; 6.666        ; -0.080     ; 4.502      ;
; 2.100 ; CPLD_pwm_carrier:u_carrier|count[0]  ; CPLD_pwm_phase:u_phase_b|h2_gates[3] ; u_pll|altpll_component|auto_generated|pll1|clk[0] ; u_pll|altpll_component|auto_generated|pll1|clk[0] ; 6.666        ; -0.080     ; 4.487      ;
; 2.164 ; CPLD_pwm_carrier:u_carrier|count[1]  ; CPLD_pwm_phase:u_phase_b|h2_gates[3] ; u_pll|altpll_component|auto_generated|pll1|clk[0] ; u_pll|altpll_component|auto_generated|pll1|clk[0] ; 6.666        ; -0.079     ; 4.424      ;
; 2.174 ; CPLD_pwm_carrier:u_carrier|count[1]  ; CPLD_pwm_phase:u_phase_a|h2_gates[3] ; u_pll|altpll_component|auto_generated|pll1|clk[0] ; u_pll|altpll_component|auto_generated|pll1|clk[0] ; 6.666        ; -0.079     ; 4.414      ;
; 2.213 ; CPLD_pwm_carrier:u_carrier|count[4]  ; CPLD_pwm_phase:u_phase_b|h2_gates[3] ; u_pll|altpll_component|auto_generated|pll1|clk[0] ; u_pll|altpll_component|auto_generated|pll1|clk[0] ; 6.666        ; -0.080     ; 4.374      ;
; 2.217 ; CPLD_pwm_carrier:u_carrier|count[5]  ; CPLD_pwm_phase:u_phase_b|h2_gates[2] ; u_pll|altpll_component|auto_generated|pll1|clk[0] ; u_pll|altpll_component|auto_generated|pll1|clk[0] ; 6.666        ; -0.079     ; 4.371      ;
; 2.218 ; CPLD_pwm_carrier:u_carrier|count[5]  ; CPLD_pwm_phase:u_phase_a|h2_gates[2] ; u_pll|altpll_component|auto_generated|pll1|clk[0] ; u_pll|altpll_component|auto_generated|pll1|clk[0] ; 6.666        ; -0.079     ; 4.370      ;
; 2.219 ; CPLD_pwm_carrier:u_carrier|count[5]  ; CPLD_pwm_phase:u_phase_c|h2_gates[2] ; u_pll|altpll_component|auto_generated|pll1|clk[0] ; u_pll|altpll_component|auto_generated|pll1|clk[0] ; 6.666        ; -0.079     ; 4.369      ;
; 2.222 ; CPLD_pwm_carrier:u_carrier|count[2]  ; CPLD_pwm_phase:u_phase_b|h2_gates[2] ; u_pll|altpll_component|auto_generated|pll1|clk[0] ; u_pll|altpll_component|auto_generated|pll1|clk[0] ; 6.666        ; -0.081     ; 4.364      ;
; 2.223 ; CPLD_pwm_carrier:u_carrier|count[2]  ; CPLD_pwm_phase:u_phase_a|h2_gates[2] ; u_pll|altpll_component|auto_generated|pll1|clk[0] ; u_pll|altpll_component|auto_generated|pll1|clk[0] ; 6.666        ; -0.081     ; 4.363      ;
; 2.224 ; CPLD_pwm_carrier:u_carrier|count[2]  ; CPLD_pwm_phase:u_phase_c|h2_gates[2] ; u_pll|altpll_component|auto_generated|pll1|clk[0] ; u_pll|altpll_component|auto_generated|pll1|clk[0] ; 6.666        ; -0.081     ; 4.362      ;
; 2.226 ; CPLD_pwm_carrier:u_carrier|count[8]  ; CPLD_pwm_phase:u_phase_b|h2_gates[2] ; u_pll|altpll_component|auto_generated|pll1|clk[0] ; u_pll|altpll_component|auto_generated|pll1|clk[0] ; 6.666        ; -0.080     ; 4.361      ;
; 2.227 ; CPLD_pwm_carrier:u_carrier|count[8]  ; CPLD_pwm_phase:u_phase_a|h2_gates[2] ; u_pll|altpll_component|auto_generated|pll1|clk[0] ; u_pll|altpll_component|auto_generated|pll1|clk[0] ; 6.666        ; -0.080     ; 4.360      ;
; 2.228 ; CPLD_pwm_carrier:u_carrier|count[8]  ; CPLD_pwm_phase:u_phase_c|h2_gates[2] ; u_pll|altpll_component|auto_generated|pll1|clk[0] ; u_pll|altpll_component|auto_generated|pll1|clk[0] ; 6.666        ; -0.080     ; 4.359      ;
; 2.233 ; CPLD_pwm_carrier:u_carrier|count[11] ; CPLD_pwm_carrier:u_carrier|dir       ; u_pll|altpll_component|auto_generated|pll1|clk[0] ; u_pll|altpll_component|auto_generated|pll1|clk[0] ; 6.666        ; -0.082     ; 4.352      ;
; 2.242 ; CPLD_pwm_carrier:u_carrier|count[0]  ; CPLD_pwm_phase:u_phase_a|h2_gates[3] ; u_pll|altpll_component|auto_generated|pll1|clk[0] ; u_pll|altpll_component|auto_generated|pll1|clk[0] ; 6.666        ; -0.080     ; 4.345      ;
; 2.249 ; CPLD_pwm_carrier:u_carrier|count[3]  ; CPLD_pwm_phase:u_phase_b|h2_gates[3] ; u_pll|altpll_component|auto_generated|pll1|clk[0] ; u_pll|altpll_component|auto_generated|pll1|clk[0] ; 6.666        ; -0.080     ; 4.338      ;
; 2.259 ; CPLD_pwm_carrier:u_carrier|count[3]  ; CPLD_pwm_phase:u_phase_a|h2_gates[3] ; u_pll|altpll_component|auto_generated|pll1|clk[0] ; u_pll|altpll_component|auto_generated|pll1|clk[0] ; 6.666        ; -0.080     ; 4.328      ;
; 2.291 ; CPLD_pwm_carrier:u_carrier|count[5]  ; CPLD_pwm_phase:u_phase_c|h2_gates[3] ; u_pll|altpll_component|auto_generated|pll1|clk[0] ; u_pll|altpll_component|auto_generated|pll1|clk[0] ; 6.666        ; -0.079     ; 4.297      ;
; 2.296 ; CPLD_pwm_carrier:u_carrier|count[2]  ; CPLD_pwm_phase:u_phase_c|h2_gates[3] ; u_pll|altpll_component|auto_generated|pll1|clk[0] ; u_pll|altpll_component|auto_generated|pll1|clk[0] ; 6.666        ; -0.081     ; 4.290      ;
; 2.300 ; CPLD_pwm_carrier:u_carrier|count[8]  ; CPLD_pwm_phase:u_phase_c|h2_gates[3] ; u_pll|altpll_component|auto_generated|pll1|clk[0] ; u_pll|altpll_component|auto_generated|pll1|clk[0] ; 6.666        ; -0.080     ; 4.287      ;
; 2.326 ; CPLD_pwm_carrier:u_carrier|count[6]  ; CPLD_pwm_phase:u_phase_b|h2_gates[2] ; u_pll|altpll_component|auto_generated|pll1|clk[0] ; u_pll|altpll_component|auto_generated|pll1|clk[0] ; 6.666        ; -0.080     ; 4.261      ;
; 2.327 ; CPLD_pwm_carrier:u_carrier|count[6]  ; CPLD_pwm_phase:u_phase_a|h2_gates[2] ; u_pll|altpll_component|auto_generated|pll1|clk[0] ; u_pll|altpll_component|auto_generated|pll1|clk[0] ; 6.666        ; -0.080     ; 4.260      ;
; 2.328 ; CPLD_pwm_carrier:u_carrier|count[6]  ; CPLD_pwm_phase:u_phase_c|h2_gates[2] ; u_pll|altpll_component|auto_generated|pll1|clk[0] ; u_pll|altpll_component|auto_generated|pll1|clk[0] ; 6.666        ; -0.080     ; 4.259      ;
; 2.355 ; CPLD_pwm_carrier:u_carrier|count[4]  ; CPLD_pwm_phase:u_phase_a|h2_gates[3] ; u_pll|altpll_component|auto_generated|pll1|clk[0] ; u_pll|altpll_component|auto_generated|pll1|clk[0] ; 6.666        ; -0.080     ; 4.232      ;
; 2.362 ; CPLD_pwm_carrier:u_carrier|count[7]  ; CPLD_pwm_phase:u_phase_b|h2_gates[2] ; u_pll|altpll_component|auto_generated|pll1|clk[0] ; u_pll|altpll_component|auto_generated|pll1|clk[0] ; 6.666        ; -0.079     ; 4.226      ;
; 2.363 ; CPLD_pwm_carrier:u_carrier|count[7]  ; CPLD_pwm_phase:u_phase_a|h2_gates[2] ; u_pll|altpll_component|auto_generated|pll1|clk[0] ; u_pll|altpll_component|auto_generated|pll1|clk[0] ; 6.666        ; -0.079     ; 4.225      ;
; 2.364 ; CPLD_pwm_carrier:u_carrier|count[7]  ; CPLD_pwm_phase:u_phase_c|h2_gates[2] ; u_pll|altpll_component|auto_generated|pll1|clk[0] ; u_pll|altpll_component|auto_generated|pll1|clk[0] ; 6.666        ; -0.079     ; 4.224      ;
; 2.400 ; CPLD_pwm_carrier:u_carrier|count[6]  ; CPLD_pwm_phase:u_phase_c|h2_gates[3] ; u_pll|altpll_component|auto_generated|pll1|clk[0] ; u_pll|altpll_component|auto_generated|pll1|clk[0] ; 6.666        ; -0.080     ; 4.187      ;
; 2.431 ; CPLD_pwm_carrier:u_carrier|count[11] ; CPLD_pwm_carrier:u_carrier|count[1]  ; u_pll|altpll_component|auto_generated|pll1|clk[0] ; u_pll|altpll_component|auto_generated|pll1|clk[0] ; 6.666        ; -0.082     ; 4.154      ;
; 2.436 ; CPLD_pwm_carrier:u_carrier|count[7]  ; CPLD_pwm_phase:u_phase_c|h2_gates[3] ; u_pll|altpll_component|auto_generated|pll1|clk[0] ; u_pll|altpll_component|auto_generated|pll1|clk[0] ; 6.666        ; -0.079     ; 4.152      ;
; 2.455 ; CPLD_pwm_carrier:u_carrier|count[5]  ; CPLD_pwm_phase:u_phase_b|h2_gates[3] ; u_pll|altpll_component|auto_generated|pll1|clk[0] ; u_pll|altpll_component|auto_generated|pll1|clk[0] ; 6.666        ; -0.079     ; 4.133      ;
; 2.457 ; CPLD_pwm_carrier:u_carrier|count[9]  ; CPLD_pwm_phase:u_phase_b|h2_gates[2] ; u_pll|altpll_component|auto_generated|pll1|clk[0] ; u_pll|altpll_component|auto_generated|pll1|clk[0] ; 6.666        ; -0.080     ; 4.130      ;
; 2.458 ; CPLD_pwm_carrier:u_carrier|count[9]  ; CPLD_pwm_phase:u_phase_a|h2_gates[2] ; u_pll|altpll_component|auto_generated|pll1|clk[0] ; u_pll|altpll_component|auto_generated|pll1|clk[0] ; 6.666        ; -0.080     ; 4.129      ;
; 2.459 ; CPLD_pwm_carrier:u_carrier|count[9]  ; CPLD_pwm_phase:u_phase_c|h2_gates[2] ; u_pll|altpll_component|auto_generated|pll1|clk[0] ; u_pll|altpll_component|auto_generated|pll1|clk[0] ; 6.666        ; -0.080     ; 4.128      ;
; 2.465 ; CPLD_pwm_carrier:u_carrier|count[5]  ; CPLD_pwm_phase:u_phase_a|h2_gates[3] ; u_pll|altpll_component|auto_generated|pll1|clk[0] ; u_pll|altpll_component|auto_generated|pll1|clk[0] ; 6.666        ; -0.079     ; 4.123      ;
; 2.470 ; CPLD_pwm_carrier:u_carrier|count[2]  ; CPLD_pwm_phase:u_phase_b|h2_gates[3] ; u_pll|altpll_component|auto_generated|pll1|clk[0] ; u_pll|altpll_component|auto_generated|pll1|clk[0] ; 6.666        ; -0.081     ; 4.116      ;
; 2.472 ; deadtime_gen:u_dt_h1a_legA|cnt_n[7]  ; deadtime_gen:u_dt_h1a_legA|cnt_n[0]  ; u_pll|altpll_component|auto_generated|pll1|clk[0] ; u_pll|altpll_component|auto_generated|pll1|clk[0] ; 6.666        ; -0.082     ; 4.113      ;
; 2.472 ; deadtime_gen:u_dt_h1a_legA|cnt_n[7]  ; deadtime_gen:u_dt_h1a_legA|cnt_n[1]  ; u_pll|altpll_component|auto_generated|pll1|clk[0] ; u_pll|altpll_component|auto_generated|pll1|clk[0] ; 6.666        ; -0.082     ; 4.113      ;
; 2.472 ; deadtime_gen:u_dt_h1a_legA|cnt_n[7]  ; deadtime_gen:u_dt_h1a_legA|cnt_n[2]  ; u_pll|altpll_component|auto_generated|pll1|clk[0] ; u_pll|altpll_component|auto_generated|pll1|clk[0] ; 6.666        ; -0.082     ; 4.113      ;
; 2.472 ; deadtime_gen:u_dt_h1a_legA|cnt_n[7]  ; deadtime_gen:u_dt_h1a_legA|cnt_n[3]  ; u_pll|altpll_component|auto_generated|pll1|clk[0] ; u_pll|altpll_component|auto_generated|pll1|clk[0] ; 6.666        ; -0.082     ; 4.113      ;
; 2.472 ; deadtime_gen:u_dt_h1a_legA|cnt_n[7]  ; deadtime_gen:u_dt_h1a_legA|cnt_n[4]  ; u_pll|altpll_component|auto_generated|pll1|clk[0] ; u_pll|altpll_component|auto_generated|pll1|clk[0] ; 6.666        ; -0.082     ; 4.113      ;
; 2.472 ; deadtime_gen:u_dt_h1a_legA|cnt_n[7]  ; deadtime_gen:u_dt_h1a_legA|cnt_n[5]  ; u_pll|altpll_component|auto_generated|pll1|clk[0] ; u_pll|altpll_component|auto_generated|pll1|clk[0] ; 6.666        ; -0.082     ; 4.113      ;
; 2.472 ; deadtime_gen:u_dt_h1a_legA|cnt_n[7]  ; deadtime_gen:u_dt_h1a_legA|cnt_n[6]  ; u_pll|altpll_component|auto_generated|pll1|clk[0] ; u_pll|altpll_component|auto_generated|pll1|clk[0] ; 6.666        ; -0.082     ; 4.113      ;
; 2.472 ; deadtime_gen:u_dt_h1a_legA|cnt_n[7]  ; deadtime_gen:u_dt_h1a_legA|cnt_n[7]  ; u_pll|altpll_component|auto_generated|pll1|clk[0] ; u_pll|altpll_component|auto_generated|pll1|clk[0] ; 6.666        ; -0.082     ; 4.113      ;
; 2.474 ; CPLD_pwm_carrier:u_carrier|count[8]  ; CPLD_pwm_phase:u_phase_b|h2_gates[3] ; u_pll|altpll_component|auto_generated|pll1|clk[0] ; u_pll|altpll_component|auto_generated|pll1|clk[0] ; 6.666        ; -0.080     ; 4.113      ;
; 2.574 ; CPLD_pwm_carrier:u_carrier|count[6]  ; CPLD_pwm_phase:u_phase_b|h2_gates[3] ; u_pll|altpll_component|auto_generated|pll1|clk[0] ; u_pll|altpll_component|auto_generated|pll1|clk[0] ; 6.666        ; -0.080     ; 4.013      ;
; 2.600 ; CPLD_pwm_carrier:u_carrier|count[10] ; CPLD_pwm_phase:u_phase_b|h2_gates[2] ; u_pll|altpll_component|auto_generated|pll1|clk[0] ; u_pll|altpll_component|auto_generated|pll1|clk[0] ; 6.666        ; -0.080     ; 3.987      ;
; 2.601 ; CPLD_pwm_carrier:u_carrier|count[10] ; CPLD_pwm_phase:u_phase_a|h2_gates[2] ; u_pll|altpll_component|auto_generated|pll1|clk[0] ; u_pll|altpll_component|auto_generated|pll1|clk[0] ; 6.666        ; -0.080     ; 3.986      ;
; 2.602 ; CPLD_pwm_carrier:u_carrier|count[10] ; CPLD_pwm_phase:u_phase_c|h2_gates[2] ; u_pll|altpll_component|auto_generated|pll1|clk[0] ; u_pll|altpll_component|auto_generated|pll1|clk[0] ; 6.666        ; -0.080     ; 3.985      ;
; 2.610 ; CPLD_pwm_carrier:u_carrier|count[7]  ; CPLD_pwm_phase:u_phase_b|h2_gates[3] ; u_pll|altpll_component|auto_generated|pll1|clk[0] ; u_pll|altpll_component|auto_generated|pll1|clk[0] ; 6.666        ; -0.079     ; 3.978      ;
; 2.612 ; CPLD_pwm_carrier:u_carrier|count[2]  ; CPLD_pwm_phase:u_phase_a|h2_gates[3] ; u_pll|altpll_component|auto_generated|pll1|clk[0] ; u_pll|altpll_component|auto_generated|pll1|clk[0] ; 6.666        ; -0.081     ; 3.974      ;
; 2.616 ; CPLD_pwm_carrier:u_carrier|count[8]  ; CPLD_pwm_phase:u_phase_a|h2_gates[3] ; u_pll|altpll_component|auto_generated|pll1|clk[0] ; u_pll|altpll_component|auto_generated|pll1|clk[0] ; 6.666        ; -0.080     ; 3.971      ;
; 2.622 ; CPLD_pwm_carrier:u_carrier|count[7]  ; CPLD_pwm_phase:u_phase_a|h2_gates[3] ; u_pll|altpll_component|auto_generated|pll1|clk[0] ; u_pll|altpll_component|auto_generated|pll1|clk[0] ; 6.666        ; -0.079     ; 3.966      ;
; 2.634 ; CPLD_pwm_carrier:u_carrier|count[11] ; CPLD_pwm_carrier:u_carrier|count[2]  ; u_pll|altpll_component|auto_generated|pll1|clk[0] ; u_pll|altpll_component|auto_generated|pll1|clk[0] ; 6.666        ; -0.081     ; 3.952      ;
; 2.648 ; CPLD_pwm_carrier:u_carrier|count[1]  ; CPLD_pwm_carrier:u_carrier|count[10] ; u_pll|altpll_component|auto_generated|pll1|clk[0] ; u_pll|altpll_component|auto_generated|pll1|clk[0] ; 6.666        ; -0.080     ; 3.939      ;
; 2.657 ; deadtime_gen:u_dt_h1b_legB|cnt_n[7]  ; deadtime_gen:u_dt_h1b_legB|cnt_n[0]  ; u_pll|altpll_component|auto_generated|pll1|clk[0] ; u_pll|altpll_component|auto_generated|pll1|clk[0] ; 6.666        ; -0.082     ; 3.928      ;
; 2.657 ; deadtime_gen:u_dt_h1b_legB|cnt_n[7]  ; deadtime_gen:u_dt_h1b_legB|cnt_n[1]  ; u_pll|altpll_component|auto_generated|pll1|clk[0] ; u_pll|altpll_component|auto_generated|pll1|clk[0] ; 6.666        ; -0.082     ; 3.928      ;
; 2.657 ; deadtime_gen:u_dt_h1b_legB|cnt_n[7]  ; deadtime_gen:u_dt_h1b_legB|cnt_n[2]  ; u_pll|altpll_component|auto_generated|pll1|clk[0] ; u_pll|altpll_component|auto_generated|pll1|clk[0] ; 6.666        ; -0.082     ; 3.928      ;
; 2.657 ; deadtime_gen:u_dt_h1b_legB|cnt_n[7]  ; deadtime_gen:u_dt_h1b_legB|cnt_n[3]  ; u_pll|altpll_component|auto_generated|pll1|clk[0] ; u_pll|altpll_component|auto_generated|pll1|clk[0] ; 6.666        ; -0.082     ; 3.928      ;
; 2.657 ; deadtime_gen:u_dt_h1b_legB|cnt_n[7]  ; deadtime_gen:u_dt_h1b_legB|cnt_n[4]  ; u_pll|altpll_component|auto_generated|pll1|clk[0] ; u_pll|altpll_component|auto_generated|pll1|clk[0] ; 6.666        ; -0.082     ; 3.928      ;
; 2.657 ; deadtime_gen:u_dt_h1b_legB|cnt_n[7]  ; deadtime_gen:u_dt_h1b_legB|cnt_n[5]  ; u_pll|altpll_component|auto_generated|pll1|clk[0] ; u_pll|altpll_component|auto_generated|pll1|clk[0] ; 6.666        ; -0.082     ; 3.928      ;
; 2.657 ; deadtime_gen:u_dt_h1b_legB|cnt_n[7]  ; deadtime_gen:u_dt_h1b_legB|cnt_n[6]  ; u_pll|altpll_component|auto_generated|pll1|clk[0] ; u_pll|altpll_component|auto_generated|pll1|clk[0] ; 6.666        ; -0.082     ; 3.928      ;
; 2.657 ; deadtime_gen:u_dt_h1b_legB|cnt_n[7]  ; deadtime_gen:u_dt_h1b_legB|cnt_n[7]  ; u_pll|altpll_component|auto_generated|pll1|clk[0] ; u_pll|altpll_component|auto_generated|pll1|clk[0] ; 6.666        ; -0.082     ; 3.928      ;
; 2.678 ; CPLD_pwm_carrier:u_carrier|count[1]  ; CPLD_pwm_carrier:u_carrier|count[11] ; u_pll|altpll_component|auto_generated|pll1|clk[0] ; u_pll|altpll_component|auto_generated|pll1|clk[0] ; 6.666        ; -0.081     ; 3.908      ;
; 2.693 ; CPLD_pwm_carrier:u_carrier|count[9]  ; CPLD_pwm_phase:u_phase_c|h2_gates[3] ; u_pll|altpll_component|auto_generated|pll1|clk[0] ; u_pll|altpll_component|auto_generated|pll1|clk[0] ; 6.666        ; -0.080     ; 3.894      ;
; 2.695 ; CPLD_pwm_carrier:u_carrier|count[9]  ; CPLD_pwm_phase:u_phase_b|h2_gates[3] ; u_pll|altpll_component|auto_generated|pll1|clk[0] ; u_pll|altpll_component|auto_generated|pll1|clk[0] ; 6.666        ; -0.080     ; 3.892      ;
; 2.705 ; CPLD_pwm_carrier:u_carrier|count[9]  ; CPLD_pwm_phase:u_phase_a|h2_gates[3] ; u_pll|altpll_component|auto_generated|pll1|clk[0] ; u_pll|altpll_component|auto_generated|pll1|clk[0] ; 6.666        ; -0.080     ; 3.882      ;
; 2.713 ; CPLD_pwm_carrier:u_carrier|count[11] ; CPLD_pwm_carrier:u_carrier|count[6]  ; u_pll|altpll_component|auto_generated|pll1|clk[0] ; u_pll|altpll_component|auto_generated|pll1|clk[0] ; 6.666        ; -0.081     ; 3.873      ;
; 2.713 ; CPLD_pwm_carrier:u_carrier|count[11] ; CPLD_pwm_carrier:u_carrier|count[8]  ; u_pll|altpll_component|auto_generated|pll1|clk[0] ; u_pll|altpll_component|auto_generated|pll1|clk[0] ; 6.666        ; -0.081     ; 3.873      ;
; 2.713 ; CPLD_pwm_carrier:u_carrier|count[11] ; CPLD_pwm_carrier:u_carrier|count[10] ; u_pll|altpll_component|auto_generated|pll1|clk[0] ; u_pll|altpll_component|auto_generated|pll1|clk[0] ; 6.666        ; -0.081     ; 3.873      ;
; 2.716 ; CPLD_pwm_carrier:u_carrier|count[6]  ; CPLD_pwm_phase:u_phase_a|h2_gates[3] ; u_pll|altpll_component|auto_generated|pll1|clk[0] ; u_pll|altpll_component|auto_generated|pll1|clk[0] ; 6.666        ; -0.080     ; 3.871      ;
; 2.721 ; CPLD_pwm_carrier:u_carrier|count[1]  ; CPLD_pwm_carrier:u_carrier|count[9]  ; u_pll|altpll_component|auto_generated|pll1|clk[0] ; u_pll|altpll_component|auto_generated|pll1|clk[0] ; 6.666        ; -0.081     ; 3.865      ;
; 2.734 ; CPLD_pwm_carrier:u_carrier|count[1]  ; CPLD_pwm_carrier:u_carrier|count[7]  ; u_pll|altpll_component|auto_generated|pll1|clk[0] ; u_pll|altpll_component|auto_generated|pll1|clk[0] ; 6.666        ; -0.081     ; 3.852      ;
; 2.766 ; CPLD_pwm_carrier:u_carrier|count[10] ; CPLD_pwm_carrier:u_carrier|dir       ; u_pll|altpll_component|auto_generated|pll1|clk[0] ; u_pll|altpll_component|auto_generated|pll1|clk[0] ; 6.666        ; -0.082     ; 3.819      ;
; 2.792 ; CPLD_pwm_carrier:u_carrier|count[11] ; CPLD_pwm_carrier:u_carrier|count[4]  ; u_pll|altpll_component|auto_generated|pll1|clk[0] ; u_pll|altpll_component|auto_generated|pll1|clk[0] ; 6.666        ; -0.082     ; 3.793      ;
; 2.795 ; CPLD_pwm_carrier:u_carrier|count[11] ; CPLD_pwm_carrier:u_carrier|count[3]  ; u_pll|altpll_component|auto_generated|pll1|clk[0] ; u_pll|altpll_component|auto_generated|pll1|clk[0] ; 6.666        ; -0.082     ; 3.790      ;
; 2.796 ; CPLD_pwm_carrier:u_carrier|count[1]  ; CPLD_pwm_carrier:u_carrier|count[8]  ; u_pll|altpll_component|auto_generated|pll1|clk[0] ; u_pll|altpll_component|auto_generated|pll1|clk[0] ; 6.666        ; -0.080     ; 3.791      ;
; 2.822 ; CPLD_pwm_carrier:u_carrier|count[9]  ; CPLD_pwm_carrier:u_carrier|dir       ; u_pll|altpll_component|auto_generated|pll1|clk[0] ; u_pll|altpll_component|auto_generated|pll1|clk[0] ; 6.666        ; -0.082     ; 3.763      ;
; 2.828 ; CPLD_pwm_carrier:u_carrier|count[2]  ; CPLD_pwm_carrier:u_carrier|count[1]  ; u_pll|altpll_component|auto_generated|pll1|clk[0] ; u_pll|altpll_component|auto_generated|pll1|clk[0] ; 6.666        ; -0.083     ; 3.756      ;
; 2.835 ; CPLD_pwm_carrier:u_carrier|count[8]  ; CPLD_pwm_carrier:u_carrier|count[1]  ; u_pll|altpll_component|auto_generated|pll1|clk[0] ; u_pll|altpll_component|auto_generated|pll1|clk[0] ; 6.666        ; -0.082     ; 3.750      ;
; 2.854 ; CPLD_pwm_carrier:u_carrier|count[2]  ; CPLD_pwm_carrier:u_carrier|count[10] ; u_pll|altpll_component|auto_generated|pll1|clk[0] ; u_pll|altpll_component|auto_generated|pll1|clk[0] ; 6.666        ; -0.082     ; 3.731      ;
; 2.874 ; CPLD_pwm_carrier:u_carrier|count[4]  ; CPLD_pwm_carrier:u_carrier|count[11] ; u_pll|altpll_component|auto_generated|pll1|clk[0] ; u_pll|altpll_component|auto_generated|pll1|clk[0] ; 6.666        ; -0.082     ; 3.711      ;
; 2.882 ; CPLD_pwm_carrier:u_carrier|count[1]  ; CPLD_pwm_carrier:u_carrier|count[6]  ; u_pll|altpll_component|auto_generated|pll1|clk[0] ; u_pll|altpll_component|auto_generated|pll1|clk[0] ; 6.666        ; -0.080     ; 3.705      ;
; 2.883 ; CPLD_pwm_carrier:u_carrier|count[1]  ; CPLD_pwm_carrier:u_carrier|count[5]  ; u_pll|altpll_component|auto_generated|pll1|clk[0] ; u_pll|altpll_component|auto_generated|pll1|clk[0] ; 6.666        ; -0.081     ; 3.703      ;
+-------+--------------------------------------+--------------------------------------+---------------------------------------------------+---------------------------------------------------+--------------+------------+------------+


+----------------------------------------------------------------------------------------------------------------------------------------------------------------------------------------------------------------------------------------+
; Slow 1200mV 85C Model Hold: 'u_pll|altpll_component|auto_generated|pll1|clk[0]'                                                                                                                                                        ;
+-------+--------------------------------------+----------------------------------------+---------------------------------------------------+---------------------------------------------------+--------------+------------+------------+
; Slack ; From Node                            ; To Node                                ; Launch Clock                                      ; Latch Clock                                       ; Relationship ; Clock Skew ; Data Delay ;
+-------+--------------------------------------+----------------------------------------+---------------------------------------------------+---------------------------------------------------+--------------+------------+------------+
; 0.454 ; pwm_capture:u_pwm_cap|high_active    ; pwm_capture:u_pwm_cap|high_active      ; u_pll|altpll_component|auto_generated|pll1|clk[0] ; u_pll|altpll_component|auto_generated|pll1|clk[0] ; 0.000        ; 0.080      ; 0.746      ;
; 0.465 ; CPLD_pwm_carrier:u_carrier|dir       ; CPLD_pwm_carrier:u_carrier|dir         ; u_pll|altpll_component|auto_generated|pll1|clk[0] ; u_pll|altpll_component|auto_generated|pll1|clk[0] ; 0.000        ; 0.081      ; 0.758      ;
; 0.491 ; deadtime_gen:u_dt_b_legB|cnt_p[7]    ; deadtime_gen:u_dt_b_legB|cnt_p[7]      ; u_pll|altpll_component|auto_generated|pll1|clk[0] ; u_pll|altpll_component|auto_generated|pll1|clk[0] ; 0.000        ; 0.082      ; 0.785      ;
; 0.491 ; deadtime_gen:u_dt_b_legB|cnt_n[7]    ; deadtime_gen:u_dt_b_legB|cnt_n[7]      ; u_pll|altpll_component|auto_generated|pll1|clk[0] ; u_pll|altpll_component|auto_generated|pll1|clk[0] ; 0.000        ; 0.082      ; 0.785      ;
; 0.492 ; deadtime_gen:u_dt_h1c_legA|cnt_p[7]  ; deadtime_gen:u_dt_h1c_legA|cnt_p[7]    ; u_pll|altpll_component|auto_generated|pll1|clk[0] ; u_pll|altpll_component|auto_generated|pll1|clk[0] ; 0.000        ; 0.082      ; 0.786      ;
; 0.492 ; deadtime_gen:u_dt_a_legB|cnt_p[7]    ; deadtime_gen:u_dt_a_legB|cnt_p[7]      ; u_pll|altpll_component|auto_generated|pll1|clk[0] ; u_pll|altpll_component|auto_generated|pll1|clk[0] ; 0.000        ; 0.081      ; 0.785      ;
; 0.492 ; deadtime_gen:u_dt_c_legB|cnt_n[7]    ; deadtime_gen:u_dt_c_legB|cnt_n[7]      ; u_pll|altpll_component|auto_generated|pll1|clk[0] ; u_pll|altpll_component|auto_generated|pll1|clk[0] ; 0.000        ; 0.081      ; 0.785      ;
; 0.500 ; pwm_capture:u_pwm_cap|pwm_d1         ; pwm_capture:u_pwm_cap|valid_flag       ; u_pll|altpll_component|auto_generated|pll1|clk[0] ; u_pll|altpll_component|auto_generated|pll1|clk[0] ; 0.000        ; 0.080      ; 0.792      ;
; 0.501 ; pwm_capture:u_pwm_cap|pwm_d1         ; pwm_capture:u_pwm_cap|high_active      ; u_pll|altpll_component|auto_generated|pll1|clk[0] ; u_pll|altpll_component|auto_generated|pll1|clk[0] ; 0.000        ; 0.080      ; 0.793      ;
; 0.507 ; deadtime_gen:u_dt_h1a_legA|cnt_n[7]  ; deadtime_gen:u_dt_h1a_legA|cnt_n[7]    ; u_pll|altpll_component|auto_generated|pll1|clk[0] ; u_pll|altpll_component|auto_generated|pll1|clk[0] ; 0.000        ; 0.082      ; 0.801      ;
; 0.507 ; deadtime_gen:u_dt_h1b_legB|cnt_p[7]  ; deadtime_gen:u_dt_h1b_legB|cnt_p[7]    ; u_pll|altpll_component|auto_generated|pll1|clk[0] ; u_pll|altpll_component|auto_generated|pll1|clk[0] ; 0.000        ; 0.082      ; 0.801      ;
; 0.507 ; sync_2ff:u_sync_c_h1_1|sync_chain[1] ; CPLD_pwm_phase:u_phase_c|h2_gates[0]   ; u_pll|altpll_component|auto_generated|pll1|clk[0] ; u_pll|altpll_component|auto_generated|pll1|clk[0] ; 0.000        ; 0.082      ; 0.801      ;
; 0.508 ; deadtime_gen:u_dt_h1a_legA|cnt_p[7]  ; deadtime_gen:u_dt_h1a_legA|cnt_p[7]    ; u_pll|altpll_component|auto_generated|pll1|clk[0] ; u_pll|altpll_component|auto_generated|pll1|clk[0] ; 0.000        ; 0.082      ; 0.802      ;
; 0.508 ; deadtime_gen:u_dt_h1b_legA|cnt_p[7]  ; deadtime_gen:u_dt_h1b_legA|cnt_p[7]    ; u_pll|altpll_component|auto_generated|pll1|clk[0] ; u_pll|altpll_component|auto_generated|pll1|clk[0] ; 0.000        ; 0.082      ; 0.802      ;
; 0.519 ; sync_2ff:u_sync_a_h1_2|sync_chain[1] ; CPLD_pwm_phase:u_phase_a|h2_gates[0]   ; u_pll|altpll_component|auto_generated|pll1|clk[0] ; u_pll|altpll_component|auto_generated|pll1|clk[0] ; 0.000        ; 0.081      ; 0.812      ;
; 0.525 ; sync_2ff:u_sync_b_h1_1|sync_chain[1] ; CPLD_pwm_phase:u_phase_b|h2_gates[0]   ; u_pll|altpll_component|auto_generated|pll1|clk[0] ; u_pll|altpll_component|auto_generated|pll1|clk[0] ; 0.000        ; 0.081      ; 0.818      ;
; 0.533 ; CPLD_pwm_carrier:u_carrier|dir       ; CPLD_pwm_carrier:u_carrier|count[5]    ; u_pll|altpll_component|auto_generated|pll1|clk[0] ; u_pll|altpll_component|auto_generated|pll1|clk[0] ; 0.000        ; 0.081      ; 0.826      ;
; 0.536 ; CPLD_pwm_carrier:u_carrier|dir       ; CPLD_pwm_carrier:u_carrier|count[7]    ; u_pll|altpll_component|auto_generated|pll1|clk[0] ; u_pll|altpll_component|auto_generated|pll1|clk[0] ; 0.000        ; 0.081      ; 0.829      ;
; 0.649 ; sync_2ff:u_sync_c_h1_0|sync_chain[1] ; CPLD_pwm_phase:u_phase_c|h2_gates[0]   ; u_pll|altpll_component|auto_generated|pll1|clk[0] ; u_pll|altpll_component|auto_generated|pll1|clk[0] ; 0.000        ; 0.082      ; 0.943      ;
; 0.658 ; pwm_capture:u_pwm_cap|sync_ff1       ; pwm_capture:u_pwm_cap|valid_flag       ; u_pll|altpll_component|auto_generated|pll1|clk[0] ; u_pll|altpll_component|auto_generated|pll1|clk[0] ; 0.000        ; 0.080      ; 0.950      ;
; 0.666 ; sync_2ff:u_sync_b_h1_0|sync_chain[1] ; CPLD_pwm_phase:u_phase_b|h2_gates[0]   ; u_pll|altpll_component|auto_generated|pll1|clk[0] ; u_pll|altpll_component|auto_generated|pll1|clk[0] ; 0.000        ; 0.081      ; 0.959      ;
; 0.696 ; sync_2ff:u_sync_c_h1_2|sync_chain[0] ; sync_2ff:u_sync_c_h1_2|sync_chain[1]   ; u_pll|altpll_component|auto_generated|pll1|clk[0] ; u_pll|altpll_component|auto_generated|pll1|clk[0] ; 0.000        ; 0.082      ; 0.990      ;
; 0.697 ; sync_2ff:u_sync_c_h1_1|sync_chain[0] ; sync_2ff:u_sync_c_h1_1|sync_chain[1]   ; u_pll|altpll_component|auto_generated|pll1|clk[0] ; u_pll|altpll_component|auto_generated|pll1|clk[0] ; 0.000        ; 0.082      ; 0.991      ;
; 0.697 ; sync_2ff:u_sync_c_h1_3|sync_chain[0] ; sync_2ff:u_sync_c_h1_3|sync_chain[1]   ; u_pll|altpll_component|auto_generated|pll1|clk[0] ; u_pll|altpll_component|auto_generated|pll1|clk[0] ; 0.000        ; 0.082      ; 0.991      ;
; 0.698 ; sync_2ff:u_sync_a_h1_2|sync_chain[0] ; sync_2ff:u_sync_a_h1_2|sync_chain[1]   ; u_pll|altpll_component|auto_generated|pll1|clk[0] ; u_pll|altpll_component|auto_generated|pll1|clk[0] ; 0.000        ; 0.081      ; 0.991      ;
; 0.698 ; sync_2ff:u_sync_b_h1_2|sync_chain[0] ; sync_2ff:u_sync_b_h1_2|sync_chain[1]   ; u_pll|altpll_component|auto_generated|pll1|clk[0] ; u_pll|altpll_component|auto_generated|pll1|clk[0] ; 0.000        ; 0.081      ; 0.991      ;
; 0.699 ; sync_2ff:u_sync_a_h1_1|sync_chain[0] ; sync_2ff:u_sync_a_h1_1|sync_chain[1]   ; u_pll|altpll_component|auto_generated|pll1|clk[0] ; u_pll|altpll_component|auto_generated|pll1|clk[0] ; 0.000        ; 0.081      ; 0.992      ;
; 0.699 ; sync_2ff:u_sync_b_h1_1|sync_chain[0] ; sync_2ff:u_sync_b_h1_1|sync_chain[1]   ; u_pll|altpll_component|auto_generated|pll1|clk[0] ; u_pll|altpll_component|auto_generated|pll1|clk[0] ; 0.000        ; 0.081      ; 0.992      ;
; 0.699 ; sync_2ff:u_sync_b_h1_0|sync_chain[0] ; sync_2ff:u_sync_b_h1_0|sync_chain[1]   ; u_pll|altpll_component|auto_generated|pll1|clk[0] ; u_pll|altpll_component|auto_generated|pll1|clk[0] ; 0.000        ; 0.081      ; 0.992      ;
; 0.699 ; sync_2ff:u_sync_b_h1_3|sync_chain[0] ; sync_2ff:u_sync_b_h1_3|sync_chain[1]   ; u_pll|altpll_component|auto_generated|pll1|clk[0] ; u_pll|altpll_component|auto_generated|pll1|clk[0] ; 0.000        ; 0.081      ; 0.992      ;
; 0.699 ; pwm_capture:u_pwm_cap|sync_ff0       ; pwm_capture:u_pwm_cap|sync_ff1         ; u_pll|altpll_component|auto_generated|pll1|clk[0] ; u_pll|altpll_component|auto_generated|pll1|clk[0] ; 0.000        ; 0.080      ; 0.991      ;
; 0.700 ; sync_2ff:u_sync_a_h1_3|sync_chain[0] ; sync_2ff:u_sync_a_h1_3|sync_chain[1]   ; u_pll|altpll_component|auto_generated|pll1|clk[0] ; u_pll|altpll_component|auto_generated|pll1|clk[0] ; 0.000        ; 0.081      ; 0.993      ;
; 0.704 ; pwm_capture:u_pwm_cap|period_cnt[4]  ; pwm_capture:u_pwm_cap|period_latch[4]  ; u_pll|altpll_component|auto_generated|pll1|clk[0] ; u_pll|altpll_component|auto_generated|pll1|clk[0] ; 0.000        ; 0.081      ; 0.997      ;
; 0.704 ; pwm_capture:u_pwm_cap|high_cnt[4]    ; pwm_capture:u_pwm_cap|high_latch[4]    ; u_pll|altpll_component|auto_generated|pll1|clk[0] ; u_pll|altpll_component|auto_generated|pll1|clk[0] ; 0.000        ; 0.081      ; 0.997      ;
; 0.705 ; pwm_capture:u_pwm_cap|period_cnt[9]  ; pwm_capture:u_pwm_cap|period_latch[9]  ; u_pll|altpll_component|auto_generated|pll1|clk[0] ; u_pll|altpll_component|auto_generated|pll1|clk[0] ; 0.000        ; 0.081      ; 0.998      ;
; 0.705 ; pwm_capture:u_pwm_cap|period_cnt[11] ; pwm_capture:u_pwm_cap|period_latch[11] ; u_pll|altpll_component|auto_generated|pll1|clk[0] ; u_pll|altpll_component|auto_generated|pll1|clk[0] ; 0.000        ; 0.081      ; 0.998      ;
; 0.705 ; pwm_capture:u_pwm_cap|high_cnt[9]    ; pwm_capture:u_pwm_cap|high_latch[9]    ; u_pll|altpll_component|auto_generated|pll1|clk[0] ; u_pll|altpll_component|auto_generated|pll1|clk[0] ; 0.000        ; 0.081      ; 0.998      ;
; 0.709 ; pwm_capture:u_pwm_cap|period_cnt[7]  ; pwm_capture:u_pwm_cap|period_latch[7]  ; u_pll|altpll_component|auto_generated|pll1|clk[0] ; u_pll|altpll_component|auto_generated|pll1|clk[0] ; 0.000        ; 0.081      ; 1.002      ;
; 0.715 ; pwm_capture:u_pwm_cap|sync_ff1       ; pwm_capture:u_pwm_cap|pwm_d1           ; u_pll|altpll_component|auto_generated|pll1|clk[0] ; u_pll|altpll_component|auto_generated|pll1|clk[0] ; 0.000        ; 0.080      ; 1.007      ;
; 0.724 ; pwm_capture:u_pwm_cap|high_cnt[14]   ; pwm_capture:u_pwm_cap|high_latch[14]   ; u_pll|altpll_component|auto_generated|pll1|clk[0] ; u_pll|altpll_component|auto_generated|pll1|clk[0] ; 0.000        ; 0.079      ; 1.015      ;
; 0.730 ; pwm_capture:u_pwm_cap|period_cnt[14] ; pwm_capture:u_pwm_cap|period_latch[14] ; u_pll|altpll_component|auto_generated|pll1|clk[0] ; u_pll|altpll_component|auto_generated|pll1|clk[0] ; 0.000        ; 0.081      ; 1.023      ;
; 0.732 ; pwm_capture:u_pwm_cap|period_cnt[1]  ; pwm_capture:u_pwm_cap|period_latch[1]  ; u_pll|altpll_component|auto_generated|pll1|clk[0] ; u_pll|altpll_component|auto_generated|pll1|clk[0] ; 0.000        ; 0.081      ; 1.025      ;
; 0.732 ; pwm_capture:u_pwm_cap|period_cnt[5]  ; pwm_capture:u_pwm_cap|period_latch[5]  ; u_pll|altpll_component|auto_generated|pll1|clk[0] ; u_pll|altpll_component|auto_generated|pll1|clk[0] ; 0.000        ; 0.081      ; 1.025      ;
; 0.732 ; pwm_capture:u_pwm_cap|high_cnt[1]    ; pwm_capture:u_pwm_cap|high_latch[1]    ; u_pll|altpll_component|auto_generated|pll1|clk[0] ; u_pll|altpll_component|auto_generated|pll1|clk[0] ; 0.000        ; 0.081      ; 1.025      ;
; 0.733 ; pwm_capture:u_pwm_cap|period_cnt[6]  ; pwm_capture:u_pwm_cap|period_latch[6]  ; u_pll|altpll_component|auto_generated|pll1|clk[0] ; u_pll|altpll_component|auto_generated|pll1|clk[0] ; 0.000        ; 0.081      ; 1.026      ;
; 0.733 ; pwm_capture:u_pwm_cap|high_cnt[6]    ; pwm_capture:u_pwm_cap|high_latch[6]    ; u_pll|altpll_component|auto_generated|pll1|clk[0] ; u_pll|altpll_component|auto_generated|pll1|clk[0] ; 0.000        ; 0.081      ; 1.026      ;
; 0.735 ; pwm_capture:u_pwm_cap|high_cnt[5]    ; pwm_capture:u_pwm_cap|high_latch[5]    ; u_pll|altpll_component|auto_generated|pll1|clk[0] ; u_pll|altpll_component|auto_generated|pll1|clk[0] ; 0.000        ; 0.081      ; 1.028      ;
; 0.743 ; deadtime_gen:u_dt_h1a_legB|cnt_n[1]  ; deadtime_gen:u_dt_h1a_legB|cnt_n[1]    ; u_pll|altpll_component|auto_generated|pll1|clk[0] ; u_pll|altpll_component|auto_generated|pll1|clk[0] ; 0.000        ; 0.082      ; 1.037      ;
; 0.743 ; deadtime_gen:u_dt_h1a_legB|cnt_n[3]  ; deadtime_gen:u_dt_h1a_legB|cnt_n[3]    ; u_pll|altpll_component|auto_generated|pll1|clk[0] ; u_pll|altpll_component|auto_generated|pll1|clk[0] ; 0.000        ; 0.082      ; 1.037      ;
; 0.743 ; deadtime_gen:u_dt_h1c_legB|cnt_n[1]  ; deadtime_gen:u_dt_h1c_legB|cnt_n[1]    ; u_pll|altpll_component|auto_generated|pll1|clk[0] ; u_pll|altpll_component|auto_generated|pll1|clk[0] ; 0.000        ; 0.082      ; 1.037      ;
; 0.743 ; deadtime_gen:u_dt_h1c_legB|cnt_n[3]  ; deadtime_gen:u_dt_h1c_legB|cnt_n[3]    ; u_pll|altpll_component|auto_generated|pll1|clk[0] ; u_pll|altpll_component|auto_generated|pll1|clk[0] ; 0.000        ; 0.082      ; 1.037      ;
; 0.743 ; deadtime_gen:u_dt_a_legB|cnt_n[5]    ; deadtime_gen:u_dt_a_legB|cnt_n[5]      ; u_pll|altpll_component|auto_generated|pll1|clk[0] ; u_pll|altpll_component|auto_generated|pll1|clk[0] ; 0.000        ; 0.082      ; 1.037      ;
; 0.743 ; deadtime_gen:u_dt_b_legB|cnt_n[1]    ; deadtime_gen:u_dt_b_legB|cnt_n[1]      ; u_pll|altpll_component|auto_generated|pll1|clk[0] ; u_pll|altpll_component|auto_generated|pll1|clk[0] ; 0.000        ; 0.082      ; 1.037      ;
; 0.743 ; deadtime_gen:u_dt_c_legB|cnt_p[3]    ; deadtime_gen:u_dt_c_legB|cnt_p[3]      ; u_pll|altpll_component|auto_generated|pll1|clk[0] ; u_pll|altpll_component|auto_generated|pll1|clk[0] ; 0.000        ; 0.082      ; 1.037      ;
; 0.743 ; deadtime_gen:u_dt_c_legB|cnt_p[5]    ; deadtime_gen:u_dt_c_legB|cnt_p[5]      ; u_pll|altpll_component|auto_generated|pll1|clk[0] ; u_pll|altpll_component|auto_generated|pll1|clk[0] ; 0.000        ; 0.082      ; 1.037      ;
; 0.744 ; deadtime_gen:u_dt_h1a_legA|cnt_p[1]  ; deadtime_gen:u_dt_h1a_legA|cnt_p[1]    ; u_pll|altpll_component|auto_generated|pll1|clk[0] ; u_pll|altpll_component|auto_generated|pll1|clk[0] ; 0.000        ; 0.082      ; 1.038      ;
; 0.744 ; deadtime_gen:u_dt_h1a_legB|cnt_n[5]  ; deadtime_gen:u_dt_h1a_legB|cnt_n[5]    ; u_pll|altpll_component|auto_generated|pll1|clk[0] ; u_pll|altpll_component|auto_generated|pll1|clk[0] ; 0.000        ; 0.082      ; 1.038      ;
; 0.744 ; deadtime_gen:u_dt_h1b_legA|cnt_p[1]  ; deadtime_gen:u_dt_h1b_legA|cnt_p[1]    ; u_pll|altpll_component|auto_generated|pll1|clk[0] ; u_pll|altpll_component|auto_generated|pll1|clk[0] ; 0.000        ; 0.082      ; 1.038      ;
; 0.744 ; deadtime_gen:u_dt_h1b_legA|cnt_n[1]  ; deadtime_gen:u_dt_h1b_legA|cnt_n[1]    ; u_pll|altpll_component|auto_generated|pll1|clk[0] ; u_pll|altpll_component|auto_generated|pll1|clk[0] ; 0.000        ; 0.082      ; 1.038      ;
; 0.744 ; deadtime_gen:u_dt_h1c_legA|cnt_p[1]  ; deadtime_gen:u_dt_h1c_legA|cnt_p[1]    ; u_pll|altpll_component|auto_generated|pll1|clk[0] ; u_pll|altpll_component|auto_generated|pll1|clk[0] ; 0.000        ; 0.082      ; 1.038      ;
; 0.744 ; deadtime_gen:u_dt_h1c_legA|cnt_p[3]  ; deadtime_gen:u_dt_h1c_legA|cnt_p[3]    ; u_pll|altpll_component|auto_generated|pll1|clk[0] ; u_pll|altpll_component|auto_generated|pll1|clk[0] ; 0.000        ; 0.082      ; 1.038      ;
; 0.744 ; deadtime_gen:u_dt_h1c_legA|cnt_n[7]  ; deadtime_gen:u_dt_h1c_legA|cnt_n[7]    ; u_pll|altpll_component|auto_generated|pll1|clk[0] ; u_pll|altpll_component|auto_generated|pll1|clk[0] ; 0.000        ; 0.082      ; 1.038      ;
; 0.744 ; deadtime_gen:u_dt_h1c_legB|cnt_p[1]  ; deadtime_gen:u_dt_h1c_legB|cnt_p[1]    ; u_pll|altpll_component|auto_generated|pll1|clk[0] ; u_pll|altpll_component|auto_generated|pll1|clk[0] ; 0.000        ; 0.082      ; 1.038      ;
; 0.744 ; deadtime_gen:u_dt_h1c_legB|cnt_n[5]  ; deadtime_gen:u_dt_h1c_legB|cnt_n[5]    ; u_pll|altpll_component|auto_generated|pll1|clk[0] ; u_pll|altpll_component|auto_generated|pll1|clk[0] ; 0.000        ; 0.082      ; 1.038      ;
; 0.744 ; deadtime_gen:u_dt_a_legA|cnt_p[1]    ; deadtime_gen:u_dt_a_legA|cnt_p[1]      ; u_pll|altpll_component|auto_generated|pll1|clk[0] ; u_pll|altpll_component|auto_generated|pll1|clk[0] ; 0.000        ; 0.082      ; 1.038      ;
; 0.744 ; deadtime_gen:u_dt_b_legA|cnt_p[7]    ; deadtime_gen:u_dt_b_legA|cnt_p[7]      ; u_pll|altpll_component|auto_generated|pll1|clk[0] ; u_pll|altpll_component|auto_generated|pll1|clk[0] ; 0.000        ; 0.082      ; 1.038      ;
; 0.744 ; deadtime_gen:u_dt_b_legB|cnt_p[1]    ; deadtime_gen:u_dt_b_legB|cnt_p[1]      ; u_pll|altpll_component|auto_generated|pll1|clk[0] ; u_pll|altpll_component|auto_generated|pll1|clk[0] ; 0.000        ; 0.082      ; 1.038      ;
; 0.744 ; deadtime_gen:u_dt_b_legB|cnt_p[3]    ; deadtime_gen:u_dt_b_legB|cnt_p[3]      ; u_pll|altpll_component|auto_generated|pll1|clk[0] ; u_pll|altpll_component|auto_generated|pll1|clk[0] ; 0.000        ; 0.082      ; 1.038      ;
; 0.744 ; deadtime_gen:u_dt_c_legA|cnt_p[1]    ; deadtime_gen:u_dt_c_legA|cnt_p[1]      ; u_pll|altpll_component|auto_generated|pll1|clk[0] ; u_pll|altpll_component|auto_generated|pll1|clk[0] ; 0.000        ; 0.081      ; 1.037      ;
; 0.744 ; deadtime_gen:u_dt_c_legA|cnt_p[3]    ; deadtime_gen:u_dt_c_legA|cnt_p[3]      ; u_pll|altpll_component|auto_generated|pll1|clk[0] ; u_pll|altpll_component|auto_generated|pll1|clk[0] ; 0.000        ; 0.081      ; 1.037      ;
; 0.744 ; deadtime_gen:u_dt_c_legB|cnt_p[7]    ; deadtime_gen:u_dt_c_legB|cnt_p[7]      ; u_pll|altpll_component|auto_generated|pll1|clk[0] ; u_pll|altpll_component|auto_generated|pll1|clk[0] ; 0.000        ; 0.082      ; 1.038      ;
; 0.744 ; deadtime_gen:u_dt_c_legB|cnt_n[1]    ; deadtime_gen:u_dt_c_legB|cnt_n[1]      ; u_pll|altpll_component|auto_generated|pll1|clk[0] ; u_pll|altpll_component|auto_generated|pll1|clk[0] ; 0.000        ; 0.081      ; 1.037      ;
; 0.745 ; deadtime_gen:u_dt_h1a_legA|cnt_n[3]  ; deadtime_gen:u_dt_h1a_legA|cnt_n[3]    ; u_pll|altpll_component|auto_generated|pll1|clk[0] ; u_pll|altpll_component|auto_generated|pll1|clk[0] ; 0.000        ; 0.082      ; 1.039      ;
; 0.745 ; deadtime_gen:u_dt_h1a_legA|cnt_n[4]  ; deadtime_gen:u_dt_h1a_legA|cnt_n[4]    ; u_pll|altpll_component|auto_generated|pll1|clk[0] ; u_pll|altpll_component|auto_generated|pll1|clk[0] ; 0.000        ; 0.082      ; 1.039      ;
; 0.745 ; deadtime_gen:u_dt_h1a_legA|cnt_n[5]  ; deadtime_gen:u_dt_h1a_legA|cnt_n[5]    ; u_pll|altpll_component|auto_generated|pll1|clk[0] ; u_pll|altpll_component|auto_generated|pll1|clk[0] ; 0.000        ; 0.082      ; 1.039      ;
; 0.745 ; deadtime_gen:u_dt_h1a_legA|cnt_n[6]  ; deadtime_gen:u_dt_h1a_legA|cnt_n[6]    ; u_pll|altpll_component|auto_generated|pll1|clk[0] ; u_pll|altpll_component|auto_generated|pll1|clk[0] ; 0.000        ; 0.082      ; 1.039      ;
; 0.745 ; deadtime_gen:u_dt_h1a_legB|cnt_p[1]  ; deadtime_gen:u_dt_h1a_legB|cnt_p[1]    ; u_pll|altpll_component|auto_generated|pll1|clk[0] ; u_pll|altpll_component|auto_generated|pll1|clk[0] ; 0.000        ; 0.082      ; 1.039      ;
; 0.745 ; deadtime_gen:u_dt_h1a_legB|cnt_p[7]  ; deadtime_gen:u_dt_h1a_legB|cnt_p[7]    ; u_pll|altpll_component|auto_generated|pll1|clk[0] ; u_pll|altpll_component|auto_generated|pll1|clk[0] ; 0.000        ; 0.082      ; 1.039      ;
; 0.745 ; deadtime_gen:u_dt_h1b_legA|cnt_p[3]  ; deadtime_gen:u_dt_h1b_legA|cnt_p[3]    ; u_pll|altpll_component|auto_generated|pll1|clk[0] ; u_pll|altpll_component|auto_generated|pll1|clk[0] ; 0.000        ; 0.082      ; 1.039      ;
; 0.745 ; deadtime_gen:u_dt_h1b_legB|cnt_p[1]  ; deadtime_gen:u_dt_h1b_legB|cnt_p[1]    ; u_pll|altpll_component|auto_generated|pll1|clk[0] ; u_pll|altpll_component|auto_generated|pll1|clk[0] ; 0.000        ; 0.082      ; 1.039      ;
; 0.745 ; deadtime_gen:u_dt_h1b_legB|cnt_p[3]  ; deadtime_gen:u_dt_h1b_legB|cnt_p[3]    ; u_pll|altpll_component|auto_generated|pll1|clk[0] ; u_pll|altpll_component|auto_generated|pll1|clk[0] ; 0.000        ; 0.082      ; 1.039      ;
; 0.745 ; deadtime_gen:u_dt_h1b_legB|cnt_p[4]  ; deadtime_gen:u_dt_h1b_legB|cnt_p[4]    ; u_pll|altpll_component|auto_generated|pll1|clk[0] ; u_pll|altpll_component|auto_generated|pll1|clk[0] ; 0.000        ; 0.082      ; 1.039      ;
; 0.745 ; deadtime_gen:u_dt_h1b_legB|cnt_p[5]  ; deadtime_gen:u_dt_h1b_legB|cnt_p[5]    ; u_pll|altpll_component|auto_generated|pll1|clk[0] ; u_pll|altpll_component|auto_generated|pll1|clk[0] ; 0.000        ; 0.082      ; 1.039      ;
; 0.745 ; deadtime_gen:u_dt_h1b_legB|cnt_p[6]  ; deadtime_gen:u_dt_h1b_legB|cnt_p[6]    ; u_pll|altpll_component|auto_generated|pll1|clk[0] ; u_pll|altpll_component|auto_generated|pll1|clk[0] ; 0.000        ; 0.082      ; 1.039      ;
; 0.745 ; deadtime_gen:u_dt_h1b_legB|cnt_n[5]  ; deadtime_gen:u_dt_h1b_legB|cnt_n[5]    ; u_pll|altpll_component|auto_generated|pll1|clk[0] ; u_pll|altpll_component|auto_generated|pll1|clk[0] ; 0.000        ; 0.082      ; 1.039      ;
; 0.745 ; deadtime_gen:u_dt_h1c_legA|cnt_n[3]  ; deadtime_gen:u_dt_h1c_legA|cnt_n[3]    ; u_pll|altpll_component|auto_generated|pll1|clk[0] ; u_pll|altpll_component|auto_generated|pll1|clk[0] ; 0.000        ; 0.082      ; 1.039      ;
; 0.745 ; deadtime_gen:u_dt_h1c_legA|cnt_n[5]  ; deadtime_gen:u_dt_h1c_legA|cnt_n[5]    ; u_pll|altpll_component|auto_generated|pll1|clk[0] ; u_pll|altpll_component|auto_generated|pll1|clk[0] ; 0.000        ; 0.082      ; 1.039      ;
; 0.745 ; deadtime_gen:u_dt_a_legA|cnt_p[7]    ; deadtime_gen:u_dt_a_legA|cnt_p[7]      ; u_pll|altpll_component|auto_generated|pll1|clk[0] ; u_pll|altpll_component|auto_generated|pll1|clk[0] ; 0.000        ; 0.082      ; 1.039      ;
; 0.745 ; deadtime_gen:u_dt_a_legB|cnt_p[1]    ; deadtime_gen:u_dt_a_legB|cnt_p[1]      ; u_pll|altpll_component|auto_generated|pll1|clk[0] ; u_pll|altpll_component|auto_generated|pll1|clk[0] ; 0.000        ; 0.081      ; 1.038      ;
; 0.745 ; deadtime_gen:u_dt_a_legB|cnt_n[7]    ; deadtime_gen:u_dt_a_legB|cnt_n[7]      ; u_pll|altpll_component|auto_generated|pll1|clk[0] ; u_pll|altpll_component|auto_generated|pll1|clk[0] ; 0.000        ; 0.082      ; 1.039      ;
; 0.745 ; deadtime_gen:u_dt_b_legA|cnt_p[5]    ; deadtime_gen:u_dt_b_legA|cnt_p[5]      ; u_pll|altpll_component|auto_generated|pll1|clk[0] ; u_pll|altpll_component|auto_generated|pll1|clk[0] ; 0.000        ; 0.082      ; 1.039      ;
; 0.745 ; deadtime_gen:u_dt_c_legA|cnt_p[5]    ; deadtime_gen:u_dt_c_legA|cnt_p[5]      ; u_pll|altpll_component|auto_generated|pll1|clk[0] ; u_pll|altpll_component|auto_generated|pll1|clk[0] ; 0.000        ; 0.081      ; 1.038      ;
; 0.745 ; deadtime_gen:u_dt_c_legB|cnt_p[1]    ; deadtime_gen:u_dt_c_legB|cnt_p[1]      ; u_pll|altpll_component|auto_generated|pll1|clk[0] ; u_pll|altpll_component|auto_generated|pll1|clk[0] ; 0.000        ; 0.082      ; 1.039      ;
; 0.746 ; deadtime_gen:u_dt_h1a_legA|cnt_p[3]  ; deadtime_gen:u_dt_h1a_legA|cnt_p[3]    ; u_pll|altpll_component|auto_generated|pll1|clk[0] ; u_pll|altpll_component|auto_generated|pll1|clk[0] ; 0.000        ; 0.082      ; 1.040      ;
; 0.746 ; deadtime_gen:u_dt_h1a_legA|cnt_p[5]  ; deadtime_gen:u_dt_h1a_legA|cnt_p[5]    ; u_pll|altpll_component|auto_generated|pll1|clk[0] ; u_pll|altpll_component|auto_generated|pll1|clk[0] ; 0.000        ; 0.082      ; 1.040      ;
; 0.746 ; deadtime_gen:u_dt_h1a_legA|cnt_p[6]  ; deadtime_gen:u_dt_h1a_legA|cnt_p[6]    ; u_pll|altpll_component|auto_generated|pll1|clk[0] ; u_pll|altpll_component|auto_generated|pll1|clk[0] ; 0.000        ; 0.082      ; 1.040      ;
; 0.746 ; deadtime_gen:u_dt_h1a_legA|cnt_n[1]  ; deadtime_gen:u_dt_h1a_legA|cnt_n[1]    ; u_pll|altpll_component|auto_generated|pll1|clk[0] ; u_pll|altpll_component|auto_generated|pll1|clk[0] ; 0.000        ; 0.082      ; 1.040      ;
; 0.746 ; deadtime_gen:u_dt_h1a_legB|cnt_p[2]  ; deadtime_gen:u_dt_h1a_legB|cnt_p[2]    ; u_pll|altpll_component|auto_generated|pll1|clk[0] ; u_pll|altpll_component|auto_generated|pll1|clk[0] ; 0.000        ; 0.082      ; 1.040      ;
; 0.746 ; deadtime_gen:u_dt_h1a_legB|cnt_p[3]  ; deadtime_gen:u_dt_h1a_legB|cnt_p[3]    ; u_pll|altpll_component|auto_generated|pll1|clk[0] ; u_pll|altpll_component|auto_generated|pll1|clk[0] ; 0.000        ; 0.082      ; 1.040      ;
; 0.746 ; deadtime_gen:u_dt_h1a_legB|cnt_p[5]  ; deadtime_gen:u_dt_h1a_legB|cnt_p[5]    ; u_pll|altpll_component|auto_generated|pll1|clk[0] ; u_pll|altpll_component|auto_generated|pll1|clk[0] ; 0.000        ; 0.082      ; 1.040      ;
+-------+--------------------------------------+----------------------------------------+---------------------------------------------------+---------------------------------------------------+--------------+------------+------------+


+------------------------------------------------------------------------------------------------------------------------------------------------------------------+
; Slow 1200mV 85C Model Minimum Pulse Width: 'u_pll|altpll_component|auto_generated|pll1|clk[0]'                                                                   ;
+-------+--------------+----------------+------------------+---------------------------------------------------+------------+--------------------------------------+
; Slack ; Actual Width ; Required Width ; Type             ; Clock                                             ; Clock Edge ; Target                               ;
+-------+--------------+----------------+------------------+---------------------------------------------------+------------+--------------------------------------+
; 3.050 ; 3.270        ; 0.220          ; High Pulse Width ; u_pll|altpll_component|auto_generated|pll1|clk[0] ; Rise       ; deadtime_gen:u_dt_h1a_legB|cnt_p[0]  ;
; 3.050 ; 3.270        ; 0.220          ; High Pulse Width ; u_pll|altpll_component|auto_generated|pll1|clk[0] ; Rise       ; deadtime_gen:u_dt_h1a_legB|cnt_p[1]  ;
; 3.050 ; 3.270        ; 0.220          ; High Pulse Width ; u_pll|altpll_component|auto_generated|pll1|clk[0] ; Rise       ; deadtime_gen:u_dt_h1a_legB|cnt_p[2]  ;
; 3.050 ; 3.270        ; 0.220          ; High Pulse Width ; u_pll|altpll_component|auto_generated|pll1|clk[0] ; Rise       ; deadtime_gen:u_dt_h1a_legB|cnt_p[3]  ;
; 3.050 ; 3.270        ; 0.220          ; High Pulse Width ; u_pll|altpll_component|auto_generated|pll1|clk[0] ; Rise       ; deadtime_gen:u_dt_h1a_legB|cnt_p[4]  ;
; 3.050 ; 3.270        ; 0.220          ; High Pulse Width ; u_pll|altpll_component|auto_generated|pll1|clk[0] ; Rise       ; deadtime_gen:u_dt_h1a_legB|cnt_p[5]  ;
; 3.050 ; 3.270        ; 0.220          ; High Pulse Width ; u_pll|altpll_component|auto_generated|pll1|clk[0] ; Rise       ; deadtime_gen:u_dt_h1a_legB|cnt_p[6]  ;
; 3.050 ; 3.270        ; 0.220          ; High Pulse Width ; u_pll|altpll_component|auto_generated|pll1|clk[0] ; Rise       ; deadtime_gen:u_dt_h1a_legB|cnt_p[7]  ;
; 3.050 ; 3.270        ; 0.220          ; High Pulse Width ; u_pll|altpll_component|auto_generated|pll1|clk[0] ; Rise       ; deadtime_gen:u_dt_h1a_legB|p_reg     ;
; 3.051 ; 3.271        ; 0.220          ; High Pulse Width ; u_pll|altpll_component|auto_generated|pll1|clk[0] ; Rise       ; CPLD_pwm_phase:u_phase_b|h2_gates[0] ;
; 3.051 ; 3.271        ; 0.220          ; High Pulse Width ; u_pll|altpll_component|auto_generated|pll1|clk[0] ; Rise       ; deadtime_gen:u_dt_a_legA|cnt_p[0]    ;
; 3.051 ; 3.271        ; 0.220          ; High Pulse Width ; u_pll|altpll_component|auto_generated|pll1|clk[0] ; Rise       ; deadtime_gen:u_dt_a_legA|cnt_p[1]    ;
; 3.051 ; 3.271        ; 0.220          ; High Pulse Width ; u_pll|altpll_component|auto_generated|pll1|clk[0] ; Rise       ; deadtime_gen:u_dt_a_legA|cnt_p[2]    ;
; 3.051 ; 3.271        ; 0.220          ; High Pulse Width ; u_pll|altpll_component|auto_generated|pll1|clk[0] ; Rise       ; deadtime_gen:u_dt_a_legA|cnt_p[3]    ;
; 3.051 ; 3.271        ; 0.220          ; High Pulse Width ; u_pll|altpll_component|auto_generated|pll1|clk[0] ; Rise       ; deadtime_gen:u_dt_a_legA|cnt_p[4]    ;
; 3.051 ; 3.271        ; 0.220          ; High Pulse Width ; u_pll|altpll_component|auto_generated|pll1|clk[0] ; Rise       ; deadtime_gen:u_dt_a_legA|cnt_p[5]    ;
; 3.051 ; 3.271        ; 0.220          ; High Pulse Width ; u_pll|altpll_component|auto_generated|pll1|clk[0] ; Rise       ; deadtime_gen:u_dt_a_legA|cnt_p[6]    ;
; 3.051 ; 3.271        ; 0.220          ; High Pulse Width ; u_pll|altpll_component|auto_generated|pll1|clk[0] ; Rise       ; deadtime_gen:u_dt_a_legA|cnt_p[7]    ;
; 3.051 ; 3.271        ; 0.220          ; High Pulse Width ; u_pll|altpll_component|auto_generated|pll1|clk[0] ; Rise       ; deadtime_gen:u_dt_a_legA|p_reg       ;
; 3.051 ; 3.271        ; 0.220          ; High Pulse Width ; u_pll|altpll_component|auto_generated|pll1|clk[0] ; Rise       ; deadtime_gen:u_dt_a_legB|cnt_n[0]    ;
; 3.051 ; 3.271        ; 0.220          ; High Pulse Width ; u_pll|altpll_component|auto_generated|pll1|clk[0] ; Rise       ; deadtime_gen:u_dt_a_legB|cnt_n[1]    ;
; 3.051 ; 3.271        ; 0.220          ; High Pulse Width ; u_pll|altpll_component|auto_generated|pll1|clk[0] ; Rise       ; deadtime_gen:u_dt_a_legB|cnt_n[2]    ;
; 3.051 ; 3.271        ; 0.220          ; High Pulse Width ; u_pll|altpll_component|auto_generated|pll1|clk[0] ; Rise       ; deadtime_gen:u_dt_a_legB|cnt_n[3]    ;
; 3.051 ; 3.271        ; 0.220          ; High Pulse Width ; u_pll|altpll_component|auto_generated|pll1|clk[0] ; Rise       ; deadtime_gen:u_dt_a_legB|cnt_n[4]    ;
; 3.051 ; 3.271        ; 0.220          ; High Pulse Width ; u_pll|altpll_component|auto_generated|pll1|clk[0] ; Rise       ; deadtime_gen:u_dt_a_legB|cnt_n[5]    ;
; 3.051 ; 3.271        ; 0.220          ; High Pulse Width ; u_pll|altpll_component|auto_generated|pll1|clk[0] ; Rise       ; deadtime_gen:u_dt_a_legB|cnt_n[6]    ;
; 3.051 ; 3.271        ; 0.220          ; High Pulse Width ; u_pll|altpll_component|auto_generated|pll1|clk[0] ; Rise       ; deadtime_gen:u_dt_a_legB|cnt_n[7]    ;
; 3.051 ; 3.271        ; 0.220          ; High Pulse Width ; u_pll|altpll_component|auto_generated|pll1|clk[0] ; Rise       ; deadtime_gen:u_dt_a_legB|n_reg       ;
; 3.051 ; 3.271        ; 0.220          ; High Pulse Width ; u_pll|altpll_component|auto_generated|pll1|clk[0] ; Rise       ; deadtime_gen:u_dt_b_legA|cnt_p[0]    ;
; 3.051 ; 3.271        ; 0.220          ; High Pulse Width ; u_pll|altpll_component|auto_generated|pll1|clk[0] ; Rise       ; deadtime_gen:u_dt_b_legA|cnt_p[1]    ;
; 3.051 ; 3.271        ; 0.220          ; High Pulse Width ; u_pll|altpll_component|auto_generated|pll1|clk[0] ; Rise       ; deadtime_gen:u_dt_b_legA|cnt_p[2]    ;
; 3.051 ; 3.271        ; 0.220          ; High Pulse Width ; u_pll|altpll_component|auto_generated|pll1|clk[0] ; Rise       ; deadtime_gen:u_dt_b_legA|cnt_p[3]    ;
; 3.051 ; 3.271        ; 0.220          ; High Pulse Width ; u_pll|altpll_component|auto_generated|pll1|clk[0] ; Rise       ; deadtime_gen:u_dt_b_legA|cnt_p[4]    ;
; 3.051 ; 3.271        ; 0.220          ; High Pulse Width ; u_pll|altpll_component|auto_generated|pll1|clk[0] ; Rise       ; deadtime_gen:u_dt_b_legA|cnt_p[5]    ;
; 3.051 ; 3.271        ; 0.220          ; High Pulse Width ; u_pll|altpll_component|auto_generated|pll1|clk[0] ; Rise       ; deadtime_gen:u_dt_b_legA|cnt_p[6]    ;
; 3.051 ; 3.271        ; 0.220          ; High Pulse Width ; u_pll|altpll_component|auto_generated|pll1|clk[0] ; Rise       ; deadtime_gen:u_dt_b_legA|cnt_p[7]    ;
; 3.051 ; 3.271        ; 0.220          ; High Pulse Width ; u_pll|altpll_component|auto_generated|pll1|clk[0] ; Rise       ; deadtime_gen:u_dt_b_legA|p_reg       ;
; 3.051 ; 3.271        ; 0.220          ; High Pulse Width ; u_pll|altpll_component|auto_generated|pll1|clk[0] ; Rise       ; deadtime_gen:u_dt_b_legB|cnt_n[0]    ;
; 3.051 ; 3.271        ; 0.220          ; High Pulse Width ; u_pll|altpll_component|auto_generated|pll1|clk[0] ; Rise       ; deadtime_gen:u_dt_b_legB|cnt_n[1]    ;
; 3.051 ; 3.271        ; 0.220          ; High Pulse Width ; u_pll|altpll_component|auto_generated|pll1|clk[0] ; Rise       ; deadtime_gen:u_dt_b_legB|cnt_n[2]    ;
; 3.051 ; 3.271        ; 0.220          ; High Pulse Width ; u_pll|altpll_component|auto_generated|pll1|clk[0] ; Rise       ; deadtime_gen:u_dt_b_legB|cnt_n[3]    ;
; 3.051 ; 3.271        ; 0.220          ; High Pulse Width ; u_pll|altpll_component|auto_generated|pll1|clk[0] ; Rise       ; deadtime_gen:u_dt_b_legB|cnt_n[4]    ;
; 3.051 ; 3.271        ; 0.220          ; High Pulse Width ; u_pll|altpll_component|auto_generated|pll1|clk[0] ; Rise       ; deadtime_gen:u_dt_b_legB|cnt_n[5]    ;
; 3.051 ; 3.271        ; 0.220          ; High Pulse Width ; u_pll|altpll_component|auto_generated|pll1|clk[0] ; Rise       ; deadtime_gen:u_dt_b_legB|cnt_n[6]    ;
; 3.051 ; 3.271        ; 0.220          ; High Pulse Width ; u_pll|altpll_component|auto_generated|pll1|clk[0] ; Rise       ; deadtime_gen:u_dt_b_legB|cnt_n[7]    ;
; 3.051 ; 3.271        ; 0.220          ; High Pulse Width ; u_pll|altpll_component|auto_generated|pll1|clk[0] ; Rise       ; deadtime_gen:u_dt_b_legB|n_reg       ;
; 3.051 ; 3.271        ; 0.220          ; High Pulse Width ; u_pll|altpll_component|auto_generated|pll1|clk[0] ; Rise       ; deadtime_gen:u_dt_c_legB|cnt_n[0]    ;
; 3.051 ; 3.271        ; 0.220          ; High Pulse Width ; u_pll|altpll_component|auto_generated|pll1|clk[0] ; Rise       ; deadtime_gen:u_dt_c_legB|cnt_n[1]    ;
; 3.051 ; 3.271        ; 0.220          ; High Pulse Width ; u_pll|altpll_component|auto_generated|pll1|clk[0] ; Rise       ; deadtime_gen:u_dt_c_legB|cnt_n[2]    ;
; 3.051 ; 3.271        ; 0.220          ; High Pulse Width ; u_pll|altpll_component|auto_generated|pll1|clk[0] ; Rise       ; deadtime_gen:u_dt_c_legB|cnt_n[3]    ;
; 3.051 ; 3.271        ; 0.220          ; High Pulse Width ; u_pll|altpll_component|auto_generated|pll1|clk[0] ; Rise       ; deadtime_gen:u_dt_c_legB|cnt_n[4]    ;
; 3.051 ; 3.271        ; 0.220          ; High Pulse Width ; u_pll|altpll_component|auto_generated|pll1|clk[0] ; Rise       ; deadtime_gen:u_dt_c_legB|cnt_n[5]    ;
; 3.051 ; 3.271        ; 0.220          ; High Pulse Width ; u_pll|altpll_component|auto_generated|pll1|clk[0] ; Rise       ; deadtime_gen:u_dt_c_legB|cnt_n[6]    ;
; 3.051 ; 3.271        ; 0.220          ; High Pulse Width ; u_pll|altpll_component|auto_generated|pll1|clk[0] ; Rise       ; deadtime_gen:u_dt_c_legB|cnt_n[7]    ;
; 3.051 ; 3.271        ; 0.220          ; High Pulse Width ; u_pll|altpll_component|auto_generated|pll1|clk[0] ; Rise       ; deadtime_gen:u_dt_c_legB|cnt_p[0]    ;
; 3.051 ; 3.271        ; 0.220          ; High Pulse Width ; u_pll|altpll_component|auto_generated|pll1|clk[0] ; Rise       ; deadtime_gen:u_dt_c_legB|cnt_p[1]    ;
; 3.051 ; 3.271        ; 0.220          ; High Pulse Width ; u_pll|altpll_component|auto_generated|pll1|clk[0] ; Rise       ; deadtime_gen:u_dt_c_legB|cnt_p[2]    ;
; 3.051 ; 3.271        ; 0.220          ; High Pulse Width ; u_pll|altpll_component|auto_generated|pll1|clk[0] ; Rise       ; deadtime_gen:u_dt_c_legB|cnt_p[3]    ;
; 3.051 ; 3.271        ; 0.220          ; High Pulse Width ; u_pll|altpll_component|auto_generated|pll1|clk[0] ; Rise       ; deadtime_gen:u_dt_c_legB|cnt_p[4]    ;
; 3.051 ; 3.271        ; 0.220          ; High Pulse Width ; u_pll|altpll_component|auto_generated|pll1|clk[0] ; Rise       ; deadtime_gen:u_dt_c_legB|cnt_p[5]    ;
; 3.051 ; 3.271        ; 0.220          ; High Pulse Width ; u_pll|altpll_component|auto_generated|pll1|clk[0] ; Rise       ; deadtime_gen:u_dt_c_legB|cnt_p[6]    ;
; 3.051 ; 3.271        ; 0.220          ; High Pulse Width ; u_pll|altpll_component|auto_generated|pll1|clk[0] ; Rise       ; deadtime_gen:u_dt_c_legB|cnt_p[7]    ;
; 3.051 ; 3.271        ; 0.220          ; High Pulse Width ; u_pll|altpll_component|auto_generated|pll1|clk[0] ; Rise       ; deadtime_gen:u_dt_c_legB|n_reg       ;
; 3.051 ; 3.271        ; 0.220          ; High Pulse Width ; u_pll|altpll_component|auto_generated|pll1|clk[0] ; Rise       ; deadtime_gen:u_dt_c_legB|p_reg       ;
; 3.051 ; 3.271        ; 0.220          ; High Pulse Width ; u_pll|altpll_component|auto_generated|pll1|clk[0] ; Rise       ; deadtime_gen:u_dt_h1a_legA|cnt_p[0]  ;
; 3.051 ; 3.271        ; 0.220          ; High Pulse Width ; u_pll|altpll_component|auto_generated|pll1|clk[0] ; Rise       ; deadtime_gen:u_dt_h1a_legA|cnt_p[1]  ;
; 3.051 ; 3.271        ; 0.220          ; High Pulse Width ; u_pll|altpll_component|auto_generated|pll1|clk[0] ; Rise       ; deadtime_gen:u_dt_h1a_legA|cnt_p[2]  ;
; 3.051 ; 3.271        ; 0.220          ; High Pulse Width ; u_pll|altpll_component|auto_generated|pll1|clk[0] ; Rise       ; deadtime_gen:u_dt_h1a_legA|cnt_p[3]  ;
; 3.051 ; 3.271        ; 0.220          ; High Pulse Width ; u_pll|altpll_component|auto_generated|pll1|clk[0] ; Rise       ; deadtime_gen:u_dt_h1a_legA|cnt_p[4]  ;
; 3.051 ; 3.271        ; 0.220          ; High Pulse Width ; u_pll|altpll_component|auto_generated|pll1|clk[0] ; Rise       ; deadtime_gen:u_dt_h1a_legA|cnt_p[5]  ;
; 3.051 ; 3.271        ; 0.220          ; High Pulse Width ; u_pll|altpll_component|auto_generated|pll1|clk[0] ; Rise       ; deadtime_gen:u_dt_h1a_legA|cnt_p[6]  ;
; 3.051 ; 3.271        ; 0.220          ; High Pulse Width ; u_pll|altpll_component|auto_generated|pll1|clk[0] ; Rise       ; deadtime_gen:u_dt_h1a_legA|cnt_p[7]  ;
; 3.051 ; 3.271        ; 0.220          ; High Pulse Width ; u_pll|altpll_component|auto_generated|pll1|clk[0] ; Rise       ; deadtime_gen:u_dt_h1a_legA|p_reg     ;
; 3.051 ; 3.271        ; 0.220          ; High Pulse Width ; u_pll|altpll_component|auto_generated|pll1|clk[0] ; Rise       ; deadtime_gen:u_dt_h1a_legB|cnt_n[0]  ;
; 3.051 ; 3.271        ; 0.220          ; High Pulse Width ; u_pll|altpll_component|auto_generated|pll1|clk[0] ; Rise       ; deadtime_gen:u_dt_h1a_legB|cnt_n[1]  ;
; 3.051 ; 3.271        ; 0.220          ; High Pulse Width ; u_pll|altpll_component|auto_generated|pll1|clk[0] ; Rise       ; deadtime_gen:u_dt_h1a_legB|cnt_n[2]  ;
; 3.051 ; 3.271        ; 0.220          ; High Pulse Width ; u_pll|altpll_component|auto_generated|pll1|clk[0] ; Rise       ; deadtime_gen:u_dt_h1a_legB|cnt_n[3]  ;
; 3.051 ; 3.271        ; 0.220          ; High Pulse Width ; u_pll|altpll_component|auto_generated|pll1|clk[0] ; Rise       ; deadtime_gen:u_dt_h1a_legB|cnt_n[4]  ;
; 3.051 ; 3.271        ; 0.220          ; High Pulse Width ; u_pll|altpll_component|auto_generated|pll1|clk[0] ; Rise       ; deadtime_gen:u_dt_h1a_legB|cnt_n[5]  ;
; 3.051 ; 3.271        ; 0.220          ; High Pulse Width ; u_pll|altpll_component|auto_generated|pll1|clk[0] ; Rise       ; deadtime_gen:u_dt_h1a_legB|cnt_n[6]  ;
; 3.051 ; 3.271        ; 0.220          ; High Pulse Width ; u_pll|altpll_component|auto_generated|pll1|clk[0] ; Rise       ; deadtime_gen:u_dt_h1a_legB|cnt_n[7]  ;
; 3.051 ; 3.271        ; 0.220          ; High Pulse Width ; u_pll|altpll_component|auto_generated|pll1|clk[0] ; Rise       ; deadtime_gen:u_dt_h1a_legB|n_reg     ;
; 3.051 ; 3.271        ; 0.220          ; High Pulse Width ; u_pll|altpll_component|auto_generated|pll1|clk[0] ; Rise       ; deadtime_gen:u_dt_h1b_legA|cnt_p[0]  ;
; 3.051 ; 3.271        ; 0.220          ; High Pulse Width ; u_pll|altpll_component|auto_generated|pll1|clk[0] ; Rise       ; deadtime_gen:u_dt_h1b_legA|cnt_p[1]  ;
; 3.051 ; 3.271        ; 0.220          ; High Pulse Width ; u_pll|altpll_component|auto_generated|pll1|clk[0] ; Rise       ; deadtime_gen:u_dt_h1b_legA|cnt_p[2]  ;
; 3.051 ; 3.271        ; 0.220          ; High Pulse Width ; u_pll|altpll_component|auto_generated|pll1|clk[0] ; Rise       ; deadtime_gen:u_dt_h1b_legA|cnt_p[3]  ;
; 3.051 ; 3.271        ; 0.220          ; High Pulse Width ; u_pll|altpll_component|auto_generated|pll1|clk[0] ; Rise       ; deadtime_gen:u_dt_h1b_legA|cnt_p[4]  ;
; 3.051 ; 3.271        ; 0.220          ; High Pulse Width ; u_pll|altpll_component|auto_generated|pll1|clk[0] ; Rise       ; deadtime_gen:u_dt_h1b_legA|cnt_p[5]  ;
; 3.051 ; 3.271        ; 0.220          ; High Pulse Width ; u_pll|altpll_component|auto_generated|pll1|clk[0] ; Rise       ; deadtime_gen:u_dt_h1b_legA|cnt_p[6]  ;
; 3.051 ; 3.271        ; 0.220          ; High Pulse Width ; u_pll|altpll_component|auto_generated|pll1|clk[0] ; Rise       ; deadtime_gen:u_dt_h1b_legA|cnt_p[7]  ;
; 3.051 ; 3.271        ; 0.220          ; High Pulse Width ; u_pll|altpll_component|auto_generated|pll1|clk[0] ; Rise       ; deadtime_gen:u_dt_h1b_legA|p_reg     ;
; 3.051 ; 3.271        ; 0.220          ; High Pulse Width ; u_pll|altpll_component|auto_generated|pll1|clk[0] ; Rise       ; deadtime_gen:u_dt_h1b_legB|cnt_p[0]  ;
; 3.051 ; 3.271        ; 0.220          ; High Pulse Width ; u_pll|altpll_component|auto_generated|pll1|clk[0] ; Rise       ; deadtime_gen:u_dt_h1b_legB|cnt_p[1]  ;
; 3.051 ; 3.271        ; 0.220          ; High Pulse Width ; u_pll|altpll_component|auto_generated|pll1|clk[0] ; Rise       ; deadtime_gen:u_dt_h1b_legB|cnt_p[2]  ;
; 3.051 ; 3.271        ; 0.220          ; High Pulse Width ; u_pll|altpll_component|auto_generated|pll1|clk[0] ; Rise       ; deadtime_gen:u_dt_h1b_legB|cnt_p[3]  ;
; 3.051 ; 3.271        ; 0.220          ; High Pulse Width ; u_pll|altpll_component|auto_generated|pll1|clk[0] ; Rise       ; deadtime_gen:u_dt_h1b_legB|cnt_p[4]  ;
; 3.051 ; 3.271        ; 0.220          ; High Pulse Width ; u_pll|altpll_component|auto_generated|pll1|clk[0] ; Rise       ; deadtime_gen:u_dt_h1b_legB|cnt_p[5]  ;
; 3.051 ; 3.271        ; 0.220          ; High Pulse Width ; u_pll|altpll_component|auto_generated|pll1|clk[0] ; Rise       ; deadtime_gen:u_dt_h1b_legB|cnt_p[6]  ;
; 3.051 ; 3.271        ; 0.220          ; High Pulse Width ; u_pll|altpll_component|auto_generated|pll1|clk[0] ; Rise       ; deadtime_gen:u_dt_h1b_legB|cnt_p[7]  ;
; 3.051 ; 3.271        ; 0.220          ; High Pulse Width ; u_pll|altpll_component|auto_generated|pll1|clk[0] ; Rise       ; deadtime_gen:u_dt_h1b_legB|p_reg     ;
+-------+--------------+----------------+------------------+---------------------------------------------------+------------+--------------------------------------+


+------------------------------------------------------------------------------------------------------------------------------------------------+
; Slow 1200mV 85C Model Minimum Pulse Width: 'clk_50m'                                                                                           ;
+--------+--------------+----------------+------------------+---------+------------+-------------------------------------------------------------+
; Slack  ; Actual Width ; Required Width ; Type             ; Clock   ; Clock Edge ; Target                                                      ;
+--------+--------------+----------------+------------------+---------+------------+-------------------------------------------------------------+
; 9.858  ; 9.858        ; 0.000          ; Low Pulse Width  ; clk_50m ; Rise       ; u_pll|altpll_component|auto_generated|pll1|clk[0]           ;
; 9.858  ; 9.858        ; 0.000          ; Low Pulse Width  ; clk_50m ; Rise       ; u_pll|altpll_component|auto_generated|pll1|observablevcoout ;
; 9.891  ; 9.891        ; 0.000          ; Low Pulse Width  ; clk_50m ; Rise       ; clk_50m~input|o                                             ;
; 9.914  ; 9.914        ; 0.000          ; Low Pulse Width  ; clk_50m ; Rise       ; u_pll|altpll_component|auto_generated|pll1|inclk[0]         ;
; 10.000 ; 10.000       ; 0.000          ; High Pulse Width ; clk_50m ; Rise       ; clk_50m~input|i                                             ;
; 10.000 ; 10.000       ; 0.000          ; Low Pulse Width  ; clk_50m ; Rise       ; clk_50m~input|i                                             ;
; 10.085 ; 10.085       ; 0.000          ; High Pulse Width ; clk_50m ; Rise       ; u_pll|altpll_component|auto_generated|pll1|inclk[0]         ;
; 10.109 ; 10.109       ; 0.000          ; High Pulse Width ; clk_50m ; Rise       ; clk_50m~input|o                                             ;
; 10.141 ; 10.141       ; 0.000          ; High Pulse Width ; clk_50m ; Rise       ; u_pll|altpll_component|auto_generated|pll1|clk[0]           ;
; 10.141 ; 10.141       ; 0.000          ; High Pulse Width ; clk_50m ; Rise       ; u_pll|altpll_component|auto_generated|pll1|observablevcoout ;
; 16.000 ; 20.000       ; 4.000          ; Port Rate        ; clk_50m ; Rise       ; clk_50m                                                     ;
+--------+--------------+----------------+------------------+---------+------------+-------------------------------------------------------------+


+------------------------------------------------------------------------------------------------------------------+
; Clock to Output Times                                                                                            ;
+--------------------+------------+-------+-------+------------+---------------------------------------------------+
; Data Port          ; Clock Port ; Rise  ; Fall  ; Clock Edge ; Clock Reference                                   ;
+--------------------+------------+-------+-------+------------+---------------------------------------------------+
; cap_high_time[*]   ; clk_50m    ; 7.257 ; 6.716 ; Rise       ; u_pll|altpll_component|auto_generated|pll1|clk[0] ;
;  cap_high_time[0]  ; clk_50m    ; 5.067 ; 4.811 ; Rise       ; u_pll|altpll_component|auto_generated|pll1|clk[0] ;
;  cap_high_time[1]  ; clk_50m    ; 4.637 ; 4.440 ; Rise       ; u_pll|altpll_component|auto_generated|pll1|clk[0] ;
;  cap_high_time[2]  ; clk_50m    ; 5.001 ; 4.780 ; Rise       ; u_pll|altpll_component|auto_generated|pll1|clk[0] ;
;  cap_high_time[3]  ; clk_50m    ; 5.011 ; 4.758 ; Rise       ; u_pll|altpll_component|auto_generated|pll1|clk[0] ;
;  cap_high_time[4]  ; clk_50m    ; 4.393 ; 4.236 ; Rise       ; u_pll|altpll_component|auto_generated|pll1|clk[0] ;
;  cap_high_time[5]  ; clk_50m    ; 7.257 ; 6.716 ; Rise       ; u_pll|altpll_component|auto_generated|pll1|clk[0] ;
;  cap_high_time[6]  ; clk_50m    ; 4.351 ; 4.196 ; Rise       ; u_pll|altpll_component|auto_generated|pll1|clk[0] ;
;  cap_high_time[7]  ; clk_50m    ; 4.727 ; 4.535 ; Rise       ; u_pll|altpll_component|auto_generated|pll1|clk[0] ;
;  cap_high_time[8]  ; clk_50m    ; 6.590 ; 6.085 ; Rise       ; u_pll|altpll_component|auto_generated|pll1|clk[0] ;
;  cap_high_time[9]  ; clk_50m    ; 4.379 ; 4.219 ; Rise       ; u_pll|altpll_component|auto_generated|pll1|clk[0] ;
;  cap_high_time[10] ; clk_50m    ; 4.827 ; 4.633 ; Rise       ; u_pll|altpll_component|auto_generated|pll1|clk[0] ;
;  cap_high_time[11] ; clk_50m    ; 5.165 ; 4.939 ; Rise       ; u_pll|altpll_component|auto_generated|pll1|clk[0] ;
;  cap_high_time[12] ; clk_50m    ; 4.906 ; 4.733 ; Rise       ; u_pll|altpll_component|auto_generated|pll1|clk[0] ;
;  cap_high_time[13] ; clk_50m    ; 4.372 ; 4.212 ; Rise       ; u_pll|altpll_component|auto_generated|pll1|clk[0] ;
;  cap_high_time[14] ; clk_50m    ; 4.614 ; 4.421 ; Rise       ; u_pll|altpll_component|auto_generated|pll1|clk[0] ;
;  cap_high_time[15] ; clk_50m    ; 5.195 ; 4.980 ; Rise       ; u_pll|altpll_component|auto_generated|pll1|clk[0] ;
; cap_period[*]      ; clk_50m    ; 5.181 ; 4.964 ; Rise       ; u_pll|altpll_component|auto_generated|pll1|clk[0] ;
;  cap_period[0]     ; clk_50m    ; 4.388 ; 4.235 ; Rise       ; u_pll|altpll_component|auto_generated|pll1|clk[0] ;
;  cap_period[1]     ; clk_50m    ; 5.181 ; 4.964 ; Rise       ; u_pll|altpll_component|auto_generated|pll1|clk[0] ;
;  cap_period[2]     ; clk_50m    ; 5.015 ; 4.760 ; Rise       ; u_pll|altpll_component|auto_generated|pll1|clk[0] ;
;  cap_period[3]     ; clk_50m    ; 4.372 ; 4.220 ; Rise       ; u_pll|altpll_component|auto_generated|pll1|clk[0] ;
;  cap_period[4]     ; clk_50m    ; 4.998 ; 4.739 ; Rise       ; u_pll|altpll_component|auto_generated|pll1|clk[0] ;
;  cap_period[5]     ; clk_50m    ; 4.684 ; 4.495 ; Rise       ; u_pll|altpll_component|auto_generated|pll1|clk[0] ;
;  cap_period[6]     ; clk_50m    ; 4.753 ; 4.547 ; Rise       ; u_pll|altpll_component|auto_generated|pll1|clk[0] ;
;  cap_period[7]     ; clk_50m    ; 4.382 ; 4.226 ; Rise       ; u_pll|altpll_component|auto_generated|pll1|clk[0] ;
;  cap_period[8]     ; clk_50m    ; 4.989 ; 4.752 ; Rise       ; u_pll|altpll_component|auto_generated|pll1|clk[0] ;
;  cap_period[9]     ; clk_50m    ; 5.061 ; 4.804 ; Rise       ; u_pll|altpll_component|auto_generated|pll1|clk[0] ;
;  cap_period[10]    ; clk_50m    ; 4.402 ; 4.241 ; Rise       ; u_pll|altpll_component|auto_generated|pll1|clk[0] ;
;  cap_period[11]    ; clk_50m    ; 4.749 ; 4.553 ; Rise       ; u_pll|altpll_component|auto_generated|pll1|clk[0] ;
;  cap_period[12]    ; clk_50m    ; 4.666 ; 4.474 ; Rise       ; u_pll|altpll_component|auto_generated|pll1|clk[0] ;
;  cap_period[13]    ; clk_50m    ; 4.404 ; 4.249 ; Rise       ; u_pll|altpll_component|auto_generated|pll1|clk[0] ;
;  cap_period[14]    ; clk_50m    ; 4.394 ; 4.233 ; Rise       ; u_pll|altpll_component|auto_generated|pll1|clk[0] ;
;  cap_period[15]    ; clk_50m    ; 4.980 ; 4.755 ; Rise       ; u_pll|altpll_component|auto_generated|pll1|clk[0] ;
; cap_valid          ; clk_50m    ; 7.895 ; 7.250 ; Rise       ; u_pll|altpll_component|auto_generated|pll1|clk[0] ;
; gates_out[*]       ; clk_50m    ; 7.969 ; 7.383 ; Rise       ; u_pll|altpll_component|auto_generated|pll1|clk[0] ;
;  gates_out[0]      ; clk_50m    ; 6.119 ; 5.899 ; Rise       ; u_pll|altpll_component|auto_generated|pll1|clk[0] ;
;  gates_out[1]      ; clk_50m    ; 5.787 ; 5.617 ; Rise       ; u_pll|altpll_component|auto_generated|pll1|clk[0] ;
;  gates_out[2]      ; clk_50m    ; 6.276 ; 6.103 ; Rise       ; u_pll|altpll_component|auto_generated|pll1|clk[0] ;
;  gates_out[3]      ; clk_50m    ; 6.403 ; 6.121 ; Rise       ; u_pll|altpll_component|auto_generated|pll1|clk[0] ;
;  gates_out[4]      ; clk_50m    ; 7.648 ; 7.374 ; Rise       ; u_pll|altpll_component|auto_generated|pll1|clk[0] ;
;  gates_out[5]      ; clk_50m    ; 7.063 ; 6.681 ; Rise       ; u_pll|altpll_component|auto_generated|pll1|clk[0] ;
;  gates_out[6]      ; clk_50m    ; 7.262 ; 7.075 ; Rise       ; u_pll|altpll_component|auto_generated|pll1|clk[0] ;
;  gates_out[7]      ; clk_50m    ; 7.197 ; 6.765 ; Rise       ; u_pll|altpll_component|auto_generated|pll1|clk[0] ;
;  gates_out[8]      ; clk_50m    ; 7.969 ; 7.383 ; Rise       ; u_pll|altpll_component|auto_generated|pll1|clk[0] ;
;  gates_out[9]      ; clk_50m    ; 5.309 ; 5.161 ; Rise       ; u_pll|altpll_component|auto_generated|pll1|clk[0] ;
;  gates_out[10]     ; clk_50m    ; 7.477 ; 7.204 ; Rise       ; u_pll|altpll_component|auto_generated|pll1|clk[0] ;
;  gates_out[11]     ; clk_50m    ; 6.638 ; 6.284 ; Rise       ; u_pll|altpll_component|auto_generated|pll1|clk[0] ;
;  gates_out[12]     ; clk_50m    ; 6.904 ; 6.605 ; Rise       ; u_pll|altpll_component|auto_generated|pll1|clk[0] ;
;  gates_out[14]     ; clk_50m    ; 7.026 ; 6.708 ; Rise       ; u_pll|altpll_component|auto_generated|pll1|clk[0] ;
;  gates_out[15]     ; clk_50m    ; 7.620 ; 7.227 ; Rise       ; u_pll|altpll_component|auto_generated|pll1|clk[0] ;
;  gates_out[16]     ; clk_50m    ; 6.073 ; 5.805 ; Rise       ; u_pll|altpll_component|auto_generated|pll1|clk[0] ;
;  gates_out[18]     ; clk_50m    ; 6.301 ; 6.170 ; Rise       ; u_pll|altpll_component|auto_generated|pll1|clk[0] ;
;  gates_out[19]     ; clk_50m    ; 5.988 ; 5.669 ; Rise       ; u_pll|altpll_component|auto_generated|pll1|clk[0] ;
;  gates_out[20]     ; clk_50m    ; 5.993 ; 5.721 ; Rise       ; u_pll|altpll_component|auto_generated|pll1|clk[0] ;
;  gates_out[22]     ; clk_50m    ; 6.478 ; 6.225 ; Rise       ; u_pll|altpll_component|auto_generated|pll1|clk[0] ;
;  gates_out[23]     ; clk_50m    ; 6.028 ; 5.795 ; Rise       ; u_pll|altpll_component|auto_generated|pll1|clk[0] ;
+--------------------+------------+-------+-------+------------+---------------------------------------------------+


+------------------------------------------------------------------------------------------------------------------+
; Minimum Clock to Output Times                                                                                    ;
+--------------------+------------+-------+-------+------------+---------------------------------------------------+
; Data Port          ; Clock Port ; Rise  ; Fall  ; Clock Edge ; Clock Reference                                   ;
+--------------------+------------+-------+-------+------------+---------------------------------------------------+
; cap_high_time[*]   ; clk_50m    ; 3.792 ; 3.639 ; Rise       ; u_pll|altpll_component|auto_generated|pll1|clk[0] ;
;  cap_high_time[0]  ; clk_50m    ; 4.479 ; 4.229 ; Rise       ; u_pll|altpll_component|auto_generated|pll1|clk[0] ;
;  cap_high_time[1]  ; clk_50m    ; 4.067 ; 3.872 ; Rise       ; u_pll|altpll_component|auto_generated|pll1|clk[0] ;
;  cap_high_time[2]  ; clk_50m    ; 4.415 ; 4.199 ; Rise       ; u_pll|altpll_component|auto_generated|pll1|clk[0] ;
;  cap_high_time[3]  ; clk_50m    ; 4.425 ; 4.178 ; Rise       ; u_pll|altpll_component|auto_generated|pll1|clk[0] ;
;  cap_high_time[4]  ; clk_50m    ; 3.833 ; 3.677 ; Rise       ; u_pll|altpll_component|auto_generated|pll1|clk[0] ;
;  cap_high_time[5]  ; clk_50m    ; 6.664 ; 6.127 ; Rise       ; u_pll|altpll_component|auto_generated|pll1|clk[0] ;
;  cap_high_time[6]  ; clk_50m    ; 3.792 ; 3.639 ; Rise       ; u_pll|altpll_component|auto_generated|pll1|clk[0] ;
;  cap_high_time[7]  ; clk_50m    ; 4.153 ; 3.964 ; Rise       ; u_pll|altpll_component|auto_generated|pll1|clk[0] ;
;  cap_high_time[8]  ; clk_50m    ; 6.029 ; 5.525 ; Rise       ; u_pll|altpll_component|auto_generated|pll1|clk[0] ;
;  cap_high_time[9]  ; clk_50m    ; 3.818 ; 3.660 ; Rise       ; u_pll|altpll_component|auto_generated|pll1|clk[0] ;
;  cap_high_time[10] ; clk_50m    ; 4.249 ; 4.058 ; Rise       ; u_pll|altpll_component|auto_generated|pll1|clk[0] ;
;  cap_high_time[11] ; clk_50m    ; 4.574 ; 4.352 ; Rise       ; u_pll|altpll_component|auto_generated|pll1|clk[0] ;
;  cap_high_time[12] ; clk_50m    ; 4.325 ; 4.154 ; Rise       ; u_pll|altpll_component|auto_generated|pll1|clk[0] ;
;  cap_high_time[13] ; clk_50m    ; 3.812 ; 3.653 ; Rise       ; u_pll|altpll_component|auto_generated|pll1|clk[0] ;
;  cap_high_time[14] ; clk_50m    ; 4.044 ; 3.854 ; Rise       ; u_pll|altpll_component|auto_generated|pll1|clk[0] ;
;  cap_high_time[15] ; clk_50m    ; 4.602 ; 4.391 ; Rise       ; u_pll|altpll_component|auto_generated|pll1|clk[0] ;
; cap_period[*]      ; clk_50m    ; 3.812 ; 3.661 ; Rise       ; u_pll|altpll_component|auto_generated|pll1|clk[0] ;
;  cap_period[0]     ; clk_50m    ; 3.827 ; 3.675 ; Rise       ; u_pll|altpll_component|auto_generated|pll1|clk[0] ;
;  cap_period[1]     ; clk_50m    ; 4.590 ; 4.377 ; Rise       ; u_pll|altpll_component|auto_generated|pll1|clk[0] ;
;  cap_period[2]     ; clk_50m    ; 4.429 ; 4.179 ; Rise       ; u_pll|altpll_component|auto_generated|pll1|clk[0] ;
;  cap_period[3]     ; clk_50m    ; 3.812 ; 3.661 ; Rise       ; u_pll|altpll_component|auto_generated|pll1|clk[0] ;
;  cap_period[4]     ; clk_50m    ; 4.413 ; 4.160 ; Rise       ; u_pll|altpll_component|auto_generated|pll1|clk[0] ;
;  cap_period[5]     ; clk_50m    ; 4.111 ; 3.924 ; Rise       ; u_pll|altpll_component|auto_generated|pll1|clk[0] ;
;  cap_period[6]     ; clk_50m    ; 4.176 ; 3.974 ; Rise       ; u_pll|altpll_component|auto_generated|pll1|clk[0] ;
;  cap_period[7]     ; clk_50m    ; 3.821 ; 3.666 ; Rise       ; u_pll|altpll_component|auto_generated|pll1|clk[0] ;
;  cap_period[8]     ; clk_50m    ; 4.403 ; 4.171 ; Rise       ; u_pll|altpll_component|auto_generated|pll1|clk[0] ;
;  cap_period[9]     ; clk_50m    ; 4.472 ; 4.221 ; Rise       ; u_pll|altpll_component|auto_generated|pll1|clk[0] ;
;  cap_period[10]    ; clk_50m    ; 3.842 ; 3.683 ; Rise       ; u_pll|altpll_component|auto_generated|pll1|clk[0] ;
;  cap_period[11]    ; clk_50m    ; 4.173 ; 3.981 ; Rise       ; u_pll|altpll_component|auto_generated|pll1|clk[0] ;
;  cap_period[12]    ; clk_50m    ; 4.094 ; 3.905 ; Rise       ; u_pll|altpll_component|auto_generated|pll1|clk[0] ;
;  cap_period[13]    ; clk_50m    ; 3.844 ; 3.691 ; Rise       ; u_pll|altpll_component|auto_generated|pll1|clk[0] ;
;  cap_period[14]    ; clk_50m    ; 3.832 ; 3.673 ; Rise       ; u_pll|altpll_component|auto_generated|pll1|clk[0] ;
;  cap_period[15]    ; clk_50m    ; 4.396 ; 4.175 ; Rise       ; u_pll|altpll_component|auto_generated|pll1|clk[0] ;
; cap_valid          ; clk_50m    ; 7.283 ; 6.645 ; Rise       ; u_pll|altpll_component|auto_generated|pll1|clk[0] ;
; gates_out[*]       ; clk_50m    ; 4.592 ; 4.468 ; Rise       ; u_pll|altpll_component|auto_generated|pll1|clk[0] ;
;  gates_out[0]      ; clk_50m    ; 5.077 ; 4.879 ; Rise       ; u_pll|altpll_component|auto_generated|pll1|clk[0] ;
;  gates_out[1]      ; clk_50m    ; 4.812 ; 4.556 ; Rise       ; u_pll|altpll_component|auto_generated|pll1|clk[0] ;
;  gates_out[2]      ; clk_50m    ; 5.058 ; 4.774 ; Rise       ; u_pll|altpll_component|auto_generated|pll1|clk[0] ;
;  gates_out[3]      ; clk_50m    ; 5.088 ; 4.855 ; Rise       ; u_pll|altpll_component|auto_generated|pll1|clk[0] ;
;  gates_out[4]      ; clk_50m    ; 6.396 ; 6.022 ; Rise       ; u_pll|altpll_component|auto_generated|pll1|clk[0] ;
;  gates_out[5]      ; clk_50m    ; 5.814 ; 5.540 ; Rise       ; u_pll|altpll_component|auto_generated|pll1|clk[0] ;
;  gates_out[6]      ; clk_50m    ; 6.219 ; 5.920 ; Rise       ; u_pll|altpll_component|auto_generated|pll1|clk[0] ;
;  gates_out[7]      ; clk_50m    ; 6.134 ; 5.822 ; Rise       ; u_pll|altpll_component|auto_generated|pll1|clk[0] ;
;  gates_out[8]      ; clk_50m    ; 7.263 ; 6.675 ; Rise       ; u_pll|altpll_component|auto_generated|pll1|clk[0] ;
;  gates_out[9]      ; clk_50m    ; 4.592 ; 4.468 ; Rise       ; u_pll|altpll_component|auto_generated|pll1|clk[0] ;
;  gates_out[10]     ; clk_50m    ; 6.389 ; 6.034 ; Rise       ; u_pll|altpll_component|auto_generated|pll1|clk[0] ;
;  gates_out[11]     ; clk_50m    ; 5.521 ; 5.249 ; Rise       ; u_pll|altpll_component|auto_generated|pll1|clk[0] ;
;  gates_out[12]     ; clk_50m    ; 6.221 ; 5.927 ; Rise       ; u_pll|altpll_component|auto_generated|pll1|clk[0] ;
;  gates_out[14]     ; clk_50m    ; 6.031 ; 5.721 ; Rise       ; u_pll|altpll_component|auto_generated|pll1|clk[0] ;
;  gates_out[15]     ; clk_50m    ; 6.528 ; 6.136 ; Rise       ; u_pll|altpll_component|auto_generated|pll1|clk[0] ;
;  gates_out[16]     ; clk_50m    ; 5.426 ; 5.154 ; Rise       ; u_pll|altpll_component|auto_generated|pll1|clk[0] ;
;  gates_out[18]     ; clk_50m    ; 5.427 ; 5.141 ; Rise       ; u_pll|altpll_component|auto_generated|pll1|clk[0] ;
;  gates_out[19]     ; clk_50m    ; 5.058 ; 4.892 ; Rise       ; u_pll|altpll_component|auto_generated|pll1|clk[0] ;
;  gates_out[20]     ; clk_50m    ; 5.344 ; 5.069 ; Rise       ; u_pll|altpll_component|auto_generated|pll1|clk[0] ;
;  gates_out[22]     ; clk_50m    ; 5.821 ; 5.493 ; Rise       ; u_pll|altpll_component|auto_generated|pll1|clk[0] ;
;  gates_out[23]     ; clk_50m    ; 5.397 ; 5.108 ; Rise       ; u_pll|altpll_component|auto_generated|pll1|clk[0] ;
+--------------------+------------+-------+-------+------------+---------------------------------------------------+


----------------------------------------------
; Slow 1200mV 85C Model Metastability Report ;
----------------------------------------------
No synchronizer chains to report.


+-----------------------------------------------------------------------------------------+
; Slow 1200mV 0C Model Fmax Summary                                                       ;
+------------+-----------------+---------------------------------------------------+------+
; Fmax       ; Restricted Fmax ; Clock Name                                        ; Note ;
+------------+-----------------+---------------------------------------------------+------+
; 226.14 MHz ; 226.14 MHz      ; u_pll|altpll_component|auto_generated|pll1|clk[0] ;      ;
+------------+-----------------+---------------------------------------------------+------+
This panel reports FMAX for every clock in the design, regardless of the user-specified clock periods.  FMAX is only computed for paths where the source and destination registers or ports are driven by the same clock.  Paths of different clocks, including generated clocks, are ignored.  For paths between a clock and its inversion, FMAX is computed as if the rising and falling edges are scaled along with FMAX, such that the duty cycle (in terms of a percentage) is maintained. Altera recommends that you always use clock constraints and other slack reports for sign-off analysis.


+---------------------------------------------------------------------------+
; Slow 1200mV 0C Model Setup Summary                                        ;
+---------------------------------------------------+-------+---------------+
; Clock                                             ; Slack ; End Point TNS ;
+---------------------------------------------------+-------+---------------+
; u_pll|altpll_component|auto_generated|pll1|clk[0] ; 2.244 ; 0.000         ;
+---------------------------------------------------+-------+---------------+


+---------------------------------------------------------------------------+
; Slow 1200mV 0C Model Hold Summary                                         ;
+---------------------------------------------------+-------+---------------+
; Clock                                             ; Slack ; End Point TNS ;
+---------------------------------------------------+-------+---------------+
; u_pll|altpll_component|auto_generated|pll1|clk[0] ; 0.402 ; 0.000         ;
+---------------------------------------------------+-------+---------------+


-----------------------------------------
; Slow 1200mV 0C Model Recovery Summary ;
-----------------------------------------
No paths to report.


----------------------------------------
; Slow 1200mV 0C Model Removal Summary ;
----------------------------------------
No paths to report.


+---------------------------------------------------------------------------+
; Slow 1200mV 0C Model Minimum Pulse Width Summary                          ;
+---------------------------------------------------+-------+---------------+
; Clock                                             ; Slack ; End Point TNS ;
+---------------------------------------------------+-------+---------------+
; u_pll|altpll_component|auto_generated|pll1|clk[0] ; 3.047 ; 0.000         ;
; clk_50m                                           ; 9.855 ; 0.000         ;
+---------------------------------------------------+-------+---------------+


+--------------------------------------------------------------------------------------------------------------------------------------------------------------------------------------------------------------------------------------+
; Slow 1200mV 0C Model Setup: 'u_pll|altpll_component|auto_generated|pll1|clk[0]'                                                                                                                                                      ;
+-------+--------------------------------------+--------------------------------------+---------------------------------------------------+---------------------------------------------------+--------------+------------+------------+
; Slack ; From Node                            ; To Node                              ; Launch Clock                                      ; Latch Clock                                       ; Relationship ; Clock Skew ; Data Delay ;
+-------+--------------------------------------+--------------------------------------+---------------------------------------------------+---------------------------------------------------+--------------+------------+------------+
; 2.244 ; CPLD_pwm_carrier:u_carrier|count[1]  ; CPLD_pwm_phase:u_phase_a|h2_gates[2] ; u_pll|altpll_component|auto_generated|pll1|clk[0] ; u_pll|altpll_component|auto_generated|pll1|clk[0] ; 6.666        ; -0.071     ; 4.353      ;
; 2.244 ; CPLD_pwm_carrier:u_carrier|count[1]  ; CPLD_pwm_phase:u_phase_b|h2_gates[2] ; u_pll|altpll_component|auto_generated|pll1|clk[0] ; u_pll|altpll_component|auto_generated|pll1|clk[0] ; 6.666        ; -0.071     ; 4.353      ;
; 2.245 ; CPLD_pwm_carrier:u_carrier|count[1]  ; CPLD_pwm_phase:u_phase_c|h2_gates[2] ; u_pll|altpll_component|auto_generated|pll1|clk[0] ; u_pll|altpll_component|auto_generated|pll1|clk[0] ; 6.666        ; -0.071     ; 4.352      ;
; 2.254 ; CPLD_pwm_carrier:u_carrier|count[0]  ; CPLD_pwm_phase:u_phase_a|h2_gates[2] ; u_pll|altpll_component|auto_generated|pll1|clk[0] ; u_pll|altpll_component|auto_generated|pll1|clk[0] ; 6.666        ; -0.072     ; 4.342      ;
; 2.254 ; CPLD_pwm_carrier:u_carrier|count[0]  ; CPLD_pwm_phase:u_phase_b|h2_gates[2] ; u_pll|altpll_component|auto_generated|pll1|clk[0] ; u_pll|altpll_component|auto_generated|pll1|clk[0] ; 6.666        ; -0.072     ; 4.342      ;
; 2.255 ; CPLD_pwm_carrier:u_carrier|count[0]  ; CPLD_pwm_phase:u_phase_c|h2_gates[2] ; u_pll|altpll_component|auto_generated|pll1|clk[0] ; u_pll|altpll_component|auto_generated|pll1|clk[0] ; 6.666        ; -0.072     ; 4.341      ;
; 2.305 ; CPLD_pwm_carrier:u_carrier|count[3]  ; CPLD_pwm_phase:u_phase_a|h2_gates[2] ; u_pll|altpll_component|auto_generated|pll1|clk[0] ; u_pll|altpll_component|auto_generated|pll1|clk[0] ; 6.666        ; -0.072     ; 4.291      ;
; 2.305 ; CPLD_pwm_carrier:u_carrier|count[3]  ; CPLD_pwm_phase:u_phase_b|h2_gates[2] ; u_pll|altpll_component|auto_generated|pll1|clk[0] ; u_pll|altpll_component|auto_generated|pll1|clk[0] ; 6.666        ; -0.072     ; 4.291      ;
; 2.306 ; CPLD_pwm_carrier:u_carrier|count[1]  ; CPLD_pwm_phase:u_phase_c|h2_gates[3] ; u_pll|altpll_component|auto_generated|pll1|clk[0] ; u_pll|altpll_component|auto_generated|pll1|clk[0] ; 6.666        ; -0.071     ; 4.291      ;
; 2.306 ; CPLD_pwm_carrier:u_carrier|count[3]  ; CPLD_pwm_phase:u_phase_c|h2_gates[2] ; u_pll|altpll_component|auto_generated|pll1|clk[0] ; u_pll|altpll_component|auto_generated|pll1|clk[0] ; 6.666        ; -0.072     ; 4.290      ;
; 2.316 ; CPLD_pwm_carrier:u_carrier|count[0]  ; CPLD_pwm_phase:u_phase_c|h2_gates[3] ; u_pll|altpll_component|auto_generated|pll1|clk[0] ; u_pll|altpll_component|auto_generated|pll1|clk[0] ; 6.666        ; -0.072     ; 4.280      ;
; 2.355 ; CPLD_pwm_carrier:u_carrier|count[4]  ; CPLD_pwm_phase:u_phase_a|h2_gates[2] ; u_pll|altpll_component|auto_generated|pll1|clk[0] ; u_pll|altpll_component|auto_generated|pll1|clk[0] ; 6.666        ; -0.072     ; 4.241      ;
; 2.355 ; CPLD_pwm_carrier:u_carrier|count[4]  ; CPLD_pwm_phase:u_phase_b|h2_gates[2] ; u_pll|altpll_component|auto_generated|pll1|clk[0] ; u_pll|altpll_component|auto_generated|pll1|clk[0] ; 6.666        ; -0.072     ; 4.241      ;
; 2.356 ; CPLD_pwm_carrier:u_carrier|count[4]  ; CPLD_pwm_phase:u_phase_c|h2_gates[2] ; u_pll|altpll_component|auto_generated|pll1|clk[0] ; u_pll|altpll_component|auto_generated|pll1|clk[0] ; 6.666        ; -0.072     ; 4.240      ;
; 2.367 ; CPLD_pwm_carrier:u_carrier|count[3]  ; CPLD_pwm_phase:u_phase_c|h2_gates[3] ; u_pll|altpll_component|auto_generated|pll1|clk[0] ; u_pll|altpll_component|auto_generated|pll1|clk[0] ; 6.666        ; -0.072     ; 4.229      ;
; 2.417 ; CPLD_pwm_carrier:u_carrier|count[4]  ; CPLD_pwm_phase:u_phase_c|h2_gates[3] ; u_pll|altpll_component|auto_generated|pll1|clk[0] ; u_pll|altpll_component|auto_generated|pll1|clk[0] ; 6.666        ; -0.072     ; 4.179      ;
; 2.482 ; CPLD_pwm_carrier:u_carrier|count[1]  ; CPLD_pwm_phase:u_phase_b|h2_gates[3] ; u_pll|altpll_component|auto_generated|pll1|clk[0] ; u_pll|altpll_component|auto_generated|pll1|clk[0] ; 6.666        ; -0.071     ; 4.115      ;
; 2.492 ; CPLD_pwm_carrier:u_carrier|count[5]  ; CPLD_pwm_phase:u_phase_a|h2_gates[2] ; u_pll|altpll_component|auto_generated|pll1|clk[0] ; u_pll|altpll_component|auto_generated|pll1|clk[0] ; 6.666        ; -0.071     ; 4.105      ;
; 2.492 ; CPLD_pwm_carrier:u_carrier|count[5]  ; CPLD_pwm_phase:u_phase_b|h2_gates[2] ; u_pll|altpll_component|auto_generated|pll1|clk[0] ; u_pll|altpll_component|auto_generated|pll1|clk[0] ; 6.666        ; -0.071     ; 4.105      ;
; 2.492 ; CPLD_pwm_carrier:u_carrier|count[0]  ; CPLD_pwm_phase:u_phase_b|h2_gates[3] ; u_pll|altpll_component|auto_generated|pll1|clk[0] ; u_pll|altpll_component|auto_generated|pll1|clk[0] ; 6.666        ; -0.072     ; 4.104      ;
; 2.493 ; CPLD_pwm_carrier:u_carrier|count[5]  ; CPLD_pwm_phase:u_phase_c|h2_gates[2] ; u_pll|altpll_component|auto_generated|pll1|clk[0] ; u_pll|altpll_component|auto_generated|pll1|clk[0] ; 6.666        ; -0.071     ; 4.104      ;
; 2.502 ; CPLD_pwm_carrier:u_carrier|count[1]  ; CPLD_pwm_phase:u_phase_a|h2_gates[3] ; u_pll|altpll_component|auto_generated|pll1|clk[0] ; u_pll|altpll_component|auto_generated|pll1|clk[0] ; 6.666        ; -0.071     ; 4.095      ;
; 2.543 ; CPLD_pwm_carrier:u_carrier|count[3]  ; CPLD_pwm_phase:u_phase_b|h2_gates[3] ; u_pll|altpll_component|auto_generated|pll1|clk[0] ; u_pll|altpll_component|auto_generated|pll1|clk[0] ; 6.666        ; -0.072     ; 4.053      ;
; 2.554 ; CPLD_pwm_carrier:u_carrier|count[5]  ; CPLD_pwm_phase:u_phase_c|h2_gates[3] ; u_pll|altpll_component|auto_generated|pll1|clk[0] ; u_pll|altpll_component|auto_generated|pll1|clk[0] ; 6.666        ; -0.071     ; 4.043      ;
; 2.563 ; CPLD_pwm_carrier:u_carrier|count[3]  ; CPLD_pwm_phase:u_phase_a|h2_gates[3] ; u_pll|altpll_component|auto_generated|pll1|clk[0] ; u_pll|altpll_component|auto_generated|pll1|clk[0] ; 6.666        ; -0.072     ; 4.033      ;
; 2.579 ; CPLD_pwm_carrier:u_carrier|count[2]  ; CPLD_pwm_phase:u_phase_a|h2_gates[2] ; u_pll|altpll_component|auto_generated|pll1|clk[0] ; u_pll|altpll_component|auto_generated|pll1|clk[0] ; 6.666        ; -0.073     ; 4.016      ;
; 2.579 ; CPLD_pwm_carrier:u_carrier|count[2]  ; CPLD_pwm_phase:u_phase_b|h2_gates[2] ; u_pll|altpll_component|auto_generated|pll1|clk[0] ; u_pll|altpll_component|auto_generated|pll1|clk[0] ; 6.666        ; -0.073     ; 4.016      ;
; 2.580 ; CPLD_pwm_carrier:u_carrier|count[8]  ; CPLD_pwm_phase:u_phase_a|h2_gates[2] ; u_pll|altpll_component|auto_generated|pll1|clk[0] ; u_pll|altpll_component|auto_generated|pll1|clk[0] ; 6.666        ; -0.072     ; 4.016      ;
; 2.580 ; CPLD_pwm_carrier:u_carrier|count[8]  ; CPLD_pwm_phase:u_phase_b|h2_gates[2] ; u_pll|altpll_component|auto_generated|pll1|clk[0] ; u_pll|altpll_component|auto_generated|pll1|clk[0] ; 6.666        ; -0.072     ; 4.016      ;
; 2.580 ; CPLD_pwm_carrier:u_carrier|count[2]  ; CPLD_pwm_phase:u_phase_c|h2_gates[2] ; u_pll|altpll_component|auto_generated|pll1|clk[0] ; u_pll|altpll_component|auto_generated|pll1|clk[0] ; 6.666        ; -0.073     ; 4.015      ;
; 2.581 ; CPLD_pwm_carrier:u_carrier|count[8]  ; CPLD_pwm_phase:u_phase_c|h2_gates[2] ; u_pll|altpll_component|auto_generated|pll1|clk[0] ; u_pll|altpll_component|auto_generated|pll1|clk[0] ; 6.666        ; -0.072     ; 4.015      ;
; 2.588 ; CPLD_pwm_carrier:u_carrier|count[11] ; CPLD_pwm_carrier:u_carrier|dir       ; u_pll|altpll_component|auto_generated|pll1|clk[0] ; u_pll|altpll_component|auto_generated|pll1|clk[0] ; 6.666        ; -0.074     ; 4.006      ;
; 2.593 ; CPLD_pwm_carrier:u_carrier|count[4]  ; CPLD_pwm_phase:u_phase_b|h2_gates[3] ; u_pll|altpll_component|auto_generated|pll1|clk[0] ; u_pll|altpll_component|auto_generated|pll1|clk[0] ; 6.666        ; -0.072     ; 4.003      ;
; 2.624 ; CPLD_pwm_carrier:u_carrier|count[7]  ; CPLD_pwm_phase:u_phase_a|h2_gates[2] ; u_pll|altpll_component|auto_generated|pll1|clk[0] ; u_pll|altpll_component|auto_generated|pll1|clk[0] ; 6.666        ; -0.071     ; 3.973      ;
; 2.624 ; CPLD_pwm_carrier:u_carrier|count[7]  ; CPLD_pwm_phase:u_phase_b|h2_gates[2] ; u_pll|altpll_component|auto_generated|pll1|clk[0] ; u_pll|altpll_component|auto_generated|pll1|clk[0] ; 6.666        ; -0.071     ; 3.973      ;
; 2.625 ; CPLD_pwm_carrier:u_carrier|count[7]  ; CPLD_pwm_phase:u_phase_c|h2_gates[2] ; u_pll|altpll_component|auto_generated|pll1|clk[0] ; u_pll|altpll_component|auto_generated|pll1|clk[0] ; 6.666        ; -0.071     ; 3.972      ;
; 2.627 ; CPLD_pwm_carrier:u_carrier|count[0]  ; CPLD_pwm_phase:u_phase_a|h2_gates[3] ; u_pll|altpll_component|auto_generated|pll1|clk[0] ; u_pll|altpll_component|auto_generated|pll1|clk[0] ; 6.666        ; -0.072     ; 3.969      ;
; 2.641 ; CPLD_pwm_carrier:u_carrier|count[2]  ; CPLD_pwm_phase:u_phase_c|h2_gates[3] ; u_pll|altpll_component|auto_generated|pll1|clk[0] ; u_pll|altpll_component|auto_generated|pll1|clk[0] ; 6.666        ; -0.073     ; 3.954      ;
; 2.642 ; CPLD_pwm_carrier:u_carrier|count[8]  ; CPLD_pwm_phase:u_phase_c|h2_gates[3] ; u_pll|altpll_component|auto_generated|pll1|clk[0] ; u_pll|altpll_component|auto_generated|pll1|clk[0] ; 6.666        ; -0.072     ; 3.954      ;
; 2.662 ; CPLD_pwm_carrier:u_carrier|count[6]  ; CPLD_pwm_phase:u_phase_a|h2_gates[2] ; u_pll|altpll_component|auto_generated|pll1|clk[0] ; u_pll|altpll_component|auto_generated|pll1|clk[0] ; 6.666        ; -0.072     ; 3.934      ;
; 2.662 ; CPLD_pwm_carrier:u_carrier|count[6]  ; CPLD_pwm_phase:u_phase_b|h2_gates[2] ; u_pll|altpll_component|auto_generated|pll1|clk[0] ; u_pll|altpll_component|auto_generated|pll1|clk[0] ; 6.666        ; -0.072     ; 3.934      ;
; 2.663 ; CPLD_pwm_carrier:u_carrier|count[6]  ; CPLD_pwm_phase:u_phase_c|h2_gates[2] ; u_pll|altpll_component|auto_generated|pll1|clk[0] ; u_pll|altpll_component|auto_generated|pll1|clk[0] ; 6.666        ; -0.072     ; 3.933      ;
; 2.686 ; CPLD_pwm_carrier:u_carrier|count[7]  ; CPLD_pwm_phase:u_phase_c|h2_gates[3] ; u_pll|altpll_component|auto_generated|pll1|clk[0] ; u_pll|altpll_component|auto_generated|pll1|clk[0] ; 6.666        ; -0.071     ; 3.911      ;
; 2.691 ; CPLD_pwm_carrier:u_carrier|count[9]  ; CPLD_pwm_phase:u_phase_a|h2_gates[2] ; u_pll|altpll_component|auto_generated|pll1|clk[0] ; u_pll|altpll_component|auto_generated|pll1|clk[0] ; 6.666        ; -0.072     ; 3.905      ;
; 2.691 ; CPLD_pwm_carrier:u_carrier|count[9]  ; CPLD_pwm_phase:u_phase_b|h2_gates[2] ; u_pll|altpll_component|auto_generated|pll1|clk[0] ; u_pll|altpll_component|auto_generated|pll1|clk[0] ; 6.666        ; -0.072     ; 3.905      ;
; 2.692 ; CPLD_pwm_carrier:u_carrier|count[9]  ; CPLD_pwm_phase:u_phase_c|h2_gates[2] ; u_pll|altpll_component|auto_generated|pll1|clk[0] ; u_pll|altpll_component|auto_generated|pll1|clk[0] ; 6.666        ; -0.072     ; 3.904      ;
; 2.704 ; deadtime_gen:u_dt_h1a_legA|cnt_n[7]  ; deadtime_gen:u_dt_h1a_legA|cnt_n[0]  ; u_pll|altpll_component|auto_generated|pll1|clk[0] ; u_pll|altpll_component|auto_generated|pll1|clk[0] ; 6.666        ; -0.073     ; 3.891      ;
; 2.704 ; deadtime_gen:u_dt_h1a_legA|cnt_n[7]  ; deadtime_gen:u_dt_h1a_legA|cnt_n[1]  ; u_pll|altpll_component|auto_generated|pll1|clk[0] ; u_pll|altpll_component|auto_generated|pll1|clk[0] ; 6.666        ; -0.073     ; 3.891      ;
; 2.704 ; deadtime_gen:u_dt_h1a_legA|cnt_n[7]  ; deadtime_gen:u_dt_h1a_legA|cnt_n[2]  ; u_pll|altpll_component|auto_generated|pll1|clk[0] ; u_pll|altpll_component|auto_generated|pll1|clk[0] ; 6.666        ; -0.073     ; 3.891      ;
; 2.704 ; deadtime_gen:u_dt_h1a_legA|cnt_n[7]  ; deadtime_gen:u_dt_h1a_legA|cnt_n[3]  ; u_pll|altpll_component|auto_generated|pll1|clk[0] ; u_pll|altpll_component|auto_generated|pll1|clk[0] ; 6.666        ; -0.073     ; 3.891      ;
; 2.704 ; deadtime_gen:u_dt_h1a_legA|cnt_n[7]  ; deadtime_gen:u_dt_h1a_legA|cnt_n[4]  ; u_pll|altpll_component|auto_generated|pll1|clk[0] ; u_pll|altpll_component|auto_generated|pll1|clk[0] ; 6.666        ; -0.073     ; 3.891      ;
; 2.704 ; deadtime_gen:u_dt_h1a_legA|cnt_n[7]  ; deadtime_gen:u_dt_h1a_legA|cnt_n[5]  ; u_pll|altpll_component|auto_generated|pll1|clk[0] ; u_pll|altpll_component|auto_generated|pll1|clk[0] ; 6.666        ; -0.073     ; 3.891      ;
; 2.704 ; deadtime_gen:u_dt_h1a_legA|cnt_n[7]  ; deadtime_gen:u_dt_h1a_legA|cnt_n[6]  ; u_pll|altpll_component|auto_generated|pll1|clk[0] ; u_pll|altpll_component|auto_generated|pll1|clk[0] ; 6.666        ; -0.073     ; 3.891      ;
; 2.704 ; deadtime_gen:u_dt_h1a_legA|cnt_n[7]  ; deadtime_gen:u_dt_h1a_legA|cnt_n[7]  ; u_pll|altpll_component|auto_generated|pll1|clk[0] ; u_pll|altpll_component|auto_generated|pll1|clk[0] ; 6.666        ; -0.073     ; 3.891      ;
; 2.724 ; CPLD_pwm_carrier:u_carrier|count[6]  ; CPLD_pwm_phase:u_phase_c|h2_gates[3] ; u_pll|altpll_component|auto_generated|pll1|clk[0] ; u_pll|altpll_component|auto_generated|pll1|clk[0] ; 6.666        ; -0.072     ; 3.872      ;
; 2.728 ; CPLD_pwm_carrier:u_carrier|count[4]  ; CPLD_pwm_phase:u_phase_a|h2_gates[3] ; u_pll|altpll_component|auto_generated|pll1|clk[0] ; u_pll|altpll_component|auto_generated|pll1|clk[0] ; 6.666        ; -0.072     ; 3.868      ;
; 2.730 ; CPLD_pwm_carrier:u_carrier|count[5]  ; CPLD_pwm_phase:u_phase_b|h2_gates[3] ; u_pll|altpll_component|auto_generated|pll1|clk[0] ; u_pll|altpll_component|auto_generated|pll1|clk[0] ; 6.666        ; -0.071     ; 3.867      ;
; 2.750 ; CPLD_pwm_carrier:u_carrier|count[5]  ; CPLD_pwm_phase:u_phase_a|h2_gates[3] ; u_pll|altpll_component|auto_generated|pll1|clk[0] ; u_pll|altpll_component|auto_generated|pll1|clk[0] ; 6.666        ; -0.071     ; 3.847      ;
; 2.762 ; CPLD_pwm_carrier:u_carrier|count[11] ; CPLD_pwm_carrier:u_carrier|count[1]  ; u_pll|altpll_component|auto_generated|pll1|clk[0] ; u_pll|altpll_component|auto_generated|pll1|clk[0] ; 6.666        ; -0.074     ; 3.832      ;
; 2.817 ; CPLD_pwm_carrier:u_carrier|count[2]  ; CPLD_pwm_phase:u_phase_b|h2_gates[3] ; u_pll|altpll_component|auto_generated|pll1|clk[0] ; u_pll|altpll_component|auto_generated|pll1|clk[0] ; 6.666        ; -0.073     ; 3.778      ;
; 2.818 ; CPLD_pwm_carrier:u_carrier|count[8]  ; CPLD_pwm_phase:u_phase_b|h2_gates[3] ; u_pll|altpll_component|auto_generated|pll1|clk[0] ; u_pll|altpll_component|auto_generated|pll1|clk[0] ; 6.666        ; -0.072     ; 3.778      ;
; 2.862 ; CPLD_pwm_carrier:u_carrier|count[7]  ; CPLD_pwm_phase:u_phase_b|h2_gates[3] ; u_pll|altpll_component|auto_generated|pll1|clk[0] ; u_pll|altpll_component|auto_generated|pll1|clk[0] ; 6.666        ; -0.071     ; 3.735      ;
; 2.874 ; deadtime_gen:u_dt_h1b_legB|cnt_n[7]  ; deadtime_gen:u_dt_h1b_legB|cnt_n[0]  ; u_pll|altpll_component|auto_generated|pll1|clk[0] ; u_pll|altpll_component|auto_generated|pll1|clk[0] ; 6.666        ; -0.073     ; 3.721      ;
; 2.874 ; deadtime_gen:u_dt_h1b_legB|cnt_n[7]  ; deadtime_gen:u_dt_h1b_legB|cnt_n[1]  ; u_pll|altpll_component|auto_generated|pll1|clk[0] ; u_pll|altpll_component|auto_generated|pll1|clk[0] ; 6.666        ; -0.073     ; 3.721      ;
; 2.874 ; deadtime_gen:u_dt_h1b_legB|cnt_n[7]  ; deadtime_gen:u_dt_h1b_legB|cnt_n[2]  ; u_pll|altpll_component|auto_generated|pll1|clk[0] ; u_pll|altpll_component|auto_generated|pll1|clk[0] ; 6.666        ; -0.073     ; 3.721      ;
; 2.874 ; deadtime_gen:u_dt_h1b_legB|cnt_n[7]  ; deadtime_gen:u_dt_h1b_legB|cnt_n[3]  ; u_pll|altpll_component|auto_generated|pll1|clk[0] ; u_pll|altpll_component|auto_generated|pll1|clk[0] ; 6.666        ; -0.073     ; 3.721      ;
; 2.874 ; deadtime_gen:u_dt_h1b_legB|cnt_n[7]  ; deadtime_gen:u_dt_h1b_legB|cnt_n[4]  ; u_pll|altpll_component|auto_generated|pll1|clk[0] ; u_pll|altpll_component|auto_generated|pll1|clk[0] ; 6.666        ; -0.073     ; 3.721      ;
; 2.874 ; deadtime_gen:u_dt_h1b_legB|cnt_n[7]  ; deadtime_gen:u_dt_h1b_legB|cnt_n[5]  ; u_pll|altpll_component|auto_generated|pll1|clk[0] ; u_pll|altpll_component|auto_generated|pll1|clk[0] ; 6.666        ; -0.073     ; 3.721      ;
; 2.874 ; deadtime_gen:u_dt_h1b_legB|cnt_n[7]  ; deadtime_gen:u_dt_h1b_legB|cnt_n[6]  ; u_pll|altpll_component|auto_generated|pll1|clk[0] ; u_pll|altpll_component|auto_generated|pll1|clk[0] ; 6.666        ; -0.073     ; 3.721      ;
; 2.874 ; deadtime_gen:u_dt_h1b_legB|cnt_n[7]  ; deadtime_gen:u_dt_h1b_legB|cnt_n[7]  ; u_pll|altpll_component|auto_generated|pll1|clk[0] ; u_pll|altpll_component|auto_generated|pll1|clk[0] ; 6.666        ; -0.073     ; 3.721      ;
; 2.882 ; CPLD_pwm_carrier:u_carrier|count[7]  ; CPLD_pwm_phase:u_phase_a|h2_gates[3] ; u_pll|altpll_component|auto_generated|pll1|clk[0] ; u_pll|altpll_component|auto_generated|pll1|clk[0] ; 6.666        ; -0.071     ; 3.715      ;
; 2.900 ; CPLD_pwm_carrier:u_carrier|count[6]  ; CPLD_pwm_phase:u_phase_b|h2_gates[3] ; u_pll|altpll_component|auto_generated|pll1|clk[0] ; u_pll|altpll_component|auto_generated|pll1|clk[0] ; 6.666        ; -0.072     ; 3.696      ;
; 2.905 ; CPLD_pwm_carrier:u_carrier|count[10] ; CPLD_pwm_phase:u_phase_a|h2_gates[2] ; u_pll|altpll_component|auto_generated|pll1|clk[0] ; u_pll|altpll_component|auto_generated|pll1|clk[0] ; 6.666        ; -0.072     ; 3.691      ;
; 2.905 ; CPLD_pwm_carrier:u_carrier|count[10] ; CPLD_pwm_phase:u_phase_b|h2_gates[2] ; u_pll|altpll_component|auto_generated|pll1|clk[0] ; u_pll|altpll_component|auto_generated|pll1|clk[0] ; 6.666        ; -0.072     ; 3.691      ;
; 2.906 ; CPLD_pwm_carrier:u_carrier|count[10] ; CPLD_pwm_phase:u_phase_c|h2_gates[2] ; u_pll|altpll_component|auto_generated|pll1|clk[0] ; u_pll|altpll_component|auto_generated|pll1|clk[0] ; 6.666        ; -0.072     ; 3.690      ;
; 2.937 ; CPLD_pwm_carrier:u_carrier|count[9]  ; CPLD_pwm_phase:u_phase_c|h2_gates[3] ; u_pll|altpll_component|auto_generated|pll1|clk[0] ; u_pll|altpll_component|auto_generated|pll1|clk[0] ; 6.666        ; -0.072     ; 3.659      ;
; 2.944 ; CPLD_pwm_carrier:u_carrier|count[9]  ; CPLD_pwm_phase:u_phase_b|h2_gates[3] ; u_pll|altpll_component|auto_generated|pll1|clk[0] ; u_pll|altpll_component|auto_generated|pll1|clk[0] ; 6.666        ; -0.072     ; 3.652      ;
; 2.949 ; CPLD_pwm_carrier:u_carrier|count[9]  ; CPLD_pwm_phase:u_phase_a|h2_gates[3] ; u_pll|altpll_component|auto_generated|pll1|clk[0] ; u_pll|altpll_component|auto_generated|pll1|clk[0] ; 6.666        ; -0.072     ; 3.647      ;
; 2.952 ; CPLD_pwm_carrier:u_carrier|count[2]  ; CPLD_pwm_phase:u_phase_a|h2_gates[3] ; u_pll|altpll_component|auto_generated|pll1|clk[0] ; u_pll|altpll_component|auto_generated|pll1|clk[0] ; 6.666        ; -0.073     ; 3.643      ;
; 2.953 ; CPLD_pwm_carrier:u_carrier|count[11] ; CPLD_pwm_carrier:u_carrier|count[2]  ; u_pll|altpll_component|auto_generated|pll1|clk[0] ; u_pll|altpll_component|auto_generated|pll1|clk[0] ; 6.666        ; -0.073     ; 3.642      ;
; 2.953 ; CPLD_pwm_carrier:u_carrier|count[8]  ; CPLD_pwm_phase:u_phase_a|h2_gates[3] ; u_pll|altpll_component|auto_generated|pll1|clk[0] ; u_pll|altpll_component|auto_generated|pll1|clk[0] ; 6.666        ; -0.072     ; 3.643      ;
; 2.966 ; CPLD_pwm_carrier:u_carrier|count[1]  ; CPLD_pwm_carrier:u_carrier|count[11] ; u_pll|altpll_component|auto_generated|pll1|clk[0] ; u_pll|altpll_component|auto_generated|pll1|clk[0] ; 6.666        ; -0.073     ; 3.629      ;
; 2.984 ; CPLD_pwm_carrier:u_carrier|count[1]  ; CPLD_pwm_carrier:u_carrier|count[7]  ; u_pll|altpll_component|auto_generated|pll1|clk[0] ; u_pll|altpll_component|auto_generated|pll1|clk[0] ; 6.666        ; -0.073     ; 3.611      ;
; 2.986 ; CPLD_pwm_carrier:u_carrier|count[1]  ; CPLD_pwm_carrier:u_carrier|count[9]  ; u_pll|altpll_component|auto_generated|pll1|clk[0] ; u_pll|altpll_component|auto_generated|pll1|clk[0] ; 6.666        ; -0.073     ; 3.609      ;
; 3.017 ; CPLD_pwm_carrier:u_carrier|count[11] ; CPLD_pwm_carrier:u_carrier|count[6]  ; u_pll|altpll_component|auto_generated|pll1|clk[0] ; u_pll|altpll_component|auto_generated|pll1|clk[0] ; 6.666        ; -0.073     ; 3.578      ;
; 3.017 ; CPLD_pwm_carrier:u_carrier|count[11] ; CPLD_pwm_carrier:u_carrier|count[8]  ; u_pll|altpll_component|auto_generated|pll1|clk[0] ; u_pll|altpll_component|auto_generated|pll1|clk[0] ; 6.666        ; -0.073     ; 3.578      ;
; 3.017 ; CPLD_pwm_carrier:u_carrier|count[11] ; CPLD_pwm_carrier:u_carrier|count[10] ; u_pll|altpll_component|auto_generated|pll1|clk[0] ; u_pll|altpll_component|auto_generated|pll1|clk[0] ; 6.666        ; -0.073     ; 3.578      ;
; 3.031 ; CPLD_pwm_carrier:u_carrier|count[1]  ; CPLD_pwm_carrier:u_carrier|count[10] ; u_pll|altpll_component|auto_generated|pll1|clk[0] ; u_pll|altpll_component|auto_generated|pll1|clk[0] ; 6.666        ; -0.072     ; 3.565      ;
; 3.035 ; CPLD_pwm_carrier:u_carrier|count[6]  ; CPLD_pwm_phase:u_phase_a|h2_gates[3] ; u_pll|altpll_component|auto_generated|pll1|clk[0] ; u_pll|altpll_component|auto_generated|pll1|clk[0] ; 6.666        ; -0.072     ; 3.561      ;
; 3.075 ; CPLD_pwm_carrier:u_carrier|count[8]  ; CPLD_pwm_carrier:u_carrier|count[1]  ; u_pll|altpll_component|auto_generated|pll1|clk[0] ; u_pll|altpll_component|auto_generated|pll1|clk[0] ; 6.666        ; -0.074     ; 3.519      ;
; 3.094 ; CPLD_pwm_carrier:u_carrier|count[11] ; CPLD_pwm_carrier:u_carrier|count[4]  ; u_pll|altpll_component|auto_generated|pll1|clk[0] ; u_pll|altpll_component|auto_generated|pll1|clk[0] ; 6.666        ; -0.074     ; 3.500      ;
; 3.094 ; CPLD_pwm_carrier:u_carrier|count[11] ; CPLD_pwm_carrier:u_carrier|count[3]  ; u_pll|altpll_component|auto_generated|pll1|clk[0] ; u_pll|altpll_component|auto_generated|pll1|clk[0] ; 6.666        ; -0.074     ; 3.500      ;
; 3.097 ; CPLD_pwm_carrier:u_carrier|count[2]  ; CPLD_pwm_carrier:u_carrier|count[1]  ; u_pll|altpll_component|auto_generated|pll1|clk[0] ; u_pll|altpll_component|auto_generated|pll1|clk[0] ; 6.666        ; -0.075     ; 3.496      ;
; 3.099 ; CPLD_pwm_carrier:u_carrier|count[10] ; CPLD_pwm_carrier:u_carrier|dir       ; u_pll|altpll_component|auto_generated|pll1|clk[0] ; u_pll|altpll_component|auto_generated|pll1|clk[0] ; 6.666        ; -0.074     ; 3.495      ;
; 3.107 ; sync_2ff:u_sync_a_h1_3|sync_chain[1] ; deadtime_gen:u_dt_h1a_legB|cnt_p[0]  ; u_pll|altpll_component|auto_generated|pll1|clk[0] ; u_pll|altpll_component|auto_generated|pll1|clk[0] ; 6.666        ; -0.075     ; 3.486      ;
; 3.107 ; sync_2ff:u_sync_a_h1_3|sync_chain[1] ; deadtime_gen:u_dt_h1a_legB|cnt_p[1]  ; u_pll|altpll_component|auto_generated|pll1|clk[0] ; u_pll|altpll_component|auto_generated|pll1|clk[0] ; 6.666        ; -0.075     ; 3.486      ;
; 3.107 ; sync_2ff:u_sync_a_h1_3|sync_chain[1] ; deadtime_gen:u_dt_h1a_legB|cnt_p[2]  ; u_pll|altpll_component|auto_generated|pll1|clk[0] ; u_pll|altpll_component|auto_generated|pll1|clk[0] ; 6.666        ; -0.075     ; 3.486      ;
; 3.107 ; sync_2ff:u_sync_a_h1_3|sync_chain[1] ; deadtime_gen:u_dt_h1a_legB|cnt_p[3]  ; u_pll|altpll_component|auto_generated|pll1|clk[0] ; u_pll|altpll_component|auto_generated|pll1|clk[0] ; 6.666        ; -0.075     ; 3.486      ;
; 3.107 ; sync_2ff:u_sync_a_h1_3|sync_chain[1] ; deadtime_gen:u_dt_h1a_legB|cnt_p[4]  ; u_pll|altpll_component|auto_generated|pll1|clk[0] ; u_pll|altpll_component|auto_generated|pll1|clk[0] ; 6.666        ; -0.075     ; 3.486      ;
; 3.107 ; sync_2ff:u_sync_a_h1_3|sync_chain[1] ; deadtime_gen:u_dt_h1a_legB|cnt_p[5]  ; u_pll|altpll_component|auto_generated|pll1|clk[0] ; u_pll|altpll_component|auto_generated|pll1|clk[0] ; 6.666        ; -0.075     ; 3.486      ;
+-------+--------------------------------------+--------------------------------------+---------------------------------------------------+---------------------------------------------------+--------------+------------+------------+


+----------------------------------------------------------------------------------------------------------------------------------------------------------------------------------------------------------------------------------------+
; Slow 1200mV 0C Model Hold: 'u_pll|altpll_component|auto_generated|pll1|clk[0]'                                                                                                                                                         ;
+-------+--------------------------------------+----------------------------------------+---------------------------------------------------+---------------------------------------------------+--------------+------------+------------+
; Slack ; From Node                            ; To Node                                ; Launch Clock                                      ; Latch Clock                                       ; Relationship ; Clock Skew ; Data Delay ;
+-------+--------------------------------------+----------------------------------------+---------------------------------------------------+---------------------------------------------------+--------------+------------+------------+
; 0.402 ; pwm_capture:u_pwm_cap|high_active    ; pwm_capture:u_pwm_cap|high_active      ; u_pll|altpll_component|auto_generated|pll1|clk[0] ; u_pll|altpll_component|auto_generated|pll1|clk[0] ; 0.000        ; 0.072      ; 0.669      ;
; 0.416 ; CPLD_pwm_carrier:u_carrier|dir       ; CPLD_pwm_carrier:u_carrier|dir         ; u_pll|altpll_component|auto_generated|pll1|clk[0] ; u_pll|altpll_component|auto_generated|pll1|clk[0] ; 0.000        ; 0.073      ; 0.684      ;
; 0.454 ; deadtime_gen:u_dt_b_legB|cnt_n[7]    ; deadtime_gen:u_dt_b_legB|cnt_n[7]      ; u_pll|altpll_component|auto_generated|pll1|clk[0] ; u_pll|altpll_component|auto_generated|pll1|clk[0] ; 0.000        ; 0.074      ; 0.723      ;
; 0.455 ; deadtime_gen:u_dt_h1c_legA|cnt_p[7]  ; deadtime_gen:u_dt_h1c_legA|cnt_p[7]    ; u_pll|altpll_component|auto_generated|pll1|clk[0] ; u_pll|altpll_component|auto_generated|pll1|clk[0] ; 0.000        ; 0.073      ; 0.723      ;
; 0.455 ; deadtime_gen:u_dt_a_legB|cnt_p[7]    ; deadtime_gen:u_dt_a_legB|cnt_p[7]      ; u_pll|altpll_component|auto_generated|pll1|clk[0] ; u_pll|altpll_component|auto_generated|pll1|clk[0] ; 0.000        ; 0.074      ; 0.724      ;
; 0.456 ; deadtime_gen:u_dt_b_legB|cnt_p[7]    ; deadtime_gen:u_dt_b_legB|cnt_p[7]      ; u_pll|altpll_component|auto_generated|pll1|clk[0] ; u_pll|altpll_component|auto_generated|pll1|clk[0] ; 0.000        ; 0.073      ; 0.724      ;
; 0.456 ; deadtime_gen:u_dt_c_legB|cnt_n[7]    ; deadtime_gen:u_dt_c_legB|cnt_n[7]      ; u_pll|altpll_component|auto_generated|pll1|clk[0] ; u_pll|altpll_component|auto_generated|pll1|clk[0] ; 0.000        ; 0.073      ; 0.724      ;
; 0.463 ; pwm_capture:u_pwm_cap|pwm_d1         ; pwm_capture:u_pwm_cap|valid_flag       ; u_pll|altpll_component|auto_generated|pll1|clk[0] ; u_pll|altpll_component|auto_generated|pll1|clk[0] ; 0.000        ; 0.072      ; 0.730      ;
; 0.464 ; pwm_capture:u_pwm_cap|pwm_d1         ; pwm_capture:u_pwm_cap|high_active      ; u_pll|altpll_component|auto_generated|pll1|clk[0] ; u_pll|altpll_component|auto_generated|pll1|clk[0] ; 0.000        ; 0.072      ; 0.731      ;
; 0.467 ; deadtime_gen:u_dt_h1b_legB|cnt_p[7]  ; deadtime_gen:u_dt_h1b_legB|cnt_p[7]    ; u_pll|altpll_component|auto_generated|pll1|clk[0] ; u_pll|altpll_component|auto_generated|pll1|clk[0] ; 0.000        ; 0.074      ; 0.736      ;
; 0.468 ; deadtime_gen:u_dt_h1a_legA|cnt_n[7]  ; deadtime_gen:u_dt_h1a_legA|cnt_n[7]    ; u_pll|altpll_component|auto_generated|pll1|clk[0] ; u_pll|altpll_component|auto_generated|pll1|clk[0] ; 0.000        ; 0.073      ; 0.736      ;
; 0.469 ; deadtime_gen:u_dt_h1a_legA|cnt_p[7]  ; deadtime_gen:u_dt_h1a_legA|cnt_p[7]    ; u_pll|altpll_component|auto_generated|pll1|clk[0] ; u_pll|altpll_component|auto_generated|pll1|clk[0] ; 0.000        ; 0.073      ; 0.737      ;
; 0.469 ; deadtime_gen:u_dt_h1b_legA|cnt_p[7]  ; deadtime_gen:u_dt_h1b_legA|cnt_p[7]    ; u_pll|altpll_component|auto_generated|pll1|clk[0] ; u_pll|altpll_component|auto_generated|pll1|clk[0] ; 0.000        ; 0.073      ; 0.737      ;
; 0.475 ; sync_2ff:u_sync_c_h1_1|sync_chain[1] ; CPLD_pwm_phase:u_phase_c|h2_gates[0]   ; u_pll|altpll_component|auto_generated|pll1|clk[0] ; u_pll|altpll_component|auto_generated|pll1|clk[0] ; 0.000        ; 0.073      ; 0.743      ;
; 0.485 ; sync_2ff:u_sync_a_h1_2|sync_chain[1] ; CPLD_pwm_phase:u_phase_a|h2_gates[0]   ; u_pll|altpll_component|auto_generated|pll1|clk[0] ; u_pll|altpll_component|auto_generated|pll1|clk[0] ; 0.000        ; 0.073      ; 0.753      ;
; 0.489 ; CPLD_pwm_carrier:u_carrier|dir       ; CPLD_pwm_carrier:u_carrier|count[5]    ; u_pll|altpll_component|auto_generated|pll1|clk[0] ; u_pll|altpll_component|auto_generated|pll1|clk[0] ; 0.000        ; 0.073      ; 0.757      ;
; 0.490 ; sync_2ff:u_sync_b_h1_1|sync_chain[1] ; CPLD_pwm_phase:u_phase_b|h2_gates[0]   ; u_pll|altpll_component|auto_generated|pll1|clk[0] ; u_pll|altpll_component|auto_generated|pll1|clk[0] ; 0.000        ; 0.074      ; 0.759      ;
; 0.492 ; CPLD_pwm_carrier:u_carrier|dir       ; CPLD_pwm_carrier:u_carrier|count[7]    ; u_pll|altpll_component|auto_generated|pll1|clk[0] ; u_pll|altpll_component|auto_generated|pll1|clk[0] ; 0.000        ; 0.073      ; 0.760      ;
; 0.606 ; sync_2ff:u_sync_c_h1_0|sync_chain[1] ; CPLD_pwm_phase:u_phase_c|h2_gates[0]   ; u_pll|altpll_component|auto_generated|pll1|clk[0] ; u_pll|altpll_component|auto_generated|pll1|clk[0] ; 0.000        ; 0.073      ; 0.874      ;
; 0.614 ; pwm_capture:u_pwm_cap|sync_ff1       ; pwm_capture:u_pwm_cap|valid_flag       ; u_pll|altpll_component|auto_generated|pll1|clk[0] ; u_pll|altpll_component|auto_generated|pll1|clk[0] ; 0.000        ; 0.072      ; 0.881      ;
; 0.621 ; sync_2ff:u_sync_b_h1_0|sync_chain[1] ; CPLD_pwm_phase:u_phase_b|h2_gates[0]   ; u_pll|altpll_component|auto_generated|pll1|clk[0] ; u_pll|altpll_component|auto_generated|pll1|clk[0] ; 0.000        ; 0.074      ; 0.890      ;
; 0.623 ; pwm_capture:u_pwm_cap|period_cnt[4]  ; pwm_capture:u_pwm_cap|period_latch[4]  ; u_pll|altpll_component|auto_generated|pll1|clk[0] ; u_pll|altpll_component|auto_generated|pll1|clk[0] ; 0.000        ; 0.074      ; 0.892      ;
; 0.624 ; pwm_capture:u_pwm_cap|period_cnt[9]  ; pwm_capture:u_pwm_cap|period_latch[9]  ; u_pll|altpll_component|auto_generated|pll1|clk[0] ; u_pll|altpll_component|auto_generated|pll1|clk[0] ; 0.000        ; 0.074      ; 0.893      ;
; 0.624 ; pwm_capture:u_pwm_cap|period_cnt[11] ; pwm_capture:u_pwm_cap|period_latch[11] ; u_pll|altpll_component|auto_generated|pll1|clk[0] ; u_pll|altpll_component|auto_generated|pll1|clk[0] ; 0.000        ; 0.074      ; 0.893      ;
; 0.624 ; pwm_capture:u_pwm_cap|high_cnt[4]    ; pwm_capture:u_pwm_cap|high_latch[4]    ; u_pll|altpll_component|auto_generated|pll1|clk[0] ; u_pll|altpll_component|auto_generated|pll1|clk[0] ; 0.000        ; 0.073      ; 0.892      ;
; 0.625 ; pwm_capture:u_pwm_cap|high_cnt[9]    ; pwm_capture:u_pwm_cap|high_latch[9]    ; u_pll|altpll_component|auto_generated|pll1|clk[0] ; u_pll|altpll_component|auto_generated|pll1|clk[0] ; 0.000        ; 0.073      ; 0.893      ;
; 0.628 ; pwm_capture:u_pwm_cap|period_cnt[7]  ; pwm_capture:u_pwm_cap|period_latch[7]  ; u_pll|altpll_component|auto_generated|pll1|clk[0] ; u_pll|altpll_component|auto_generated|pll1|clk[0] ; 0.000        ; 0.074      ; 0.897      ;
; 0.644 ; sync_2ff:u_sync_a_h1_2|sync_chain[0] ; sync_2ff:u_sync_a_h1_2|sync_chain[1]   ; u_pll|altpll_component|auto_generated|pll1|clk[0] ; u_pll|altpll_component|auto_generated|pll1|clk[0] ; 0.000        ; 0.073      ; 0.912      ;
; 0.644 ; sync_2ff:u_sync_b_h1_1|sync_chain[0] ; sync_2ff:u_sync_b_h1_1|sync_chain[1]   ; u_pll|altpll_component|auto_generated|pll1|clk[0] ; u_pll|altpll_component|auto_generated|pll1|clk[0] ; 0.000        ; 0.074      ; 0.913      ;
; 0.644 ; sync_2ff:u_sync_b_h1_0|sync_chain[0] ; sync_2ff:u_sync_b_h1_0|sync_chain[1]   ; u_pll|altpll_component|auto_generated|pll1|clk[0] ; u_pll|altpll_component|auto_generated|pll1|clk[0] ; 0.000        ; 0.074      ; 0.913      ;
; 0.644 ; sync_2ff:u_sync_b_h1_3|sync_chain[0] ; sync_2ff:u_sync_b_h1_3|sync_chain[1]   ; u_pll|altpll_component|auto_generated|pll1|clk[0] ; u_pll|altpll_component|auto_generated|pll1|clk[0] ; 0.000        ; 0.074      ; 0.913      ;
; 0.644 ; sync_2ff:u_sync_b_h1_2|sync_chain[0] ; sync_2ff:u_sync_b_h1_2|sync_chain[1]   ; u_pll|altpll_component|auto_generated|pll1|clk[0] ; u_pll|altpll_component|auto_generated|pll1|clk[0] ; 0.000        ; 0.074      ; 0.913      ;
; 0.644 ; sync_2ff:u_sync_c_h1_2|sync_chain[0] ; sync_2ff:u_sync_c_h1_2|sync_chain[1]   ; u_pll|altpll_component|auto_generated|pll1|clk[0] ; u_pll|altpll_component|auto_generated|pll1|clk[0] ; 0.000        ; 0.073      ; 0.912      ;
; 0.644 ; pwm_capture:u_pwm_cap|period_cnt[14] ; pwm_capture:u_pwm_cap|period_latch[14] ; u_pll|altpll_component|auto_generated|pll1|clk[0] ; u_pll|altpll_component|auto_generated|pll1|clk[0] ; 0.000        ; 0.074      ; 0.913      ;
; 0.645 ; sync_2ff:u_sync_c_h1_1|sync_chain[0] ; sync_2ff:u_sync_c_h1_1|sync_chain[1]   ; u_pll|altpll_component|auto_generated|pll1|clk[0] ; u_pll|altpll_component|auto_generated|pll1|clk[0] ; 0.000        ; 0.073      ; 0.913      ;
; 0.645 ; sync_2ff:u_sync_c_h1_3|sync_chain[0] ; sync_2ff:u_sync_c_h1_3|sync_chain[1]   ; u_pll|altpll_component|auto_generated|pll1|clk[0] ; u_pll|altpll_component|auto_generated|pll1|clk[0] ; 0.000        ; 0.073      ; 0.913      ;
; 0.645 ; pwm_capture:u_pwm_cap|sync_ff0       ; pwm_capture:u_pwm_cap|sync_ff1         ; u_pll|altpll_component|auto_generated|pll1|clk[0] ; u_pll|altpll_component|auto_generated|pll1|clk[0] ; 0.000        ; 0.072      ; 0.912      ;
; 0.646 ; sync_2ff:u_sync_a_h1_1|sync_chain[0] ; sync_2ff:u_sync_a_h1_1|sync_chain[1]   ; u_pll|altpll_component|auto_generated|pll1|clk[0] ; u_pll|altpll_component|auto_generated|pll1|clk[0] ; 0.000        ; 0.073      ; 0.914      ;
; 0.646 ; pwm_capture:u_pwm_cap|period_cnt[1]  ; pwm_capture:u_pwm_cap|period_latch[1]  ; u_pll|altpll_component|auto_generated|pll1|clk[0] ; u_pll|altpll_component|auto_generated|pll1|clk[0] ; 0.000        ; 0.074      ; 0.915      ;
; 0.646 ; pwm_capture:u_pwm_cap|period_cnt[5]  ; pwm_capture:u_pwm_cap|period_latch[5]  ; u_pll|altpll_component|auto_generated|pll1|clk[0] ; u_pll|altpll_component|auto_generated|pll1|clk[0] ; 0.000        ; 0.074      ; 0.915      ;
; 0.646 ; pwm_capture:u_pwm_cap|high_cnt[14]   ; pwm_capture:u_pwm_cap|high_latch[14]   ; u_pll|altpll_component|auto_generated|pll1|clk[0] ; u_pll|altpll_component|auto_generated|pll1|clk[0] ; 0.000        ; 0.072      ; 0.913      ;
; 0.647 ; sync_2ff:u_sync_a_h1_3|sync_chain[0] ; sync_2ff:u_sync_a_h1_3|sync_chain[1]   ; u_pll|altpll_component|auto_generated|pll1|clk[0] ; u_pll|altpll_component|auto_generated|pll1|clk[0] ; 0.000        ; 0.073      ; 0.915      ;
; 0.647 ; pwm_capture:u_pwm_cap|period_cnt[6]  ; pwm_capture:u_pwm_cap|period_latch[6]  ; u_pll|altpll_component|auto_generated|pll1|clk[0] ; u_pll|altpll_component|auto_generated|pll1|clk[0] ; 0.000        ; 0.074      ; 0.916      ;
; 0.647 ; pwm_capture:u_pwm_cap|high_cnt[1]    ; pwm_capture:u_pwm_cap|high_latch[1]    ; u_pll|altpll_component|auto_generated|pll1|clk[0] ; u_pll|altpll_component|auto_generated|pll1|clk[0] ; 0.000        ; 0.073      ; 0.915      ;
; 0.648 ; pwm_capture:u_pwm_cap|high_cnt[6]    ; pwm_capture:u_pwm_cap|high_latch[6]    ; u_pll|altpll_component|auto_generated|pll1|clk[0] ; u_pll|altpll_component|auto_generated|pll1|clk[0] ; 0.000        ; 0.073      ; 0.916      ;
; 0.649 ; pwm_capture:u_pwm_cap|high_cnt[5]    ; pwm_capture:u_pwm_cap|high_latch[5]    ; u_pll|altpll_component|auto_generated|pll1|clk[0] ; u_pll|altpll_component|auto_generated|pll1|clk[0] ; 0.000        ; 0.073      ; 0.917      ;
; 0.662 ; pwm_capture:u_pwm_cap|sync_ff1       ; pwm_capture:u_pwm_cap|pwm_d1           ; u_pll|altpll_component|auto_generated|pll1|clk[0] ; u_pll|altpll_component|auto_generated|pll1|clk[0] ; 0.000        ; 0.072      ; 0.929      ;
; 0.665 ; pwm_capture:u_pwm_cap|high_cnt[12]   ; pwm_capture:u_pwm_cap|high_latch[12]   ; u_pll|altpll_component|auto_generated|pll1|clk[0] ; u_pll|altpll_component|auto_generated|pll1|clk[0] ; 0.000        ; 0.072      ; 0.932      ;
; 0.666 ; pwm_capture:u_pwm_cap|period_cnt[12] ; pwm_capture:u_pwm_cap|period_latch[12] ; u_pll|altpll_component|auto_generated|pll1|clk[0] ; u_pll|altpll_component|auto_generated|pll1|clk[0] ; 0.000        ; 0.071      ; 0.932      ;
; 0.666 ; pwm_capture:u_pwm_cap|high_cnt[11]   ; pwm_capture:u_pwm_cap|high_latch[11]   ; u_pll|altpll_component|auto_generated|pll1|clk[0] ; u_pll|altpll_component|auto_generated|pll1|clk[0] ; 0.000        ; 0.072      ; 0.933      ;
; 0.690 ; deadtime_gen:u_dt_h1b_legA|cnt_n[1]  ; deadtime_gen:u_dt_h1b_legA|cnt_n[1]    ; u_pll|altpll_component|auto_generated|pll1|clk[0] ; u_pll|altpll_component|auto_generated|pll1|clk[0] ; 0.000        ; 0.074      ; 0.959      ;
; 0.691 ; deadtime_gen:u_dt_h1a_legB|cnt_n[5]  ; deadtime_gen:u_dt_h1a_legB|cnt_n[5]    ; u_pll|altpll_component|auto_generated|pll1|clk[0] ; u_pll|altpll_component|auto_generated|pll1|clk[0] ; 0.000        ; 0.073      ; 0.959      ;
; 0.691 ; deadtime_gen:u_dt_h1b_legA|cnt_p[1]  ; deadtime_gen:u_dt_h1b_legA|cnt_p[1]    ; u_pll|altpll_component|auto_generated|pll1|clk[0] ; u_pll|altpll_component|auto_generated|pll1|clk[0] ; 0.000        ; 0.073      ; 0.959      ;
; 0.691 ; deadtime_gen:u_dt_h1c_legA|cnt_p[3]  ; deadtime_gen:u_dt_h1c_legA|cnt_p[3]    ; u_pll|altpll_component|auto_generated|pll1|clk[0] ; u_pll|altpll_component|auto_generated|pll1|clk[0] ; 0.000        ; 0.073      ; 0.959      ;
; 0.691 ; deadtime_gen:u_dt_a_legB|cnt_p[3]    ; deadtime_gen:u_dt_a_legB|cnt_p[3]      ; u_pll|altpll_component|auto_generated|pll1|clk[0] ; u_pll|altpll_component|auto_generated|pll1|clk[0] ; 0.000        ; 0.074      ; 0.960      ;
; 0.691 ; deadtime_gen:u_dt_b_legB|cnt_n[1]    ; deadtime_gen:u_dt_b_legB|cnt_n[1]      ; u_pll|altpll_component|auto_generated|pll1|clk[0] ; u_pll|altpll_component|auto_generated|pll1|clk[0] ; 0.000        ; 0.074      ; 0.960      ;
; 0.691 ; deadtime_gen:u_dt_c_legB|cnt_p[3]    ; deadtime_gen:u_dt_c_legB|cnt_p[3]      ; u_pll|altpll_component|auto_generated|pll1|clk[0] ; u_pll|altpll_component|auto_generated|pll1|clk[0] ; 0.000        ; 0.073      ; 0.959      ;
; 0.691 ; deadtime_gen:u_dt_c_legB|cnt_p[5]    ; deadtime_gen:u_dt_c_legB|cnt_p[5]      ; u_pll|altpll_component|auto_generated|pll1|clk[0] ; u_pll|altpll_component|auto_generated|pll1|clk[0] ; 0.000        ; 0.073      ; 0.959      ;
; 0.692 ; deadtime_gen:u_dt_h1a_legB|cnt_p[1]  ; deadtime_gen:u_dt_h1a_legB|cnt_p[1]    ; u_pll|altpll_component|auto_generated|pll1|clk[0] ; u_pll|altpll_component|auto_generated|pll1|clk[0] ; 0.000        ; 0.073      ; 0.960      ;
; 0.692 ; deadtime_gen:u_dt_h1a_legB|cnt_n[1]  ; deadtime_gen:u_dt_h1a_legB|cnt_n[1]    ; u_pll|altpll_component|auto_generated|pll1|clk[0] ; u_pll|altpll_component|auto_generated|pll1|clk[0] ; 0.000        ; 0.073      ; 0.960      ;
; 0.692 ; deadtime_gen:u_dt_h1a_legB|cnt_n[3]  ; deadtime_gen:u_dt_h1a_legB|cnt_n[3]    ; u_pll|altpll_component|auto_generated|pll1|clk[0] ; u_pll|altpll_component|auto_generated|pll1|clk[0] ; 0.000        ; 0.073      ; 0.960      ;
; 0.692 ; deadtime_gen:u_dt_h1b_legB|cnt_p[6]  ; deadtime_gen:u_dt_h1b_legB|cnt_p[6]    ; u_pll|altpll_component|auto_generated|pll1|clk[0] ; u_pll|altpll_component|auto_generated|pll1|clk[0] ; 0.000        ; 0.074      ; 0.961      ;
; 0.692 ; deadtime_gen:u_dt_h1c_legA|cnt_n[7]  ; deadtime_gen:u_dt_h1c_legA|cnt_n[7]    ; u_pll|altpll_component|auto_generated|pll1|clk[0] ; u_pll|altpll_component|auto_generated|pll1|clk[0] ; 0.000        ; 0.073      ; 0.960      ;
; 0.692 ; deadtime_gen:u_dt_h1c_legB|cnt_n[1]  ; deadtime_gen:u_dt_h1c_legB|cnt_n[1]    ; u_pll|altpll_component|auto_generated|pll1|clk[0] ; u_pll|altpll_component|auto_generated|pll1|clk[0] ; 0.000        ; 0.073      ; 0.960      ;
; 0.692 ; deadtime_gen:u_dt_h1c_legB|cnt_n[3]  ; deadtime_gen:u_dt_h1c_legB|cnt_n[3]    ; u_pll|altpll_component|auto_generated|pll1|clk[0] ; u_pll|altpll_component|auto_generated|pll1|clk[0] ; 0.000        ; 0.073      ; 0.960      ;
; 0.692 ; deadtime_gen:u_dt_a_legA|cnt_p[1]    ; deadtime_gen:u_dt_a_legA|cnt_p[1]      ; u_pll|altpll_component|auto_generated|pll1|clk[0] ; u_pll|altpll_component|auto_generated|pll1|clk[0] ; 0.000        ; 0.074      ; 0.961      ;
; 0.692 ; deadtime_gen:u_dt_a_legA|cnt_p[2]    ; deadtime_gen:u_dt_a_legA|cnt_p[2]      ; u_pll|altpll_component|auto_generated|pll1|clk[0] ; u_pll|altpll_component|auto_generated|pll1|clk[0] ; 0.000        ; 0.074      ; 0.961      ;
; 0.692 ; deadtime_gen:u_dt_a_legA|cnt_p[7]    ; deadtime_gen:u_dt_a_legA|cnt_p[7]      ; u_pll|altpll_component|auto_generated|pll1|clk[0] ; u_pll|altpll_component|auto_generated|pll1|clk[0] ; 0.000        ; 0.074      ; 0.961      ;
; 0.692 ; deadtime_gen:u_dt_a_legB|cnt_n[5]    ; deadtime_gen:u_dt_a_legB|cnt_n[5]      ; u_pll|altpll_component|auto_generated|pll1|clk[0] ; u_pll|altpll_component|auto_generated|pll1|clk[0] ; 0.000        ; 0.073      ; 0.960      ;
; 0.692 ; deadtime_gen:u_dt_b_legA|cnt_p[5]    ; deadtime_gen:u_dt_b_legA|cnt_p[5]      ; u_pll|altpll_component|auto_generated|pll1|clk[0] ; u_pll|altpll_component|auto_generated|pll1|clk[0] ; 0.000        ; 0.074      ; 0.961      ;
; 0.692 ; deadtime_gen:u_dt_b_legA|cnt_p[7]    ; deadtime_gen:u_dt_b_legA|cnt_p[7]      ; u_pll|altpll_component|auto_generated|pll1|clk[0] ; u_pll|altpll_component|auto_generated|pll1|clk[0] ; 0.000        ; 0.074      ; 0.961      ;
; 0.692 ; deadtime_gen:u_dt_b_legB|cnt_p[3]    ; deadtime_gen:u_dt_b_legB|cnt_p[3]      ; u_pll|altpll_component|auto_generated|pll1|clk[0] ; u_pll|altpll_component|auto_generated|pll1|clk[0] ; 0.000        ; 0.073      ; 0.960      ;
; 0.692 ; deadtime_gen:u_dt_c_legA|cnt_p[1]    ; deadtime_gen:u_dt_c_legA|cnt_p[1]      ; u_pll|altpll_component|auto_generated|pll1|clk[0] ; u_pll|altpll_component|auto_generated|pll1|clk[0] ; 0.000        ; 0.073      ; 0.960      ;
; 0.692 ; deadtime_gen:u_dt_c_legA|cnt_p[3]    ; deadtime_gen:u_dt_c_legA|cnt_p[3]      ; u_pll|altpll_component|auto_generated|pll1|clk[0] ; u_pll|altpll_component|auto_generated|pll1|clk[0] ; 0.000        ; 0.073      ; 0.960      ;
; 0.692 ; deadtime_gen:u_dt_c_legB|cnt_p[7]    ; deadtime_gen:u_dt_c_legB|cnt_p[7]      ; u_pll|altpll_component|auto_generated|pll1|clk[0] ; u_pll|altpll_component|auto_generated|pll1|clk[0] ; 0.000        ; 0.073      ; 0.960      ;
; 0.692 ; deadtime_gen:u_dt_c_legB|cnt_n[1]    ; deadtime_gen:u_dt_c_legB|cnt_n[1]      ; u_pll|altpll_component|auto_generated|pll1|clk[0] ; u_pll|altpll_component|auto_generated|pll1|clk[0] ; 0.000        ; 0.073      ; 0.960      ;
; 0.693 ; deadtime_gen:u_dt_h1a_legA|cnt_p[1]  ; deadtime_gen:u_dt_h1a_legA|cnt_p[1]    ; u_pll|altpll_component|auto_generated|pll1|clk[0] ; u_pll|altpll_component|auto_generated|pll1|clk[0] ; 0.000        ; 0.073      ; 0.961      ;
; 0.693 ; deadtime_gen:u_dt_h1a_legA|cnt_n[4]  ; deadtime_gen:u_dt_h1a_legA|cnt_n[4]    ; u_pll|altpll_component|auto_generated|pll1|clk[0] ; u_pll|altpll_component|auto_generated|pll1|clk[0] ; 0.000        ; 0.073      ; 0.961      ;
; 0.693 ; deadtime_gen:u_dt_h1a_legA|cnt_n[6]  ; deadtime_gen:u_dt_h1a_legA|cnt_n[6]    ; u_pll|altpll_component|auto_generated|pll1|clk[0] ; u_pll|altpll_component|auto_generated|pll1|clk[0] ; 0.000        ; 0.073      ; 0.961      ;
; 0.693 ; deadtime_gen:u_dt_h1a_legB|cnt_p[7]  ; deadtime_gen:u_dt_h1a_legB|cnt_p[7]    ; u_pll|altpll_component|auto_generated|pll1|clk[0] ; u_pll|altpll_component|auto_generated|pll1|clk[0] ; 0.000        ; 0.073      ; 0.961      ;
; 0.693 ; deadtime_gen:u_dt_h1b_legB|cnt_p[3]  ; deadtime_gen:u_dt_h1b_legB|cnt_p[3]    ; u_pll|altpll_component|auto_generated|pll1|clk[0] ; u_pll|altpll_component|auto_generated|pll1|clk[0] ; 0.000        ; 0.074      ; 0.962      ;
; 0.693 ; deadtime_gen:u_dt_h1b_legB|cnt_p[4]  ; deadtime_gen:u_dt_h1b_legB|cnt_p[4]    ; u_pll|altpll_component|auto_generated|pll1|clk[0] ; u_pll|altpll_component|auto_generated|pll1|clk[0] ; 0.000        ; 0.074      ; 0.962      ;
; 0.693 ; deadtime_gen:u_dt_h1b_legB|cnt_n[5]  ; deadtime_gen:u_dt_h1b_legB|cnt_n[5]    ; u_pll|altpll_component|auto_generated|pll1|clk[0] ; u_pll|altpll_component|auto_generated|pll1|clk[0] ; 0.000        ; 0.073      ; 0.961      ;
; 0.693 ; deadtime_gen:u_dt_h1c_legA|cnt_n[5]  ; deadtime_gen:u_dt_h1c_legA|cnt_n[5]    ; u_pll|altpll_component|auto_generated|pll1|clk[0] ; u_pll|altpll_component|auto_generated|pll1|clk[0] ; 0.000        ; 0.073      ; 0.961      ;
; 0.693 ; deadtime_gen:u_dt_h1c_legB|cnt_p[1]  ; deadtime_gen:u_dt_h1c_legB|cnt_p[1]    ; u_pll|altpll_component|auto_generated|pll1|clk[0] ; u_pll|altpll_component|auto_generated|pll1|clk[0] ; 0.000        ; 0.073      ; 0.961      ;
; 0.693 ; deadtime_gen:u_dt_h1c_legB|cnt_p[2]  ; deadtime_gen:u_dt_h1c_legB|cnt_p[2]    ; u_pll|altpll_component|auto_generated|pll1|clk[0] ; u_pll|altpll_component|auto_generated|pll1|clk[0] ; 0.000        ; 0.073      ; 0.961      ;
; 0.693 ; deadtime_gen:u_dt_h1c_legB|cnt_n[5]  ; deadtime_gen:u_dt_h1c_legB|cnt_n[5]    ; u_pll|altpll_component|auto_generated|pll1|clk[0] ; u_pll|altpll_component|auto_generated|pll1|clk[0] ; 0.000        ; 0.073      ; 0.961      ;
; 0.693 ; deadtime_gen:u_dt_a_legB|cnt_p[1]    ; deadtime_gen:u_dt_a_legB|cnt_p[1]      ; u_pll|altpll_component|auto_generated|pll1|clk[0] ; u_pll|altpll_component|auto_generated|pll1|clk[0] ; 0.000        ; 0.074      ; 0.962      ;
; 0.693 ; deadtime_gen:u_dt_a_legB|cnt_n[7]    ; deadtime_gen:u_dt_a_legB|cnt_n[7]      ; u_pll|altpll_component|auto_generated|pll1|clk[0] ; u_pll|altpll_component|auto_generated|pll1|clk[0] ; 0.000        ; 0.073      ; 0.961      ;
; 0.693 ; deadtime_gen:u_dt_b_legA|cnt_p[3]    ; deadtime_gen:u_dt_b_legA|cnt_p[3]      ; u_pll|altpll_component|auto_generated|pll1|clk[0] ; u_pll|altpll_component|auto_generated|pll1|clk[0] ; 0.000        ; 0.074      ; 0.962      ;
; 0.693 ; deadtime_gen:u_dt_b_legB|cnt_n[4]    ; deadtime_gen:u_dt_b_legB|cnt_n[4]      ; u_pll|altpll_component|auto_generated|pll1|clk[0] ; u_pll|altpll_component|auto_generated|pll1|clk[0] ; 0.000        ; 0.074      ; 0.962      ;
; 0.693 ; deadtime_gen:u_dt_c_legA|cnt_p[5]    ; deadtime_gen:u_dt_c_legA|cnt_p[5]      ; u_pll|altpll_component|auto_generated|pll1|clk[0] ; u_pll|altpll_component|auto_generated|pll1|clk[0] ; 0.000        ; 0.073      ; 0.961      ;
; 0.694 ; deadtime_gen:u_dt_h1a_legA|cnt_p[5]  ; deadtime_gen:u_dt_h1a_legA|cnt_p[5]    ; u_pll|altpll_component|auto_generated|pll1|clk[0] ; u_pll|altpll_component|auto_generated|pll1|clk[0] ; 0.000        ; 0.073      ; 0.962      ;
; 0.694 ; deadtime_gen:u_dt_h1a_legA|cnt_p[6]  ; deadtime_gen:u_dt_h1a_legA|cnt_p[6]    ; u_pll|altpll_component|auto_generated|pll1|clk[0] ; u_pll|altpll_component|auto_generated|pll1|clk[0] ; 0.000        ; 0.073      ; 0.962      ;
; 0.694 ; deadtime_gen:u_dt_h1a_legA|cnt_n[1]  ; deadtime_gen:u_dt_h1a_legA|cnt_n[1]    ; u_pll|altpll_component|auto_generated|pll1|clk[0] ; u_pll|altpll_component|auto_generated|pll1|clk[0] ; 0.000        ; 0.073      ; 0.962      ;
; 0.694 ; deadtime_gen:u_dt_h1a_legA|cnt_n[5]  ; deadtime_gen:u_dt_h1a_legA|cnt_n[5]    ; u_pll|altpll_component|auto_generated|pll1|clk[0] ; u_pll|altpll_component|auto_generated|pll1|clk[0] ; 0.000        ; 0.073      ; 0.962      ;
; 0.694 ; deadtime_gen:u_dt_h1b_legA|cnt_p[3]  ; deadtime_gen:u_dt_h1b_legA|cnt_p[3]    ; u_pll|altpll_component|auto_generated|pll1|clk[0] ; u_pll|altpll_component|auto_generated|pll1|clk[0] ; 0.000        ; 0.073      ; 0.962      ;
; 0.694 ; deadtime_gen:u_dt_h1b_legA|cnt_n[2]  ; deadtime_gen:u_dt_h1b_legA|cnt_n[2]    ; u_pll|altpll_component|auto_generated|pll1|clk[0] ; u_pll|altpll_component|auto_generated|pll1|clk[0] ; 0.000        ; 0.074      ; 0.963      ;
; 0.694 ; deadtime_gen:u_dt_h1b_legA|cnt_n[3]  ; deadtime_gen:u_dt_h1b_legA|cnt_n[3]    ; u_pll|altpll_component|auto_generated|pll1|clk[0] ; u_pll|altpll_component|auto_generated|pll1|clk[0] ; 0.000        ; 0.074      ; 0.963      ;
; 0.694 ; deadtime_gen:u_dt_h1b_legA|cnt_n[5]  ; deadtime_gen:u_dt_h1b_legA|cnt_n[5]    ; u_pll|altpll_component|auto_generated|pll1|clk[0] ; u_pll|altpll_component|auto_generated|pll1|clk[0] ; 0.000        ; 0.074      ; 0.963      ;
+-------+--------------------------------------+----------------------------------------+---------------------------------------------------+---------------------------------------------------+--------------+------------+------------+


+------------------------------------------------------------------------------------------------------------------------------------------------------------------+
; Slow 1200mV 0C Model Minimum Pulse Width: 'u_pll|altpll_component|auto_generated|pll1|clk[0]'                                                                    ;
+-------+--------------+----------------+------------------+---------------------------------------------------+------------+--------------------------------------+
; Slack ; Actual Width ; Required Width ; Type             ; Clock                                             ; Clock Edge ; Target                               ;
+-------+--------------+----------------+------------------+---------------------------------------------------+------------+--------------------------------------+
; 3.047 ; 3.263        ; 0.216          ; High Pulse Width ; u_pll|altpll_component|auto_generated|pll1|clk[0] ; Rise       ; CPLD_pwm_carrier:u_carrier|count[11] ;
; 3.047 ; 3.263        ; 0.216          ; High Pulse Width ; u_pll|altpll_component|auto_generated|pll1|clk[0] ; Rise       ; CPLD_pwm_carrier:u_carrier|count[1]  ;
; 3.047 ; 3.263        ; 0.216          ; High Pulse Width ; u_pll|altpll_component|auto_generated|pll1|clk[0] ; Rise       ; CPLD_pwm_carrier:u_carrier|count[2]  ;
; 3.047 ; 3.263        ; 0.216          ; High Pulse Width ; u_pll|altpll_component|auto_generated|pll1|clk[0] ; Rise       ; CPLD_pwm_carrier:u_carrier|count[3]  ;
; 3.047 ; 3.263        ; 0.216          ; High Pulse Width ; u_pll|altpll_component|auto_generated|pll1|clk[0] ; Rise       ; CPLD_pwm_carrier:u_carrier|count[4]  ;
; 3.047 ; 3.263        ; 0.216          ; High Pulse Width ; u_pll|altpll_component|auto_generated|pll1|clk[0] ; Rise       ; CPLD_pwm_carrier:u_carrier|count[5]  ;
; 3.047 ; 3.263        ; 0.216          ; High Pulse Width ; u_pll|altpll_component|auto_generated|pll1|clk[0] ; Rise       ; CPLD_pwm_carrier:u_carrier|count[7]  ;
; 3.047 ; 3.263        ; 0.216          ; High Pulse Width ; u_pll|altpll_component|auto_generated|pll1|clk[0] ; Rise       ; CPLD_pwm_carrier:u_carrier|count[9]  ;
; 3.047 ; 3.263        ; 0.216          ; High Pulse Width ; u_pll|altpll_component|auto_generated|pll1|clk[0] ; Rise       ; CPLD_pwm_carrier:u_carrier|dir       ;
; 3.047 ; 3.263        ; 0.216          ; High Pulse Width ; u_pll|altpll_component|auto_generated|pll1|clk[0] ; Rise       ; deadtime_gen:u_dt_a_legB|cnt_p[0]    ;
; 3.047 ; 3.263        ; 0.216          ; High Pulse Width ; u_pll|altpll_component|auto_generated|pll1|clk[0] ; Rise       ; deadtime_gen:u_dt_a_legB|cnt_p[1]    ;
; 3.047 ; 3.263        ; 0.216          ; High Pulse Width ; u_pll|altpll_component|auto_generated|pll1|clk[0] ; Rise       ; deadtime_gen:u_dt_a_legB|cnt_p[2]    ;
; 3.047 ; 3.263        ; 0.216          ; High Pulse Width ; u_pll|altpll_component|auto_generated|pll1|clk[0] ; Rise       ; deadtime_gen:u_dt_a_legB|cnt_p[3]    ;
; 3.047 ; 3.263        ; 0.216          ; High Pulse Width ; u_pll|altpll_component|auto_generated|pll1|clk[0] ; Rise       ; deadtime_gen:u_dt_a_legB|cnt_p[4]    ;
; 3.047 ; 3.263        ; 0.216          ; High Pulse Width ; u_pll|altpll_component|auto_generated|pll1|clk[0] ; Rise       ; deadtime_gen:u_dt_a_legB|cnt_p[5]    ;
; 3.047 ; 3.263        ; 0.216          ; High Pulse Width ; u_pll|altpll_component|auto_generated|pll1|clk[0] ; Rise       ; deadtime_gen:u_dt_a_legB|cnt_p[6]    ;
; 3.047 ; 3.263        ; 0.216          ; High Pulse Width ; u_pll|altpll_component|auto_generated|pll1|clk[0] ; Rise       ; deadtime_gen:u_dt_a_legB|cnt_p[7]    ;
; 3.047 ; 3.263        ; 0.216          ; High Pulse Width ; u_pll|altpll_component|auto_generated|pll1|clk[0] ; Rise       ; deadtime_gen:u_dt_a_legB|p_reg       ;
; 3.047 ; 3.263        ; 0.216          ; High Pulse Width ; u_pll|altpll_component|auto_generated|pll1|clk[0] ; Rise       ; deadtime_gen:u_dt_b_legB|cnt_n[0]    ;
; 3.047 ; 3.263        ; 0.216          ; High Pulse Width ; u_pll|altpll_component|auto_generated|pll1|clk[0] ; Rise       ; deadtime_gen:u_dt_b_legB|cnt_n[1]    ;
; 3.047 ; 3.263        ; 0.216          ; High Pulse Width ; u_pll|altpll_component|auto_generated|pll1|clk[0] ; Rise       ; deadtime_gen:u_dt_b_legB|cnt_n[2]    ;
; 3.047 ; 3.263        ; 0.216          ; High Pulse Width ; u_pll|altpll_component|auto_generated|pll1|clk[0] ; Rise       ; deadtime_gen:u_dt_b_legB|cnt_n[3]    ;
; 3.047 ; 3.263        ; 0.216          ; High Pulse Width ; u_pll|altpll_component|auto_generated|pll1|clk[0] ; Rise       ; deadtime_gen:u_dt_b_legB|cnt_n[4]    ;
; 3.047 ; 3.263        ; 0.216          ; High Pulse Width ; u_pll|altpll_component|auto_generated|pll1|clk[0] ; Rise       ; deadtime_gen:u_dt_b_legB|cnt_n[5]    ;
; 3.047 ; 3.263        ; 0.216          ; High Pulse Width ; u_pll|altpll_component|auto_generated|pll1|clk[0] ; Rise       ; deadtime_gen:u_dt_b_legB|cnt_n[6]    ;
; 3.047 ; 3.263        ; 0.216          ; High Pulse Width ; u_pll|altpll_component|auto_generated|pll1|clk[0] ; Rise       ; deadtime_gen:u_dt_b_legB|cnt_n[7]    ;
; 3.047 ; 3.263        ; 0.216          ; High Pulse Width ; u_pll|altpll_component|auto_generated|pll1|clk[0] ; Rise       ; deadtime_gen:u_dt_b_legB|n_reg       ;
; 3.048 ; 3.264        ; 0.216          ; High Pulse Width ; u_pll|altpll_component|auto_generated|pll1|clk[0] ; Rise       ; CPLD_pwm_carrier:u_carrier|count[0]  ;
; 3.048 ; 3.264        ; 0.216          ; High Pulse Width ; u_pll|altpll_component|auto_generated|pll1|clk[0] ; Rise       ; CPLD_pwm_carrier:u_carrier|count[10] ;
; 3.048 ; 3.264        ; 0.216          ; High Pulse Width ; u_pll|altpll_component|auto_generated|pll1|clk[0] ; Rise       ; CPLD_pwm_carrier:u_carrier|count[6]  ;
; 3.048 ; 3.264        ; 0.216          ; High Pulse Width ; u_pll|altpll_component|auto_generated|pll1|clk[0] ; Rise       ; CPLD_pwm_carrier:u_carrier|count[8]  ;
; 3.048 ; 3.264        ; 0.216          ; High Pulse Width ; u_pll|altpll_component|auto_generated|pll1|clk[0] ; Rise       ; CPLD_pwm_phase:u_phase_a|h2_gates[2] ;
; 3.048 ; 3.264        ; 0.216          ; High Pulse Width ; u_pll|altpll_component|auto_generated|pll1|clk[0] ; Rise       ; CPLD_pwm_phase:u_phase_a|h2_gates[3] ;
; 3.048 ; 3.264        ; 0.216          ; High Pulse Width ; u_pll|altpll_component|auto_generated|pll1|clk[0] ; Rise       ; CPLD_pwm_phase:u_phase_b|h2_gates[2] ;
; 3.048 ; 3.264        ; 0.216          ; High Pulse Width ; u_pll|altpll_component|auto_generated|pll1|clk[0] ; Rise       ; CPLD_pwm_phase:u_phase_b|h2_gates[3] ;
; 3.048 ; 3.264        ; 0.216          ; High Pulse Width ; u_pll|altpll_component|auto_generated|pll1|clk[0] ; Rise       ; CPLD_pwm_phase:u_phase_c|h2_gates[0] ;
; 3.048 ; 3.264        ; 0.216          ; High Pulse Width ; u_pll|altpll_component|auto_generated|pll1|clk[0] ; Rise       ; CPLD_pwm_phase:u_phase_c|h2_gates[2] ;
; 3.048 ; 3.264        ; 0.216          ; High Pulse Width ; u_pll|altpll_component|auto_generated|pll1|clk[0] ; Rise       ; CPLD_pwm_phase:u_phase_c|h2_gates[3] ;
; 3.048 ; 3.264        ; 0.216          ; High Pulse Width ; u_pll|altpll_component|auto_generated|pll1|clk[0] ; Rise       ; deadtime_gen:u_dt_a_legB|cnt_n[0]    ;
; 3.048 ; 3.264        ; 0.216          ; High Pulse Width ; u_pll|altpll_component|auto_generated|pll1|clk[0] ; Rise       ; deadtime_gen:u_dt_a_legB|cnt_n[1]    ;
; 3.048 ; 3.264        ; 0.216          ; High Pulse Width ; u_pll|altpll_component|auto_generated|pll1|clk[0] ; Rise       ; deadtime_gen:u_dt_a_legB|cnt_n[2]    ;
; 3.048 ; 3.264        ; 0.216          ; High Pulse Width ; u_pll|altpll_component|auto_generated|pll1|clk[0] ; Rise       ; deadtime_gen:u_dt_a_legB|cnt_n[3]    ;
; 3.048 ; 3.264        ; 0.216          ; High Pulse Width ; u_pll|altpll_component|auto_generated|pll1|clk[0] ; Rise       ; deadtime_gen:u_dt_a_legB|cnt_n[4]    ;
; 3.048 ; 3.264        ; 0.216          ; High Pulse Width ; u_pll|altpll_component|auto_generated|pll1|clk[0] ; Rise       ; deadtime_gen:u_dt_a_legB|cnt_n[5]    ;
; 3.048 ; 3.264        ; 0.216          ; High Pulse Width ; u_pll|altpll_component|auto_generated|pll1|clk[0] ; Rise       ; deadtime_gen:u_dt_a_legB|cnt_n[6]    ;
; 3.048 ; 3.264        ; 0.216          ; High Pulse Width ; u_pll|altpll_component|auto_generated|pll1|clk[0] ; Rise       ; deadtime_gen:u_dt_a_legB|cnt_n[7]    ;
; 3.048 ; 3.264        ; 0.216          ; High Pulse Width ; u_pll|altpll_component|auto_generated|pll1|clk[0] ; Rise       ; deadtime_gen:u_dt_a_legB|n_reg       ;
; 3.048 ; 3.264        ; 0.216          ; High Pulse Width ; u_pll|altpll_component|auto_generated|pll1|clk[0] ; Rise       ; deadtime_gen:u_dt_b_legA|cnt_p[0]    ;
; 3.048 ; 3.264        ; 0.216          ; High Pulse Width ; u_pll|altpll_component|auto_generated|pll1|clk[0] ; Rise       ; deadtime_gen:u_dt_b_legA|cnt_p[1]    ;
; 3.048 ; 3.264        ; 0.216          ; High Pulse Width ; u_pll|altpll_component|auto_generated|pll1|clk[0] ; Rise       ; deadtime_gen:u_dt_b_legA|cnt_p[2]    ;
; 3.048 ; 3.264        ; 0.216          ; High Pulse Width ; u_pll|altpll_component|auto_generated|pll1|clk[0] ; Rise       ; deadtime_gen:u_dt_b_legA|cnt_p[3]    ;
; 3.048 ; 3.264        ; 0.216          ; High Pulse Width ; u_pll|altpll_component|auto_generated|pll1|clk[0] ; Rise       ; deadtime_gen:u_dt_b_legA|cnt_p[4]    ;
; 3.048 ; 3.264        ; 0.216          ; High Pulse Width ; u_pll|altpll_component|auto_generated|pll1|clk[0] ; Rise       ; deadtime_gen:u_dt_b_legA|cnt_p[5]    ;
; 3.048 ; 3.264        ; 0.216          ; High Pulse Width ; u_pll|altpll_component|auto_generated|pll1|clk[0] ; Rise       ; deadtime_gen:u_dt_b_legA|cnt_p[6]    ;
; 3.048 ; 3.264        ; 0.216          ; High Pulse Width ; u_pll|altpll_component|auto_generated|pll1|clk[0] ; Rise       ; deadtime_gen:u_dt_b_legA|cnt_p[7]    ;
; 3.048 ; 3.264        ; 0.216          ; High Pulse Width ; u_pll|altpll_component|auto_generated|pll1|clk[0] ; Rise       ; deadtime_gen:u_dt_b_legA|p_reg       ;
; 3.048 ; 3.264        ; 0.216          ; High Pulse Width ; u_pll|altpll_component|auto_generated|pll1|clk[0] ; Rise       ; deadtime_gen:u_dt_b_legB|cnt_p[0]    ;
; 3.048 ; 3.264        ; 0.216          ; High Pulse Width ; u_pll|altpll_component|auto_generated|pll1|clk[0] ; Rise       ; deadtime_gen:u_dt_b_legB|cnt_p[1]    ;
; 3.048 ; 3.264        ; 0.216          ; High Pulse Width ; u_pll|altpll_component|auto_generated|pll1|clk[0] ; Rise       ; deadtime_gen:u_dt_b_legB|cnt_p[2]    ;
; 3.048 ; 3.264        ; 0.216          ; High Pulse Width ; u_pll|altpll_component|auto_generated|pll1|clk[0] ; Rise       ; deadtime_gen:u_dt_b_legB|cnt_p[3]    ;
; 3.048 ; 3.264        ; 0.216          ; High Pulse Width ; u_pll|altpll_component|auto_generated|pll1|clk[0] ; Rise       ; deadtime_gen:u_dt_b_legB|cnt_p[4]    ;
; 3.048 ; 3.264        ; 0.216          ; High Pulse Width ; u_pll|altpll_component|auto_generated|pll1|clk[0] ; Rise       ; deadtime_gen:u_dt_b_legB|cnt_p[5]    ;
; 3.048 ; 3.264        ; 0.216          ; High Pulse Width ; u_pll|altpll_component|auto_generated|pll1|clk[0] ; Rise       ; deadtime_gen:u_dt_b_legB|cnt_p[6]    ;
; 3.048 ; 3.264        ; 0.216          ; High Pulse Width ; u_pll|altpll_component|auto_generated|pll1|clk[0] ; Rise       ; deadtime_gen:u_dt_b_legB|cnt_p[7]    ;
; 3.048 ; 3.264        ; 0.216          ; High Pulse Width ; u_pll|altpll_component|auto_generated|pll1|clk[0] ; Rise       ; deadtime_gen:u_dt_b_legB|p_reg       ;
; 3.048 ; 3.264        ; 0.216          ; High Pulse Width ; u_pll|altpll_component|auto_generated|pll1|clk[0] ; Rise       ; deadtime_gen:u_dt_c_legA|cnt_p[0]    ;
; 3.048 ; 3.264        ; 0.216          ; High Pulse Width ; u_pll|altpll_component|auto_generated|pll1|clk[0] ; Rise       ; deadtime_gen:u_dt_c_legA|cnt_p[1]    ;
; 3.048 ; 3.264        ; 0.216          ; High Pulse Width ; u_pll|altpll_component|auto_generated|pll1|clk[0] ; Rise       ; deadtime_gen:u_dt_c_legA|cnt_p[2]    ;
; 3.048 ; 3.264        ; 0.216          ; High Pulse Width ; u_pll|altpll_component|auto_generated|pll1|clk[0] ; Rise       ; deadtime_gen:u_dt_c_legA|cnt_p[3]    ;
; 3.048 ; 3.264        ; 0.216          ; High Pulse Width ; u_pll|altpll_component|auto_generated|pll1|clk[0] ; Rise       ; deadtime_gen:u_dt_c_legA|cnt_p[4]    ;
; 3.048 ; 3.264        ; 0.216          ; High Pulse Width ; u_pll|altpll_component|auto_generated|pll1|clk[0] ; Rise       ; deadtime_gen:u_dt_c_legA|cnt_p[5]    ;
; 3.048 ; 3.264        ; 0.216          ; High Pulse Width ; u_pll|altpll_component|auto_generated|pll1|clk[0] ; Rise       ; deadtime_gen:u_dt_c_legA|cnt_p[6]    ;
; 3.048 ; 3.264        ; 0.216          ; High Pulse Width ; u_pll|altpll_component|auto_generated|pll1|clk[0] ; Rise       ; deadtime_gen:u_dt_c_legA|cnt_p[7]    ;
; 3.048 ; 3.264        ; 0.216          ; High Pulse Width ; u_pll|altpll_component|auto_generated|pll1|clk[0] ; Rise       ; deadtime_gen:u_dt_c_legA|p_reg       ;
; 3.048 ; 3.264        ; 0.216          ; High Pulse Width ; u_pll|altpll_component|auto_generated|pll1|clk[0] ; Rise       ; deadtime_gen:u_dt_c_legB|cnt_n[0]    ;
; 3.048 ; 3.264        ; 0.216          ; High Pulse Width ; u_pll|altpll_component|auto_generated|pll1|clk[0] ; Rise       ; deadtime_gen:u_dt_c_legB|cnt_n[1]    ;
; 3.048 ; 3.264        ; 0.216          ; High Pulse Width ; u_pll|altpll_component|auto_generated|pll1|clk[0] ; Rise       ; deadtime_gen:u_dt_c_legB|cnt_n[2]    ;
; 3.048 ; 3.264        ; 0.216          ; High Pulse Width ; u_pll|altpll_component|auto_generated|pll1|clk[0] ; Rise       ; deadtime_gen:u_dt_c_legB|cnt_n[3]    ;
; 3.048 ; 3.264        ; 0.216          ; High Pulse Width ; u_pll|altpll_component|auto_generated|pll1|clk[0] ; Rise       ; deadtime_gen:u_dt_c_legB|cnt_n[4]    ;
; 3.048 ; 3.264        ; 0.216          ; High Pulse Width ; u_pll|altpll_component|auto_generated|pll1|clk[0] ; Rise       ; deadtime_gen:u_dt_c_legB|cnt_n[5]    ;
; 3.048 ; 3.264        ; 0.216          ; High Pulse Width ; u_pll|altpll_component|auto_generated|pll1|clk[0] ; Rise       ; deadtime_gen:u_dt_c_legB|cnt_n[6]    ;
; 3.048 ; 3.264        ; 0.216          ; High Pulse Width ; u_pll|altpll_component|auto_generated|pll1|clk[0] ; Rise       ; deadtime_gen:u_dt_c_legB|cnt_n[7]    ;
; 3.048 ; 3.264        ; 0.216          ; High Pulse Width ; u_pll|altpll_component|auto_generated|pll1|clk[0] ; Rise       ; deadtime_gen:u_dt_c_legB|cnt_p[0]    ;
; 3.048 ; 3.264        ; 0.216          ; High Pulse Width ; u_pll|altpll_component|auto_generated|pll1|clk[0] ; Rise       ; deadtime_gen:u_dt_c_legB|cnt_p[1]    ;
; 3.048 ; 3.264        ; 0.216          ; High Pulse Width ; u_pll|altpll_component|auto_generated|pll1|clk[0] ; Rise       ; deadtime_gen:u_dt_c_legB|cnt_p[2]    ;
; 3.048 ; 3.264        ; 0.216          ; High Pulse Width ; u_pll|altpll_component|auto_generated|pll1|clk[0] ; Rise       ; deadtime_gen:u_dt_c_legB|cnt_p[3]    ;
; 3.048 ; 3.264        ; 0.216          ; High Pulse Width ; u_pll|altpll_component|auto_generated|pll1|clk[0] ; Rise       ; deadtime_gen:u_dt_c_legB|cnt_p[4]    ;
; 3.048 ; 3.264        ; 0.216          ; High Pulse Width ; u_pll|altpll_component|auto_generated|pll1|clk[0] ; Rise       ; deadtime_gen:u_dt_c_legB|cnt_p[5]    ;
; 3.048 ; 3.264        ; 0.216          ; High Pulse Width ; u_pll|altpll_component|auto_generated|pll1|clk[0] ; Rise       ; deadtime_gen:u_dt_c_legB|cnt_p[6]    ;
; 3.048 ; 3.264        ; 0.216          ; High Pulse Width ; u_pll|altpll_component|auto_generated|pll1|clk[0] ; Rise       ; deadtime_gen:u_dt_c_legB|cnt_p[7]    ;
; 3.048 ; 3.264        ; 0.216          ; High Pulse Width ; u_pll|altpll_component|auto_generated|pll1|clk[0] ; Rise       ; deadtime_gen:u_dt_c_legB|n_reg       ;
; 3.048 ; 3.264        ; 0.216          ; High Pulse Width ; u_pll|altpll_component|auto_generated|pll1|clk[0] ; Rise       ; deadtime_gen:u_dt_c_legB|p_reg       ;
; 3.048 ; 3.264        ; 0.216          ; High Pulse Width ; u_pll|altpll_component|auto_generated|pll1|clk[0] ; Rise       ; deadtime_gen:u_dt_h1a_legB|cnt_p[0]  ;
; 3.048 ; 3.264        ; 0.216          ; High Pulse Width ; u_pll|altpll_component|auto_generated|pll1|clk[0] ; Rise       ; deadtime_gen:u_dt_h1a_legB|cnt_p[1]  ;
; 3.048 ; 3.264        ; 0.216          ; High Pulse Width ; u_pll|altpll_component|auto_generated|pll1|clk[0] ; Rise       ; deadtime_gen:u_dt_h1a_legB|cnt_p[2]  ;
; 3.048 ; 3.264        ; 0.216          ; High Pulse Width ; u_pll|altpll_component|auto_generated|pll1|clk[0] ; Rise       ; deadtime_gen:u_dt_h1a_legB|cnt_p[3]  ;
; 3.048 ; 3.264        ; 0.216          ; High Pulse Width ; u_pll|altpll_component|auto_generated|pll1|clk[0] ; Rise       ; deadtime_gen:u_dt_h1a_legB|cnt_p[4]  ;
; 3.048 ; 3.264        ; 0.216          ; High Pulse Width ; u_pll|altpll_component|auto_generated|pll1|clk[0] ; Rise       ; deadtime_gen:u_dt_h1a_legB|cnt_p[5]  ;
; 3.048 ; 3.264        ; 0.216          ; High Pulse Width ; u_pll|altpll_component|auto_generated|pll1|clk[0] ; Rise       ; deadtime_gen:u_dt_h1a_legB|cnt_p[6]  ;
; 3.048 ; 3.264        ; 0.216          ; High Pulse Width ; u_pll|altpll_component|auto_generated|pll1|clk[0] ; Rise       ; deadtime_gen:u_dt_h1a_legB|cnt_p[7]  ;
+-------+--------------+----------------+------------------+---------------------------------------------------+------------+--------------------------------------+


+------------------------------------------------------------------------------------------------------------------------------------------------+
; Slow 1200mV 0C Model Minimum Pulse Width: 'clk_50m'                                                                                            ;
+--------+--------------+----------------+------------------+---------+------------+-------------------------------------------------------------+
; Slack  ; Actual Width ; Required Width ; Type             ; Clock   ; Clock Edge ; Target                                                      ;
+--------+--------------+----------------+------------------+---------+------------+-------------------------------------------------------------+
; 9.855  ; 9.855        ; 0.000          ; Low Pulse Width  ; clk_50m ; Rise       ; u_pll|altpll_component|auto_generated|pll1|clk[0]           ;
; 9.855  ; 9.855        ; 0.000          ; Low Pulse Width  ; clk_50m ; Rise       ; u_pll|altpll_component|auto_generated|pll1|observablevcoout ;
; 9.904  ; 9.904        ; 0.000          ; Low Pulse Width  ; clk_50m ; Rise       ; clk_50m~input|o                                             ;
; 9.921  ; 9.921        ; 0.000          ; Low Pulse Width  ; clk_50m ; Rise       ; u_pll|altpll_component|auto_generated|pll1|inclk[0]         ;
; 10.000 ; 10.000       ; 0.000          ; High Pulse Width ; clk_50m ; Rise       ; clk_50m~input|i                                             ;
; 10.000 ; 10.000       ; 0.000          ; Low Pulse Width  ; clk_50m ; Rise       ; clk_50m~input|i                                             ;
; 10.079 ; 10.079       ; 0.000          ; High Pulse Width ; clk_50m ; Rise       ; u_pll|altpll_component|auto_generated|pll1|inclk[0]         ;
; 10.096 ; 10.096       ; 0.000          ; High Pulse Width ; clk_50m ; Rise       ; clk_50m~input|o                                             ;
; 10.144 ; 10.144       ; 0.000          ; High Pulse Width ; clk_50m ; Rise       ; u_pll|altpll_component|auto_generated|pll1|clk[0]           ;
; 10.144 ; 10.144       ; 0.000          ; High Pulse Width ; clk_50m ; Rise       ; u_pll|altpll_component|auto_generated|pll1|observablevcoout ;
; 16.000 ; 20.000       ; 4.000          ; Port Rate        ; clk_50m ; Rise       ; clk_50m                                                     ;
+--------+--------------+----------------+------------------+---------+------------+-------------------------------------------------------------+


+------------------------------------------------------------------------------------------------------------------+
; Clock to Output Times                                                                                            ;
+--------------------+------------+-------+-------+------------+---------------------------------------------------+
; Data Port          ; Clock Port ; Rise  ; Fall  ; Clock Edge ; Clock Reference                                   ;
+--------------------+------------+-------+-------+------------+---------------------------------------------------+
; cap_high_time[*]   ; clk_50m    ; 6.664 ; 6.008 ; Rise       ; u_pll|altpll_component|auto_generated|pll1|clk[0] ;
;  cap_high_time[0]  ; clk_50m    ; 4.787 ; 4.447 ; Rise       ; u_pll|altpll_component|auto_generated|pll1|clk[0] ;
;  cap_high_time[1]  ; clk_50m    ; 4.378 ; 4.109 ; Rise       ; u_pll|altpll_component|auto_generated|pll1|clk[0] ;
;  cap_high_time[2]  ; clk_50m    ; 4.736 ; 4.413 ; Rise       ; u_pll|altpll_component|auto_generated|pll1|clk[0] ;
;  cap_high_time[3]  ; clk_50m    ; 4.724 ; 4.399 ; Rise       ; u_pll|altpll_component|auto_generated|pll1|clk[0] ;
;  cap_high_time[4]  ; clk_50m    ; 4.137 ; 3.930 ; Rise       ; u_pll|altpll_component|auto_generated|pll1|clk[0] ;
;  cap_high_time[5]  ; clk_50m    ; 6.664 ; 6.008 ; Rise       ; u_pll|altpll_component|auto_generated|pll1|clk[0] ;
;  cap_high_time[6]  ; clk_50m    ; 4.094 ; 3.893 ; Rise       ; u_pll|altpll_component|auto_generated|pll1|clk[0] ;
;  cap_high_time[7]  ; clk_50m    ; 4.454 ; 4.202 ; Rise       ; u_pll|altpll_component|auto_generated|pll1|clk[0] ;
;  cap_high_time[8]  ; clk_50m    ; 6.024 ; 5.442 ; Rise       ; u_pll|altpll_component|auto_generated|pll1|clk[0] ;
;  cap_high_time[9]  ; clk_50m    ; 4.121 ; 3.913 ; Rise       ; u_pll|altpll_component|auto_generated|pll1|clk[0] ;
;  cap_high_time[10] ; clk_50m    ; 4.546 ; 4.287 ; Rise       ; u_pll|altpll_component|auto_generated|pll1|clk[0] ;
;  cap_high_time[11] ; clk_50m    ; 4.887 ; 4.567 ; Rise       ; u_pll|altpll_component|auto_generated|pll1|clk[0] ;
;  cap_high_time[12] ; clk_50m    ; 4.620 ; 4.383 ; Rise       ; u_pll|altpll_component|auto_generated|pll1|clk[0] ;
;  cap_high_time[13] ; clk_50m    ; 4.118 ; 3.907 ; Rise       ; u_pll|altpll_component|auto_generated|pll1|clk[0] ;
;  cap_high_time[14] ; clk_50m    ; 4.358 ; 4.091 ; Rise       ; u_pll|altpll_component|auto_generated|pll1|clk[0] ;
;  cap_high_time[15] ; clk_50m    ; 4.860 ; 4.533 ; Rise       ; u_pll|altpll_component|auto_generated|pll1|clk[0] ;
; cap_period[*]      ; clk_50m    ; 4.843 ; 4.524 ; Rise       ; u_pll|altpll_component|auto_generated|pll1|clk[0] ;
;  cap_period[0]     ; clk_50m    ; 4.135 ; 3.931 ; Rise       ; u_pll|altpll_component|auto_generated|pll1|clk[0] ;
;  cap_period[1]     ; clk_50m    ; 4.843 ; 4.524 ; Rise       ; u_pll|altpll_component|auto_generated|pll1|clk[0] ;
;  cap_period[2]     ; clk_50m    ; 4.729 ; 4.403 ; Rise       ; u_pll|altpll_component|auto_generated|pll1|clk[0] ;
;  cap_period[3]     ; clk_50m    ; 4.116 ; 3.916 ; Rise       ; u_pll|altpll_component|auto_generated|pll1|clk[0] ;
;  cap_period[4]     ; clk_50m    ; 4.720 ; 4.383 ; Rise       ; u_pll|altpll_component|auto_generated|pll1|clk[0] ;
;  cap_period[5]     ; clk_50m    ; 4.411 ; 4.163 ; Rise       ; u_pll|altpll_component|auto_generated|pll1|clk[0] ;
;  cap_period[6]     ; clk_50m    ; 4.479 ; 4.209 ; Rise       ; u_pll|altpll_component|auto_generated|pll1|clk[0] ;
;  cap_period[7]     ; clk_50m    ; 4.122 ; 3.922 ; Rise       ; u_pll|altpll_component|auto_generated|pll1|clk[0] ;
;  cap_period[8]     ; clk_50m    ; 4.709 ; 4.391 ; Rise       ; u_pll|altpll_component|auto_generated|pll1|clk[0] ;
;  cap_period[9]     ; clk_50m    ; 4.779 ; 4.437 ; Rise       ; u_pll|altpll_component|auto_generated|pll1|clk[0] ;
;  cap_period[10]    ; clk_50m    ; 4.148 ; 3.936 ; Rise       ; u_pll|altpll_component|auto_generated|pll1|clk[0] ;
;  cap_period[11]    ; clk_50m    ; 4.475 ; 4.218 ; Rise       ; u_pll|altpll_component|auto_generated|pll1|clk[0] ;
;  cap_period[12]    ; clk_50m    ; 4.410 ; 4.141 ; Rise       ; u_pll|altpll_component|auto_generated|pll1|clk[0] ;
;  cap_period[13]    ; clk_50m    ; 4.147 ; 3.945 ; Rise       ; u_pll|altpll_component|auto_generated|pll1|clk[0] ;
;  cap_period[14]    ; clk_50m    ; 4.136 ; 3.928 ; Rise       ; u_pll|altpll_component|auto_generated|pll1|clk[0] ;
;  cap_period[15]    ; clk_50m    ; 4.718 ; 4.391 ; Rise       ; u_pll|altpll_component|auto_generated|pll1|clk[0] ;
; cap_valid          ; clk_50m    ; 7.312 ; 6.480 ; Rise       ; u_pll|altpll_component|auto_generated|pll1|clk[0] ;
; gates_out[*]       ; clk_50m    ; 7.362 ; 6.862 ; Rise       ; u_pll|altpll_component|auto_generated|pll1|clk[0] ;
;  gates_out[0]      ; clk_50m    ; 5.791 ; 5.413 ; Rise       ; u_pll|altpll_component|auto_generated|pll1|clk[0] ;
;  gates_out[1]      ; clk_50m    ; 5.375 ; 5.253 ; Rise       ; u_pll|altpll_component|auto_generated|pll1|clk[0] ;
;  gates_out[2]      ; clk_50m    ; 5.836 ; 5.697 ; Rise       ; u_pll|altpll_component|auto_generated|pll1|clk[0] ;
;  gates_out[3]      ; clk_50m    ; 6.061 ; 5.614 ; Rise       ; u_pll|altpll_component|auto_generated|pll1|clk[0] ;
;  gates_out[4]      ; clk_50m    ; 7.141 ; 6.862 ; Rise       ; u_pll|altpll_component|auto_generated|pll1|clk[0] ;
;  gates_out[5]      ; clk_50m    ; 6.672 ; 6.053 ; Rise       ; u_pll|altpll_component|auto_generated|pll1|clk[0] ;
;  gates_out[6]      ; clk_50m    ; 6.779 ; 6.616 ; Rise       ; u_pll|altpll_component|auto_generated|pll1|clk[0] ;
;  gates_out[7]      ; clk_50m    ; 6.824 ; 6.119 ; Rise       ; u_pll|altpll_component|auto_generated|pll1|clk[0] ;
;  gates_out[8]      ; clk_50m    ; 7.362 ; 6.605 ; Rise       ; u_pll|altpll_component|auto_generated|pll1|clk[0] ;
;  gates_out[9]      ; clk_50m    ; 4.964 ; 4.820 ; Rise       ; u_pll|altpll_component|auto_generated|pll1|clk[0] ;
;  gates_out[10]     ; clk_50m    ; 6.985 ; 6.701 ; Rise       ; u_pll|altpll_component|auto_generated|pll1|clk[0] ;
;  gates_out[11]     ; clk_50m    ; 6.296 ; 5.761 ; Rise       ; u_pll|altpll_component|auto_generated|pll1|clk[0] ;
;  gates_out[12]     ; clk_50m    ; 6.561 ; 6.045 ; Rise       ; u_pll|altpll_component|auto_generated|pll1|clk[0] ;
;  gates_out[14]     ; clk_50m    ; 6.665 ; 6.148 ; Rise       ; u_pll|altpll_component|auto_generated|pll1|clk[0] ;
;  gates_out[15]     ; clk_50m    ; 7.143 ; 6.700 ; Rise       ; u_pll|altpll_component|auto_generated|pll1|clk[0] ;
;  gates_out[16]     ; clk_50m    ; 5.724 ; 5.262 ; Rise       ; u_pll|altpll_component|auto_generated|pll1|clk[0] ;
;  gates_out[18]     ; clk_50m    ; 5.825 ; 5.719 ; Rise       ; u_pll|altpll_component|auto_generated|pll1|clk[0] ;
;  gates_out[19]     ; clk_50m    ; 5.662 ; 5.137 ; Rise       ; u_pll|altpll_component|auto_generated|pll1|clk[0] ;
;  gates_out[20]     ; clk_50m    ; 5.688 ; 5.257 ; Rise       ; u_pll|altpll_component|auto_generated|pll1|clk[0] ;
;  gates_out[22]     ; clk_50m    ; 6.105 ; 5.729 ; Rise       ; u_pll|altpll_component|auto_generated|pll1|clk[0] ;
;  gates_out[23]     ; clk_50m    ; 5.680 ; 5.338 ; Rise       ; u_pll|altpll_component|auto_generated|pll1|clk[0] ;
+--------------------+------------+-------+-------+------------+---------------------------------------------------+


+------------------------------------------------------------------------------------------------------------------+
; Minimum Clock to Output Times                                                                                    ;
+--------------------+------------+-------+-------+------------+---------------------------------------------------+
; Data Port          ; Clock Port ; Rise  ; Fall  ; Clock Edge ; Clock Reference                                   ;
+--------------------+------------+-------+-------+------------+---------------------------------------------------+
; cap_high_time[*]   ; clk_50m    ; 3.578 ; 3.380 ; Rise       ; u_pll|altpll_component|auto_generated|pll1|clk[0] ;
;  cap_high_time[0]  ; clk_50m    ; 4.242 ; 3.912 ; Rise       ; u_pll|altpll_component|auto_generated|pll1|clk[0] ;
;  cap_high_time[1]  ; clk_50m    ; 3.851 ; 3.587 ; Rise       ; u_pll|altpll_component|auto_generated|pll1|clk[0] ;
;  cap_high_time[2]  ; clk_50m    ; 4.194 ; 3.879 ; Rise       ; u_pll|altpll_component|auto_generated|pll1|clk[0] ;
;  cap_high_time[3]  ; clk_50m    ; 4.183 ; 3.866 ; Rise       ; u_pll|altpll_component|auto_generated|pll1|clk[0] ;
;  cap_high_time[4]  ; clk_50m    ; 3.619 ; 3.416 ; Rise       ; u_pll|altpll_component|auto_generated|pll1|clk[0] ;
;  cap_high_time[5]  ; clk_50m    ; 6.117 ; 5.469 ; Rise       ; u_pll|altpll_component|auto_generated|pll1|clk[0] ;
;  cap_high_time[6]  ; clk_50m    ; 3.578 ; 3.380 ; Rise       ; u_pll|altpll_component|auto_generated|pll1|clk[0] ;
;  cap_high_time[7]  ; clk_50m    ; 3.923 ; 3.677 ; Rise       ; u_pll|altpll_component|auto_generated|pll1|clk[0] ;
;  cap_high_time[8]  ; clk_50m    ; 5.506 ; 4.928 ; Rise       ; u_pll|altpll_component|auto_generated|pll1|clk[0] ;
;  cap_high_time[9]  ; clk_50m    ; 3.603 ; 3.400 ; Rise       ; u_pll|altpll_component|auto_generated|pll1|clk[0] ;
;  cap_high_time[10] ; clk_50m    ; 4.011 ; 3.757 ; Rise       ; u_pll|altpll_component|auto_generated|pll1|clk[0] ;
;  cap_high_time[11] ; clk_50m    ; 4.338 ; 4.026 ; Rise       ; u_pll|altpll_component|auto_generated|pll1|clk[0] ;
;  cap_high_time[12] ; clk_50m    ; 4.082 ; 3.850 ; Rise       ; u_pll|altpll_component|auto_generated|pll1|clk[0] ;
;  cap_high_time[13] ; clk_50m    ; 3.600 ; 3.393 ; Rise       ; u_pll|altpll_component|auto_generated|pll1|clk[0] ;
;  cap_high_time[14] ; clk_50m    ; 3.830 ; 3.568 ; Rise       ; u_pll|altpll_component|auto_generated|pll1|clk[0] ;
;  cap_high_time[15] ; clk_50m    ; 4.313 ; 3.994 ; Rise       ; u_pll|altpll_component|auto_generated|pll1|clk[0] ;
; cap_period[*]      ; clk_50m    ; 3.598 ; 3.402 ; Rise       ; u_pll|altpll_component|auto_generated|pll1|clk[0] ;
;  cap_period[0]     ; clk_50m    ; 3.616 ; 3.416 ; Rise       ; u_pll|altpll_component|auto_generated|pll1|clk[0] ;
;  cap_period[1]     ; clk_50m    ; 4.298 ; 3.986 ; Rise       ; u_pll|altpll_component|auto_generated|pll1|clk[0] ;
;  cap_period[2]     ; clk_50m    ; 4.187 ; 3.869 ; Rise       ; u_pll|altpll_component|auto_generated|pll1|clk[0] ;
;  cap_period[3]     ; clk_50m    ; 3.598 ; 3.402 ; Rise       ; u_pll|altpll_component|auto_generated|pll1|clk[0] ;
;  cap_period[4]     ; clk_50m    ; 4.178 ; 3.851 ; Rise       ; u_pll|altpll_component|auto_generated|pll1|clk[0] ;
;  cap_period[5]     ; clk_50m    ; 3.881 ; 3.639 ; Rise       ; u_pll|altpll_component|auto_generated|pll1|clk[0] ;
;  cap_period[6]     ; clk_50m    ; 3.945 ; 3.682 ; Rise       ; u_pll|altpll_component|auto_generated|pll1|clk[0] ;
;  cap_period[7]     ; clk_50m    ; 3.604 ; 3.407 ; Rise       ; u_pll|altpll_component|auto_generated|pll1|clk[0] ;
;  cap_period[8]     ; clk_50m    ; 4.167 ; 3.858 ; Rise       ; u_pll|altpll_component|auto_generated|pll1|clk[0] ;
;  cap_period[9]     ; clk_50m    ; 4.234 ; 3.901 ; Rise       ; u_pll|altpll_component|auto_generated|pll1|clk[0] ;
;  cap_period[10]    ; clk_50m    ; 3.630 ; 3.422 ; Rise       ; u_pll|altpll_component|auto_generated|pll1|clk[0] ;
;  cap_period[11]    ; clk_50m    ; 3.943 ; 3.692 ; Rise       ; u_pll|altpll_component|auto_generated|pll1|clk[0] ;
;  cap_period[12]    ; clk_50m    ; 3.881 ; 3.618 ; Rise       ; u_pll|altpll_component|auto_generated|pll1|clk[0] ;
;  cap_period[13]    ; clk_50m    ; 3.630 ; 3.432 ; Rise       ; u_pll|altpll_component|auto_generated|pll1|clk[0] ;
;  cap_period[14]    ; clk_50m    ; 3.617 ; 3.414 ; Rise       ; u_pll|altpll_component|auto_generated|pll1|clk[0] ;
;  cap_period[15]    ; clk_50m    ; 4.177 ; 3.859 ; Rise       ; u_pll|altpll_component|auto_generated|pll1|clk[0] ;
; cap_valid          ; clk_50m    ; 6.743 ; 5.925 ; Rise       ; u_pll|altpll_component|auto_generated|pll1|clk[0] ;
; gates_out[*]       ; clk_50m    ; 4.359 ; 4.117 ; Rise       ; u_pll|altpll_component|auto_generated|pll1|clk[0] ;
;  gates_out[0]      ; clk_50m    ; 4.751 ; 4.563 ; Rise       ; u_pll|altpll_component|auto_generated|pll1|clk[0] ;
;  gates_out[1]      ; clk_50m    ; 4.569 ; 4.193 ; Rise       ; u_pll|altpll_component|auto_generated|pll1|clk[0] ;
;  gates_out[2]      ; clk_50m    ; 4.812 ; 4.387 ; Rise       ; u_pll|altpll_component|auto_generated|pll1|clk[0] ;
;  gates_out[3]      ; clk_50m    ; 4.764 ; 4.543 ; Rise       ; u_pll|altpll_component|auto_generated|pll1|clk[0] ;
;  gates_out[4]      ; clk_50m    ; 6.072 ; 5.519 ; Rise       ; u_pll|altpll_component|auto_generated|pll1|clk[0] ;
;  gates_out[5]      ; clk_50m    ; 5.413 ; 5.089 ; Rise       ; u_pll|altpll_component|auto_generated|pll1|clk[0] ;
;  gates_out[6]      ; clk_50m    ; 5.921 ; 5.420 ; Rise       ; u_pll|altpll_component|auto_generated|pll1|clk[0] ;
;  gates_out[7]      ; clk_50m    ; 5.700 ; 5.354 ; Rise       ; u_pll|altpll_component|auto_generated|pll1|clk[0] ;
;  gates_out[8]      ; clk_50m    ; 6.641 ; 6.017 ; Rise       ; u_pll|altpll_component|auto_generated|pll1|clk[0] ;
;  gates_out[9]      ; clk_50m    ; 4.359 ; 4.117 ; Rise       ; u_pll|altpll_component|auto_generated|pll1|clk[0] ;
;  gates_out[10]     ; clk_50m    ; 6.066 ; 5.534 ; Rise       ; u_pll|altpll_component|auto_generated|pll1|clk[0] ;
;  gates_out[11]     ; clk_50m    ; 5.179 ; 4.893 ; Rise       ; u_pll|altpll_component|auto_generated|pll1|clk[0] ;
;  gates_out[12]     ; clk_50m    ; 5.922 ; 5.424 ; Rise       ; u_pll|altpll_component|auto_generated|pll1|clk[0] ;
;  gates_out[14]     ; clk_50m    ; 5.659 ; 5.313 ; Rise       ; u_pll|altpll_component|auto_generated|pll1|clk[0] ;
;  gates_out[15]     ; clk_50m    ; 6.210 ; 5.620 ; Rise       ; u_pll|altpll_component|auto_generated|pll1|clk[0] ;
;  gates_out[16]     ; clk_50m    ; 5.118 ; 4.666 ; Rise       ; u_pll|altpll_component|auto_generated|pll1|clk[0] ;
;  gates_out[18]     ; clk_50m    ; 5.129 ; 4.650 ; Rise       ; u_pll|altpll_component|auto_generated|pll1|clk[0] ;
;  gates_out[19]     ; clk_50m    ; 4.673 ; 4.529 ; Rise       ; u_pll|altpll_component|auto_generated|pll1|clk[0] ;
;  gates_out[20]     ; clk_50m    ; 5.081 ; 4.660 ; Rise       ; u_pll|altpll_component|auto_generated|pll1|clk[0] ;
;  gates_out[22]     ; clk_50m    ; 5.430 ; 4.972 ; Rise       ; u_pll|altpll_component|auto_generated|pll1|clk[0] ;
;  gates_out[23]     ; clk_50m    ; 5.005 ; 4.622 ; Rise       ; u_pll|altpll_component|auto_generated|pll1|clk[0] ;
+--------------------+------------+-------+-------+------------+---------------------------------------------------+


---------------------------------------------
; Slow 1200mV 0C Model Metastability Report ;
---------------------------------------------
No synchronizer chains to report.


+---------------------------------------------------------------------------+
; Fast 1200mV 0C Model Setup Summary                                        ;
+---------------------------------------------------+-------+---------------+
; Clock                                             ; Slack ; End Point TNS ;
+---------------------------------------------------+-------+---------------+
; u_pll|altpll_component|auto_generated|pll1|clk[0] ; 4.545 ; 0.000         ;
+---------------------------------------------------+-------+---------------+


+---------------------------------------------------------------------------+
; Fast 1200mV 0C Model Hold Summary                                         ;
+---------------------------------------------------+-------+---------------+
; Clock                                             ; Slack ; End Point TNS ;
+---------------------------------------------------+-------+---------------+
; u_pll|altpll_component|auto_generated|pll1|clk[0] ; 0.186 ; 0.000         ;
+---------------------------------------------------+-------+---------------+


-----------------------------------------
; Fast 1200mV 0C Model Recovery Summary ;
-----------------------------------------
No paths to report.


----------------------------------------
; Fast 1200mV 0C Model Removal Summary ;
----------------------------------------
No paths to report.


+---------------------------------------------------------------------------+
; Fast 1200mV 0C Model Minimum Pulse Width Summary                          ;
+---------------------------------------------------+-------+---------------+
; Clock                                             ; Slack ; End Point TNS ;
+---------------------------------------------------+-------+---------------+
; u_pll|altpll_component|auto_generated|pll1|clk[0] ; 3.130 ; 0.000         ;
; clk_50m                                           ; 9.423 ; 0.000         ;
+---------------------------------------------------+-------+---------------+


+--------------------------------------------------------------------------------------------------------------------------------------------------------------------------------------------------------------------------------------+
; Fast 1200mV 0C Model Setup: 'u_pll|altpll_component|auto_generated|pll1|clk[0]'                                                                                                                                                      ;
+-------+--------------------------------------+--------------------------------------+---------------------------------------------------+---------------------------------------------------+--------------+------------+------------+
; Slack ; From Node                            ; To Node                              ; Launch Clock                                      ; Latch Clock                                       ; Relationship ; Clock Skew ; Data Delay ;
+-------+--------------------------------------+--------------------------------------+---------------------------------------------------+---------------------------------------------------+--------------+------------+------------+
; 4.545 ; CPLD_pwm_carrier:u_carrier|count[0]  ; CPLD_pwm_phase:u_phase_b|h2_gates[2] ; u_pll|altpll_component|auto_generated|pll1|clk[0] ; u_pll|altpll_component|auto_generated|pll1|clk[0] ; 6.666        ; -0.036     ; 2.072      ;
; 4.546 ; CPLD_pwm_carrier:u_carrier|count[0]  ; CPLD_pwm_phase:u_phase_a|h2_gates[2] ; u_pll|altpll_component|auto_generated|pll1|clk[0] ; u_pll|altpll_component|auto_generated|pll1|clk[0] ; 6.666        ; -0.036     ; 2.071      ;
; 4.547 ; CPLD_pwm_carrier:u_carrier|count[0]  ; CPLD_pwm_phase:u_phase_c|h2_gates[2] ; u_pll|altpll_component|auto_generated|pll1|clk[0] ; u_pll|altpll_component|auto_generated|pll1|clk[0] ; 6.666        ; -0.036     ; 2.070      ;
; 4.573 ; CPLD_pwm_carrier:u_carrier|count[1]  ; CPLD_pwm_phase:u_phase_b|h2_gates[2] ; u_pll|altpll_component|auto_generated|pll1|clk[0] ; u_pll|altpll_component|auto_generated|pll1|clk[0] ; 6.666        ; -0.034     ; 2.046      ;
; 4.574 ; CPLD_pwm_carrier:u_carrier|count[1]  ; CPLD_pwm_phase:u_phase_a|h2_gates[2] ; u_pll|altpll_component|auto_generated|pll1|clk[0] ; u_pll|altpll_component|auto_generated|pll1|clk[0] ; 6.666        ; -0.034     ; 2.045      ;
; 4.575 ; CPLD_pwm_carrier:u_carrier|count[1]  ; CPLD_pwm_phase:u_phase_c|h2_gates[2] ; u_pll|altpll_component|auto_generated|pll1|clk[0] ; u_pll|altpll_component|auto_generated|pll1|clk[0] ; 6.666        ; -0.034     ; 2.044      ;
; 4.590 ; CPLD_pwm_carrier:u_carrier|count[4]  ; CPLD_pwm_phase:u_phase_b|h2_gates[2] ; u_pll|altpll_component|auto_generated|pll1|clk[0] ; u_pll|altpll_component|auto_generated|pll1|clk[0] ; 6.666        ; -0.035     ; 2.028      ;
; 4.591 ; CPLD_pwm_carrier:u_carrier|count[4]  ; CPLD_pwm_phase:u_phase_a|h2_gates[2] ; u_pll|altpll_component|auto_generated|pll1|clk[0] ; u_pll|altpll_component|auto_generated|pll1|clk[0] ; 6.666        ; -0.035     ; 2.027      ;
; 4.592 ; CPLD_pwm_carrier:u_carrier|count[4]  ; CPLD_pwm_phase:u_phase_c|h2_gates[2] ; u_pll|altpll_component|auto_generated|pll1|clk[0] ; u_pll|altpll_component|auto_generated|pll1|clk[0] ; 6.666        ; -0.035     ; 2.026      ;
; 4.621 ; CPLD_pwm_carrier:u_carrier|count[3]  ; CPLD_pwm_phase:u_phase_b|h2_gates[2] ; u_pll|altpll_component|auto_generated|pll1|clk[0] ; u_pll|altpll_component|auto_generated|pll1|clk[0] ; 6.666        ; -0.035     ; 1.997      ;
; 4.622 ; CPLD_pwm_carrier:u_carrier|count[0]  ; CPLD_pwm_phase:u_phase_c|h2_gates[3] ; u_pll|altpll_component|auto_generated|pll1|clk[0] ; u_pll|altpll_component|auto_generated|pll1|clk[0] ; 6.666        ; -0.036     ; 1.995      ;
; 4.622 ; CPLD_pwm_carrier:u_carrier|count[3]  ; CPLD_pwm_phase:u_phase_a|h2_gates[2] ; u_pll|altpll_component|auto_generated|pll1|clk[0] ; u_pll|altpll_component|auto_generated|pll1|clk[0] ; 6.666        ; -0.035     ; 1.996      ;
; 4.623 ; CPLD_pwm_carrier:u_carrier|count[3]  ; CPLD_pwm_phase:u_phase_c|h2_gates[2] ; u_pll|altpll_component|auto_generated|pll1|clk[0] ; u_pll|altpll_component|auto_generated|pll1|clk[0] ; 6.666        ; -0.035     ; 1.995      ;
; 4.650 ; CPLD_pwm_carrier:u_carrier|count[1]  ; CPLD_pwm_phase:u_phase_c|h2_gates[3] ; u_pll|altpll_component|auto_generated|pll1|clk[0] ; u_pll|altpll_component|auto_generated|pll1|clk[0] ; 6.666        ; -0.034     ; 1.969      ;
; 4.666 ; CPLD_pwm_carrier:u_carrier|count[0]  ; CPLD_pwm_phase:u_phase_b|h2_gates[3] ; u_pll|altpll_component|auto_generated|pll1|clk[0] ; u_pll|altpll_component|auto_generated|pll1|clk[0] ; 6.666        ; -0.036     ; 1.951      ;
; 4.667 ; CPLD_pwm_carrier:u_carrier|count[4]  ; CPLD_pwm_phase:u_phase_c|h2_gates[3] ; u_pll|altpll_component|auto_generated|pll1|clk[0] ; u_pll|altpll_component|auto_generated|pll1|clk[0] ; 6.666        ; -0.035     ; 1.951      ;
; 4.694 ; CPLD_pwm_carrier:u_carrier|count[1]  ; CPLD_pwm_phase:u_phase_b|h2_gates[3] ; u_pll|altpll_component|auto_generated|pll1|clk[0] ; u_pll|altpll_component|auto_generated|pll1|clk[0] ; 6.666        ; -0.034     ; 1.925      ;
; 4.698 ; CPLD_pwm_carrier:u_carrier|count[3]  ; CPLD_pwm_phase:u_phase_c|h2_gates[3] ; u_pll|altpll_component|auto_generated|pll1|clk[0] ; u_pll|altpll_component|auto_generated|pll1|clk[0] ; 6.666        ; -0.035     ; 1.920      ;
; 4.710 ; CPLD_pwm_carrier:u_carrier|count[5]  ; CPLD_pwm_phase:u_phase_b|h2_gates[2] ; u_pll|altpll_component|auto_generated|pll1|clk[0] ; u_pll|altpll_component|auto_generated|pll1|clk[0] ; 6.666        ; -0.034     ; 1.909      ;
; 4.711 ; CPLD_pwm_carrier:u_carrier|count[5]  ; CPLD_pwm_phase:u_phase_a|h2_gates[2] ; u_pll|altpll_component|auto_generated|pll1|clk[0] ; u_pll|altpll_component|auto_generated|pll1|clk[0] ; 6.666        ; -0.034     ; 1.908      ;
; 4.711 ; CPLD_pwm_carrier:u_carrier|count[4]  ; CPLD_pwm_phase:u_phase_b|h2_gates[3] ; u_pll|altpll_component|auto_generated|pll1|clk[0] ; u_pll|altpll_component|auto_generated|pll1|clk[0] ; 6.666        ; -0.035     ; 1.907      ;
; 4.712 ; CPLD_pwm_carrier:u_carrier|count[5]  ; CPLD_pwm_phase:u_phase_c|h2_gates[2] ; u_pll|altpll_component|auto_generated|pll1|clk[0] ; u_pll|altpll_component|auto_generated|pll1|clk[0] ; 6.666        ; -0.034     ; 1.907      ;
; 4.714 ; CPLD_pwm_carrier:u_carrier|count[8]  ; CPLD_pwm_phase:u_phase_b|h2_gates[2] ; u_pll|altpll_component|auto_generated|pll1|clk[0] ; u_pll|altpll_component|auto_generated|pll1|clk[0] ; 6.666        ; -0.036     ; 1.903      ;
; 4.715 ; CPLD_pwm_carrier:u_carrier|count[8]  ; CPLD_pwm_phase:u_phase_a|h2_gates[2] ; u_pll|altpll_component|auto_generated|pll1|clk[0] ; u_pll|altpll_component|auto_generated|pll1|clk[0] ; 6.666        ; -0.036     ; 1.902      ;
; 4.716 ; CPLD_pwm_carrier:u_carrier|count[8]  ; CPLD_pwm_phase:u_phase_c|h2_gates[2] ; u_pll|altpll_component|auto_generated|pll1|clk[0] ; u_pll|altpll_component|auto_generated|pll1|clk[0] ; 6.666        ; -0.036     ; 1.901      ;
; 4.720 ; CPLD_pwm_carrier:u_carrier|count[2]  ; CPLD_pwm_phase:u_phase_b|h2_gates[2] ; u_pll|altpll_component|auto_generated|pll1|clk[0] ; u_pll|altpll_component|auto_generated|pll1|clk[0] ; 6.666        ; -0.036     ; 1.897      ;
; 4.721 ; CPLD_pwm_carrier:u_carrier|count[2]  ; CPLD_pwm_phase:u_phase_a|h2_gates[2] ; u_pll|altpll_component|auto_generated|pll1|clk[0] ; u_pll|altpll_component|auto_generated|pll1|clk[0] ; 6.666        ; -0.036     ; 1.896      ;
; 4.722 ; CPLD_pwm_carrier:u_carrier|count[2]  ; CPLD_pwm_phase:u_phase_c|h2_gates[2] ; u_pll|altpll_component|auto_generated|pll1|clk[0] ; u_pll|altpll_component|auto_generated|pll1|clk[0] ; 6.666        ; -0.036     ; 1.895      ;
; 4.738 ; CPLD_pwm_carrier:u_carrier|count[0]  ; CPLD_pwm_phase:u_phase_a|h2_gates[3] ; u_pll|altpll_component|auto_generated|pll1|clk[0] ; u_pll|altpll_component|auto_generated|pll1|clk[0] ; 6.666        ; -0.036     ; 1.879      ;
; 4.742 ; CPLD_pwm_carrier:u_carrier|count[3]  ; CPLD_pwm_phase:u_phase_b|h2_gates[3] ; u_pll|altpll_component|auto_generated|pll1|clk[0] ; u_pll|altpll_component|auto_generated|pll1|clk[0] ; 6.666        ; -0.035     ; 1.876      ;
; 4.765 ; CPLD_pwm_carrier:u_carrier|count[6]  ; CPLD_pwm_phase:u_phase_b|h2_gates[2] ; u_pll|altpll_component|auto_generated|pll1|clk[0] ; u_pll|altpll_component|auto_generated|pll1|clk[0] ; 6.666        ; -0.036     ; 1.852      ;
; 4.766 ; CPLD_pwm_carrier:u_carrier|count[6]  ; CPLD_pwm_phase:u_phase_a|h2_gates[2] ; u_pll|altpll_component|auto_generated|pll1|clk[0] ; u_pll|altpll_component|auto_generated|pll1|clk[0] ; 6.666        ; -0.036     ; 1.851      ;
; 4.766 ; CPLD_pwm_carrier:u_carrier|count[1]  ; CPLD_pwm_phase:u_phase_a|h2_gates[3] ; u_pll|altpll_component|auto_generated|pll1|clk[0] ; u_pll|altpll_component|auto_generated|pll1|clk[0] ; 6.666        ; -0.034     ; 1.853      ;
; 4.767 ; CPLD_pwm_carrier:u_carrier|count[6]  ; CPLD_pwm_phase:u_phase_c|h2_gates[2] ; u_pll|altpll_component|auto_generated|pll1|clk[0] ; u_pll|altpll_component|auto_generated|pll1|clk[0] ; 6.666        ; -0.036     ; 1.850      ;
; 4.777 ; CPLD_pwm_carrier:u_carrier|count[7]  ; CPLD_pwm_phase:u_phase_b|h2_gates[2] ; u_pll|altpll_component|auto_generated|pll1|clk[0] ; u_pll|altpll_component|auto_generated|pll1|clk[0] ; 6.666        ; -0.034     ; 1.842      ;
; 4.778 ; CPLD_pwm_carrier:u_carrier|count[7]  ; CPLD_pwm_phase:u_phase_a|h2_gates[2] ; u_pll|altpll_component|auto_generated|pll1|clk[0] ; u_pll|altpll_component|auto_generated|pll1|clk[0] ; 6.666        ; -0.034     ; 1.841      ;
; 4.779 ; CPLD_pwm_carrier:u_carrier|count[7]  ; CPLD_pwm_phase:u_phase_c|h2_gates[2] ; u_pll|altpll_component|auto_generated|pll1|clk[0] ; u_pll|altpll_component|auto_generated|pll1|clk[0] ; 6.666        ; -0.034     ; 1.840      ;
; 4.783 ; CPLD_pwm_carrier:u_carrier|count[4]  ; CPLD_pwm_phase:u_phase_a|h2_gates[3] ; u_pll|altpll_component|auto_generated|pll1|clk[0] ; u_pll|altpll_component|auto_generated|pll1|clk[0] ; 6.666        ; -0.035     ; 1.835      ;
; 4.787 ; CPLD_pwm_carrier:u_carrier|count[5]  ; CPLD_pwm_phase:u_phase_c|h2_gates[3] ; u_pll|altpll_component|auto_generated|pll1|clk[0] ; u_pll|altpll_component|auto_generated|pll1|clk[0] ; 6.666        ; -0.034     ; 1.832      ;
; 4.791 ; CPLD_pwm_carrier:u_carrier|count[8]  ; CPLD_pwm_phase:u_phase_c|h2_gates[3] ; u_pll|altpll_component|auto_generated|pll1|clk[0] ; u_pll|altpll_component|auto_generated|pll1|clk[0] ; 6.666        ; -0.036     ; 1.826      ;
; 4.797 ; CPLD_pwm_carrier:u_carrier|count[2]  ; CPLD_pwm_phase:u_phase_c|h2_gates[3] ; u_pll|altpll_component|auto_generated|pll1|clk[0] ; u_pll|altpll_component|auto_generated|pll1|clk[0] ; 6.666        ; -0.036     ; 1.820      ;
; 4.800 ; CPLD_pwm_carrier:u_carrier|count[11] ; CPLD_pwm_carrier:u_carrier|dir       ; u_pll|altpll_component|auto_generated|pll1|clk[0] ; u_pll|altpll_component|auto_generated|pll1|clk[0] ; 6.666        ; -0.037     ; 1.816      ;
; 4.814 ; CPLD_pwm_carrier:u_carrier|count[3]  ; CPLD_pwm_phase:u_phase_a|h2_gates[3] ; u_pll|altpll_component|auto_generated|pll1|clk[0] ; u_pll|altpll_component|auto_generated|pll1|clk[0] ; 6.666        ; -0.035     ; 1.804      ;
; 4.815 ; deadtime_gen:u_dt_h1a_legA|cnt_n[7]  ; deadtime_gen:u_dt_h1a_legA|cnt_n[0]  ; u_pll|altpll_component|auto_generated|pll1|clk[0] ; u_pll|altpll_component|auto_generated|pll1|clk[0] ; 6.666        ; -0.037     ; 1.801      ;
; 4.815 ; deadtime_gen:u_dt_h1a_legA|cnt_n[7]  ; deadtime_gen:u_dt_h1a_legA|cnt_n[1]  ; u_pll|altpll_component|auto_generated|pll1|clk[0] ; u_pll|altpll_component|auto_generated|pll1|clk[0] ; 6.666        ; -0.037     ; 1.801      ;
; 4.815 ; deadtime_gen:u_dt_h1a_legA|cnt_n[7]  ; deadtime_gen:u_dt_h1a_legA|cnt_n[2]  ; u_pll|altpll_component|auto_generated|pll1|clk[0] ; u_pll|altpll_component|auto_generated|pll1|clk[0] ; 6.666        ; -0.037     ; 1.801      ;
; 4.815 ; deadtime_gen:u_dt_h1a_legA|cnt_n[7]  ; deadtime_gen:u_dt_h1a_legA|cnt_n[3]  ; u_pll|altpll_component|auto_generated|pll1|clk[0] ; u_pll|altpll_component|auto_generated|pll1|clk[0] ; 6.666        ; -0.037     ; 1.801      ;
; 4.815 ; deadtime_gen:u_dt_h1a_legA|cnt_n[7]  ; deadtime_gen:u_dt_h1a_legA|cnt_n[4]  ; u_pll|altpll_component|auto_generated|pll1|clk[0] ; u_pll|altpll_component|auto_generated|pll1|clk[0] ; 6.666        ; -0.037     ; 1.801      ;
; 4.815 ; deadtime_gen:u_dt_h1a_legA|cnt_n[7]  ; deadtime_gen:u_dt_h1a_legA|cnt_n[5]  ; u_pll|altpll_component|auto_generated|pll1|clk[0] ; u_pll|altpll_component|auto_generated|pll1|clk[0] ; 6.666        ; -0.037     ; 1.801      ;
; 4.815 ; deadtime_gen:u_dt_h1a_legA|cnt_n[7]  ; deadtime_gen:u_dt_h1a_legA|cnt_n[6]  ; u_pll|altpll_component|auto_generated|pll1|clk[0] ; u_pll|altpll_component|auto_generated|pll1|clk[0] ; 6.666        ; -0.037     ; 1.801      ;
; 4.815 ; deadtime_gen:u_dt_h1a_legA|cnt_n[7]  ; deadtime_gen:u_dt_h1a_legA|cnt_n[7]  ; u_pll|altpll_component|auto_generated|pll1|clk[0] ; u_pll|altpll_component|auto_generated|pll1|clk[0] ; 6.666        ; -0.037     ; 1.801      ;
; 4.831 ; CPLD_pwm_carrier:u_carrier|count[5]  ; CPLD_pwm_phase:u_phase_b|h2_gates[3] ; u_pll|altpll_component|auto_generated|pll1|clk[0] ; u_pll|altpll_component|auto_generated|pll1|clk[0] ; 6.666        ; -0.034     ; 1.788      ;
; 4.832 ; CPLD_pwm_carrier:u_carrier|count[9]  ; CPLD_pwm_phase:u_phase_b|h2_gates[2] ; u_pll|altpll_component|auto_generated|pll1|clk[0] ; u_pll|altpll_component|auto_generated|pll1|clk[0] ; 6.666        ; -0.035     ; 1.786      ;
; 4.833 ; CPLD_pwm_carrier:u_carrier|count[9]  ; CPLD_pwm_phase:u_phase_a|h2_gates[2] ; u_pll|altpll_component|auto_generated|pll1|clk[0] ; u_pll|altpll_component|auto_generated|pll1|clk[0] ; 6.666        ; -0.035     ; 1.785      ;
; 4.834 ; CPLD_pwm_carrier:u_carrier|count[9]  ; CPLD_pwm_phase:u_phase_c|h2_gates[2] ; u_pll|altpll_component|auto_generated|pll1|clk[0] ; u_pll|altpll_component|auto_generated|pll1|clk[0] ; 6.666        ; -0.035     ; 1.784      ;
; 4.835 ; CPLD_pwm_carrier:u_carrier|count[8]  ; CPLD_pwm_phase:u_phase_b|h2_gates[3] ; u_pll|altpll_component|auto_generated|pll1|clk[0] ; u_pll|altpll_component|auto_generated|pll1|clk[0] ; 6.666        ; -0.036     ; 1.782      ;
; 4.841 ; CPLD_pwm_carrier:u_carrier|count[2]  ; CPLD_pwm_phase:u_phase_b|h2_gates[3] ; u_pll|altpll_component|auto_generated|pll1|clk[0] ; u_pll|altpll_component|auto_generated|pll1|clk[0] ; 6.666        ; -0.036     ; 1.776      ;
; 4.842 ; CPLD_pwm_carrier:u_carrier|count[6]  ; CPLD_pwm_phase:u_phase_c|h2_gates[3] ; u_pll|altpll_component|auto_generated|pll1|clk[0] ; u_pll|altpll_component|auto_generated|pll1|clk[0] ; 6.666        ; -0.036     ; 1.775      ;
; 4.854 ; CPLD_pwm_carrier:u_carrier|count[7]  ; CPLD_pwm_phase:u_phase_c|h2_gates[3] ; u_pll|altpll_component|auto_generated|pll1|clk[0] ; u_pll|altpll_component|auto_generated|pll1|clk[0] ; 6.666        ; -0.034     ; 1.765      ;
; 4.867 ; CPLD_pwm_carrier:u_carrier|count[1]  ; CPLD_pwm_carrier:u_carrier|count[11] ; u_pll|altpll_component|auto_generated|pll1|clk[0] ; u_pll|altpll_component|auto_generated|pll1|clk[0] ; 6.666        ; -0.036     ; 1.750      ;
; 4.881 ; CPLD_pwm_carrier:u_carrier|count[1]  ; CPLD_pwm_carrier:u_carrier|count[10] ; u_pll|altpll_component|auto_generated|pll1|clk[0] ; u_pll|altpll_component|auto_generated|pll1|clk[0] ; 6.666        ; -0.035     ; 1.737      ;
; 4.882 ; CPLD_pwm_carrier:u_carrier|count[11] ; CPLD_pwm_carrier:u_carrier|count[1]  ; u_pll|altpll_component|auto_generated|pll1|clk[0] ; u_pll|altpll_component|auto_generated|pll1|clk[0] ; 6.666        ; -0.037     ; 1.734      ;
; 4.886 ; CPLD_pwm_carrier:u_carrier|count[6]  ; CPLD_pwm_phase:u_phase_b|h2_gates[3] ; u_pll|altpll_component|auto_generated|pll1|clk[0] ; u_pll|altpll_component|auto_generated|pll1|clk[0] ; 6.666        ; -0.036     ; 1.731      ;
; 4.893 ; CPLD_pwm_carrier:u_carrier|count[10] ; CPLD_pwm_phase:u_phase_b|h2_gates[2] ; u_pll|altpll_component|auto_generated|pll1|clk[0] ; u_pll|altpll_component|auto_generated|pll1|clk[0] ; 6.666        ; -0.036     ; 1.724      ;
; 4.894 ; CPLD_pwm_carrier:u_carrier|count[10] ; CPLD_pwm_phase:u_phase_a|h2_gates[2] ; u_pll|altpll_component|auto_generated|pll1|clk[0] ; u_pll|altpll_component|auto_generated|pll1|clk[0] ; 6.666        ; -0.036     ; 1.723      ;
; 4.895 ; CPLD_pwm_carrier:u_carrier|count[10] ; CPLD_pwm_phase:u_phase_c|h2_gates[2] ; u_pll|altpll_component|auto_generated|pll1|clk[0] ; u_pll|altpll_component|auto_generated|pll1|clk[0] ; 6.666        ; -0.036     ; 1.722      ;
; 4.898 ; CPLD_pwm_carrier:u_carrier|count[7]  ; CPLD_pwm_phase:u_phase_b|h2_gates[3] ; u_pll|altpll_component|auto_generated|pll1|clk[0] ; u_pll|altpll_component|auto_generated|pll1|clk[0] ; 6.666        ; -0.034     ; 1.721      ;
; 4.903 ; CPLD_pwm_carrier:u_carrier|count[5]  ; CPLD_pwm_phase:u_phase_a|h2_gates[3] ; u_pll|altpll_component|auto_generated|pll1|clk[0] ; u_pll|altpll_component|auto_generated|pll1|clk[0] ; 6.666        ; -0.034     ; 1.716      ;
; 4.907 ; CPLD_pwm_carrier:u_carrier|count[8]  ; CPLD_pwm_phase:u_phase_a|h2_gates[3] ; u_pll|altpll_component|auto_generated|pll1|clk[0] ; u_pll|altpll_component|auto_generated|pll1|clk[0] ; 6.666        ; -0.036     ; 1.710      ;
; 4.913 ; CPLD_pwm_carrier:u_carrier|count[2]  ; CPLD_pwm_phase:u_phase_a|h2_gates[3] ; u_pll|altpll_component|auto_generated|pll1|clk[0] ; u_pll|altpll_component|auto_generated|pll1|clk[0] ; 6.666        ; -0.036     ; 1.704      ;
; 4.922 ; CPLD_pwm_carrier:u_carrier|count[1]  ; CPLD_pwm_carrier:u_carrier|count[7]  ; u_pll|altpll_component|auto_generated|pll1|clk[0] ; u_pll|altpll_component|auto_generated|pll1|clk[0] ; 6.666        ; -0.036     ; 1.695      ;
; 4.927 ; CPLD_pwm_carrier:u_carrier|count[1]  ; CPLD_pwm_carrier:u_carrier|count[9]  ; u_pll|altpll_component|auto_generated|pll1|clk[0] ; u_pll|altpll_component|auto_generated|pll1|clk[0] ; 6.666        ; -0.036     ; 1.690      ;
; 4.932 ; deadtime_gen:u_dt_h1b_legB|cnt_n[7]  ; deadtime_gen:u_dt_h1b_legB|cnt_n[0]  ; u_pll|altpll_component|auto_generated|pll1|clk[0] ; u_pll|altpll_component|auto_generated|pll1|clk[0] ; 6.666        ; -0.037     ; 1.684      ;
; 4.932 ; deadtime_gen:u_dt_h1b_legB|cnt_n[7]  ; deadtime_gen:u_dt_h1b_legB|cnt_n[1]  ; u_pll|altpll_component|auto_generated|pll1|clk[0] ; u_pll|altpll_component|auto_generated|pll1|clk[0] ; 6.666        ; -0.037     ; 1.684      ;
; 4.932 ; deadtime_gen:u_dt_h1b_legB|cnt_n[7]  ; deadtime_gen:u_dt_h1b_legB|cnt_n[2]  ; u_pll|altpll_component|auto_generated|pll1|clk[0] ; u_pll|altpll_component|auto_generated|pll1|clk[0] ; 6.666        ; -0.037     ; 1.684      ;
; 4.932 ; deadtime_gen:u_dt_h1b_legB|cnt_n[7]  ; deadtime_gen:u_dt_h1b_legB|cnt_n[3]  ; u_pll|altpll_component|auto_generated|pll1|clk[0] ; u_pll|altpll_component|auto_generated|pll1|clk[0] ; 6.666        ; -0.037     ; 1.684      ;
; 4.932 ; deadtime_gen:u_dt_h1b_legB|cnt_n[7]  ; deadtime_gen:u_dt_h1b_legB|cnt_n[4]  ; u_pll|altpll_component|auto_generated|pll1|clk[0] ; u_pll|altpll_component|auto_generated|pll1|clk[0] ; 6.666        ; -0.037     ; 1.684      ;
; 4.932 ; deadtime_gen:u_dt_h1b_legB|cnt_n[7]  ; deadtime_gen:u_dt_h1b_legB|cnt_n[5]  ; u_pll|altpll_component|auto_generated|pll1|clk[0] ; u_pll|altpll_component|auto_generated|pll1|clk[0] ; 6.666        ; -0.037     ; 1.684      ;
; 4.932 ; deadtime_gen:u_dt_h1b_legB|cnt_n[7]  ; deadtime_gen:u_dt_h1b_legB|cnt_n[6]  ; u_pll|altpll_component|auto_generated|pll1|clk[0] ; u_pll|altpll_component|auto_generated|pll1|clk[0] ; 6.666        ; -0.037     ; 1.684      ;
; 4.932 ; deadtime_gen:u_dt_h1b_legB|cnt_n[7]  ; deadtime_gen:u_dt_h1b_legB|cnt_n[7]  ; u_pll|altpll_component|auto_generated|pll1|clk[0] ; u_pll|altpll_component|auto_generated|pll1|clk[0] ; 6.666        ; -0.037     ; 1.684      ;
; 4.949 ; CPLD_pwm_carrier:u_carrier|count[11] ; CPLD_pwm_carrier:u_carrier|count[2]  ; u_pll|altpll_component|auto_generated|pll1|clk[0] ; u_pll|altpll_component|auto_generated|pll1|clk[0] ; 6.666        ; -0.036     ; 1.668      ;
; 4.958 ; CPLD_pwm_carrier:u_carrier|count[6]  ; CPLD_pwm_phase:u_phase_a|h2_gates[3] ; u_pll|altpll_component|auto_generated|pll1|clk[0] ; u_pll|altpll_component|auto_generated|pll1|clk[0] ; 6.666        ; -0.036     ; 1.659      ;
; 4.964 ; CPLD_pwm_carrier:u_carrier|count[1]  ; CPLD_pwm_carrier:u_carrier|count[8]  ; u_pll|altpll_component|auto_generated|pll1|clk[0] ; u_pll|altpll_component|auto_generated|pll1|clk[0] ; 6.666        ; -0.035     ; 1.654      ;
; 4.970 ; CPLD_pwm_carrier:u_carrier|count[7]  ; CPLD_pwm_phase:u_phase_a|h2_gates[3] ; u_pll|altpll_component|auto_generated|pll1|clk[0] ; u_pll|altpll_component|auto_generated|pll1|clk[0] ; 6.666        ; -0.034     ; 1.649      ;
; 4.983 ; sync_2ff:u_sync_a_h1_3|sync_chain[1] ; deadtime_gen:u_dt_h1a_legB|cnt_p[0]  ; u_pll|altpll_component|auto_generated|pll1|clk[0] ; u_pll|altpll_component|auto_generated|pll1|clk[0] ; 6.666        ; -0.039     ; 1.631      ;
; 4.983 ; sync_2ff:u_sync_a_h1_3|sync_chain[1] ; deadtime_gen:u_dt_h1a_legB|cnt_p[1]  ; u_pll|altpll_component|auto_generated|pll1|clk[0] ; u_pll|altpll_component|auto_generated|pll1|clk[0] ; 6.666        ; -0.039     ; 1.631      ;
; 4.983 ; sync_2ff:u_sync_a_h1_3|sync_chain[1] ; deadtime_gen:u_dt_h1a_legB|cnt_p[2]  ; u_pll|altpll_component|auto_generated|pll1|clk[0] ; u_pll|altpll_component|auto_generated|pll1|clk[0] ; 6.666        ; -0.039     ; 1.631      ;
; 4.983 ; sync_2ff:u_sync_a_h1_3|sync_chain[1] ; deadtime_gen:u_dt_h1a_legB|cnt_p[3]  ; u_pll|altpll_component|auto_generated|pll1|clk[0] ; u_pll|altpll_component|auto_generated|pll1|clk[0] ; 6.666        ; -0.039     ; 1.631      ;
; 4.983 ; sync_2ff:u_sync_a_h1_3|sync_chain[1] ; deadtime_gen:u_dt_h1a_legB|cnt_p[4]  ; u_pll|altpll_component|auto_generated|pll1|clk[0] ; u_pll|altpll_component|auto_generated|pll1|clk[0] ; 6.666        ; -0.039     ; 1.631      ;
; 4.983 ; sync_2ff:u_sync_a_h1_3|sync_chain[1] ; deadtime_gen:u_dt_h1a_legB|cnt_p[5]  ; u_pll|altpll_component|auto_generated|pll1|clk[0] ; u_pll|altpll_component|auto_generated|pll1|clk[0] ; 6.666        ; -0.039     ; 1.631      ;
; 4.983 ; sync_2ff:u_sync_a_h1_3|sync_chain[1] ; deadtime_gen:u_dt_h1a_legB|cnt_p[6]  ; u_pll|altpll_component|auto_generated|pll1|clk[0] ; u_pll|altpll_component|auto_generated|pll1|clk[0] ; 6.666        ; -0.039     ; 1.631      ;
; 4.983 ; sync_2ff:u_sync_a_h1_3|sync_chain[1] ; deadtime_gen:u_dt_h1a_legB|cnt_p[7]  ; u_pll|altpll_component|auto_generated|pll1|clk[0] ; u_pll|altpll_component|auto_generated|pll1|clk[0] ; 6.666        ; -0.039     ; 1.631      ;
; 4.986 ; CPLD_pwm_carrier:u_carrier|count[11] ; CPLD_pwm_carrier:u_carrier|count[6]  ; u_pll|altpll_component|auto_generated|pll1|clk[0] ; u_pll|altpll_component|auto_generated|pll1|clk[0] ; 6.666        ; -0.036     ; 1.631      ;
; 4.986 ; CPLD_pwm_carrier:u_carrier|count[11] ; CPLD_pwm_carrier:u_carrier|count[10] ; u_pll|altpll_component|auto_generated|pll1|clk[0] ; u_pll|altpll_component|auto_generated|pll1|clk[0] ; 6.666        ; -0.036     ; 1.631      ;
; 4.986 ; CPLD_pwm_carrier:u_carrier|count[11] ; CPLD_pwm_carrier:u_carrier|count[8]  ; u_pll|altpll_component|auto_generated|pll1|clk[0] ; u_pll|altpll_component|auto_generated|pll1|clk[0] ; 6.666        ; -0.036     ; 1.631      ;
; 4.991 ; CPLD_pwm_carrier:u_carrier|count[1]  ; CPLD_pwm_carrier:u_carrier|count[5]  ; u_pll|altpll_component|auto_generated|pll1|clk[0] ; u_pll|altpll_component|auto_generated|pll1|clk[0] ; 6.666        ; -0.036     ; 1.626      ;
; 4.999 ; CPLD_pwm_carrier:u_carrier|count[1]  ; CPLD_pwm_carrier:u_carrier|count[6]  ; u_pll|altpll_component|auto_generated|pll1|clk[0] ; u_pll|altpll_component|auto_generated|pll1|clk[0] ; 6.666        ; -0.035     ; 1.619      ;
; 5.006 ; CPLD_pwm_carrier:u_carrier|count[2]  ; CPLD_pwm_carrier:u_carrier|count[10] ; u_pll|altpll_component|auto_generated|pll1|clk[0] ; u_pll|altpll_component|auto_generated|pll1|clk[0] ; 6.666        ; -0.037     ; 1.610      ;
; 5.015 ; CPLD_pwm_carrier:u_carrier|count[10] ; CPLD_pwm_carrier:u_carrier|dir       ; u_pll|altpll_component|auto_generated|pll1|clk[0] ; u_pll|altpll_component|auto_generated|pll1|clk[0] ; 6.666        ; -0.038     ; 1.600      ;
; 5.024 ; CPLD_pwm_carrier:u_carrier|count[5]  ; CPLD_pwm_carrier:u_carrier|count[10] ; u_pll|altpll_component|auto_generated|pll1|clk[0] ; u_pll|altpll_component|auto_generated|pll1|clk[0] ; 6.666        ; -0.035     ; 1.594      ;
+-------+--------------------------------------+--------------------------------------+---------------------------------------------------+---------------------------------------------------+--------------+------------+------------+


+----------------------------------------------------------------------------------------------------------------------------------------------------------------------------------------------------------------------------------------+
; Fast 1200mV 0C Model Hold: 'u_pll|altpll_component|auto_generated|pll1|clk[0]'                                                                                                                                                         ;
+-------+--------------------------------------+----------------------------------------+---------------------------------------------------+---------------------------------------------------+--------------+------------+------------+
; Slack ; From Node                            ; To Node                                ; Launch Clock                                      ; Latch Clock                                       ; Relationship ; Clock Skew ; Data Delay ;
+-------+--------------------------------------+----------------------------------------+---------------------------------------------------+---------------------------------------------------+--------------+------------+------------+
; 0.186 ; pwm_capture:u_pwm_cap|high_active    ; pwm_capture:u_pwm_cap|high_active      ; u_pll|altpll_component|auto_generated|pll1|clk[0] ; u_pll|altpll_component|auto_generated|pll1|clk[0] ; 0.000        ; 0.037      ; 0.307      ;
; 0.194 ; CPLD_pwm_carrier:u_carrier|dir       ; CPLD_pwm_carrier:u_carrier|dir         ; u_pll|altpll_component|auto_generated|pll1|clk[0] ; u_pll|altpll_component|auto_generated|pll1|clk[0] ; 0.000        ; 0.036      ; 0.314      ;
; 0.197 ; deadtime_gen:u_dt_h1c_legA|cnt_p[7]  ; deadtime_gen:u_dt_h1c_legA|cnt_p[7]    ; u_pll|altpll_component|auto_generated|pll1|clk[0] ; u_pll|altpll_component|auto_generated|pll1|clk[0] ; 0.000        ; 0.037      ; 0.318      ;
; 0.197 ; deadtime_gen:u_dt_a_legB|cnt_p[7]    ; deadtime_gen:u_dt_a_legB|cnt_p[7]      ; u_pll|altpll_component|auto_generated|pll1|clk[0] ; u_pll|altpll_component|auto_generated|pll1|clk[0] ; 0.000        ; 0.037      ; 0.318      ;
; 0.197 ; deadtime_gen:u_dt_b_legB|cnt_n[7]    ; deadtime_gen:u_dt_b_legB|cnt_n[7]      ; u_pll|altpll_component|auto_generated|pll1|clk[0] ; u_pll|altpll_component|auto_generated|pll1|clk[0] ; 0.000        ; 0.037      ; 0.318      ;
; 0.197 ; sync_2ff:u_sync_c_h1_1|sync_chain[1] ; CPLD_pwm_phase:u_phase_c|h2_gates[0]   ; u_pll|altpll_component|auto_generated|pll1|clk[0] ; u_pll|altpll_component|auto_generated|pll1|clk[0] ; 0.000        ; 0.037      ; 0.318      ;
; 0.198 ; deadtime_gen:u_dt_b_legB|cnt_p[7]    ; deadtime_gen:u_dt_b_legB|cnt_p[7]      ; u_pll|altpll_component|auto_generated|pll1|clk[0] ; u_pll|altpll_component|auto_generated|pll1|clk[0] ; 0.000        ; 0.037      ; 0.319      ;
; 0.198 ; deadtime_gen:u_dt_c_legB|cnt_n[7]    ; deadtime_gen:u_dt_c_legB|cnt_n[7]      ; u_pll|altpll_component|auto_generated|pll1|clk[0] ; u_pll|altpll_component|auto_generated|pll1|clk[0] ; 0.000        ; 0.036      ; 0.318      ;
; 0.203 ; deadtime_gen:u_dt_h1a_legA|cnt_n[7]  ; deadtime_gen:u_dt_h1a_legA|cnt_n[7]    ; u_pll|altpll_component|auto_generated|pll1|clk[0] ; u_pll|altpll_component|auto_generated|pll1|clk[0] ; 0.000        ; 0.037      ; 0.324      ;
; 0.203 ; deadtime_gen:u_dt_h1b_legB|cnt_p[7]  ; deadtime_gen:u_dt_h1b_legB|cnt_p[7]    ; u_pll|altpll_component|auto_generated|pll1|clk[0] ; u_pll|altpll_component|auto_generated|pll1|clk[0] ; 0.000        ; 0.037      ; 0.324      ;
; 0.204 ; deadtime_gen:u_dt_h1a_legA|cnt_p[7]  ; deadtime_gen:u_dt_h1a_legA|cnt_p[7]    ; u_pll|altpll_component|auto_generated|pll1|clk[0] ; u_pll|altpll_component|auto_generated|pll1|clk[0] ; 0.000        ; 0.037      ; 0.325      ;
; 0.204 ; deadtime_gen:u_dt_h1b_legA|cnt_p[7]  ; deadtime_gen:u_dt_h1b_legA|cnt_p[7]    ; u_pll|altpll_component|auto_generated|pll1|clk[0] ; u_pll|altpll_component|auto_generated|pll1|clk[0] ; 0.000        ; 0.037      ; 0.325      ;
; 0.204 ; sync_2ff:u_sync_a_h1_2|sync_chain[1] ; CPLD_pwm_phase:u_phase_a|h2_gates[0]   ; u_pll|altpll_component|auto_generated|pll1|clk[0] ; u_pll|altpll_component|auto_generated|pll1|clk[0] ; 0.000        ; 0.037      ; 0.325      ;
; 0.205 ; pwm_capture:u_pwm_cap|pwm_d1         ; pwm_capture:u_pwm_cap|valid_flag       ; u_pll|altpll_component|auto_generated|pll1|clk[0] ; u_pll|altpll_component|auto_generated|pll1|clk[0] ; 0.000        ; 0.037      ; 0.326      ;
; 0.206 ; sync_2ff:u_sync_b_h1_1|sync_chain[1] ; CPLD_pwm_phase:u_phase_b|h2_gates[0]   ; u_pll|altpll_component|auto_generated|pll1|clk[0] ; u_pll|altpll_component|auto_generated|pll1|clk[0] ; 0.000        ; 0.037      ; 0.327      ;
; 0.206 ; pwm_capture:u_pwm_cap|pwm_d1         ; pwm_capture:u_pwm_cap|high_active      ; u_pll|altpll_component|auto_generated|pll1|clk[0] ; u_pll|altpll_component|auto_generated|pll1|clk[0] ; 0.000        ; 0.037      ; 0.327      ;
; 0.216 ; CPLD_pwm_carrier:u_carrier|dir       ; CPLD_pwm_carrier:u_carrier|count[5]    ; u_pll|altpll_component|auto_generated|pll1|clk[0] ; u_pll|altpll_component|auto_generated|pll1|clk[0] ; 0.000        ; 0.036      ; 0.336      ;
; 0.219 ; CPLD_pwm_carrier:u_carrier|dir       ; CPLD_pwm_carrier:u_carrier|count[7]    ; u_pll|altpll_component|auto_generated|pll1|clk[0] ; u_pll|altpll_component|auto_generated|pll1|clk[0] ; 0.000        ; 0.036      ; 0.339      ;
; 0.257 ; sync_2ff:u_sync_c_h1_0|sync_chain[1] ; CPLD_pwm_phase:u_phase_c|h2_gates[0]   ; u_pll|altpll_component|auto_generated|pll1|clk[0] ; u_pll|altpll_component|auto_generated|pll1|clk[0] ; 0.000        ; 0.037      ; 0.378      ;
; 0.260 ; pwm_capture:u_pwm_cap|sync_ff1       ; pwm_capture:u_pwm_cap|valid_flag       ; u_pll|altpll_component|auto_generated|pll1|clk[0] ; u_pll|altpll_component|auto_generated|pll1|clk[0] ; 0.000        ; 0.037      ; 0.381      ;
; 0.265 ; sync_2ff:u_sync_a_h1_2|sync_chain[0] ; sync_2ff:u_sync_a_h1_2|sync_chain[1]   ; u_pll|altpll_component|auto_generated|pll1|clk[0] ; u_pll|altpll_component|auto_generated|pll1|clk[0] ; 0.000        ; 0.037      ; 0.386      ;
; 0.265 ; sync_2ff:u_sync_c_h1_2|sync_chain[0] ; sync_2ff:u_sync_c_h1_2|sync_chain[1]   ; u_pll|altpll_component|auto_generated|pll1|clk[0] ; u_pll|altpll_component|auto_generated|pll1|clk[0] ; 0.000        ; 0.037      ; 0.386      ;
; 0.265 ; pwm_capture:u_pwm_cap|sync_ff0       ; pwm_capture:u_pwm_cap|sync_ff1         ; u_pll|altpll_component|auto_generated|pll1|clk[0] ; u_pll|altpll_component|auto_generated|pll1|clk[0] ; 0.000        ; 0.037      ; 0.386      ;
; 0.265 ; sync_2ff:u_sync_b_h1_0|sync_chain[1] ; CPLD_pwm_phase:u_phase_b|h2_gates[0]   ; u_pll|altpll_component|auto_generated|pll1|clk[0] ; u_pll|altpll_component|auto_generated|pll1|clk[0] ; 0.000        ; 0.037      ; 0.386      ;
; 0.266 ; sync_2ff:u_sync_a_h1_1|sync_chain[0] ; sync_2ff:u_sync_a_h1_1|sync_chain[1]   ; u_pll|altpll_component|auto_generated|pll1|clk[0] ; u_pll|altpll_component|auto_generated|pll1|clk[0] ; 0.000        ; 0.037      ; 0.387      ;
; 0.266 ; sync_2ff:u_sync_b_h1_1|sync_chain[0] ; sync_2ff:u_sync_b_h1_1|sync_chain[1]   ; u_pll|altpll_component|auto_generated|pll1|clk[0] ; u_pll|altpll_component|auto_generated|pll1|clk[0] ; 0.000        ; 0.037      ; 0.387      ;
; 0.266 ; sync_2ff:u_sync_b_h1_3|sync_chain[0] ; sync_2ff:u_sync_b_h1_3|sync_chain[1]   ; u_pll|altpll_component|auto_generated|pll1|clk[0] ; u_pll|altpll_component|auto_generated|pll1|clk[0] ; 0.000        ; 0.037      ; 0.387      ;
; 0.266 ; sync_2ff:u_sync_b_h1_2|sync_chain[0] ; sync_2ff:u_sync_b_h1_2|sync_chain[1]   ; u_pll|altpll_component|auto_generated|pll1|clk[0] ; u_pll|altpll_component|auto_generated|pll1|clk[0] ; 0.000        ; 0.037      ; 0.387      ;
; 0.266 ; sync_2ff:u_sync_c_h1_1|sync_chain[0] ; sync_2ff:u_sync_c_h1_1|sync_chain[1]   ; u_pll|altpll_component|auto_generated|pll1|clk[0] ; u_pll|altpll_component|auto_generated|pll1|clk[0] ; 0.000        ; 0.037      ; 0.387      ;
; 0.266 ; sync_2ff:u_sync_c_h1_3|sync_chain[0] ; sync_2ff:u_sync_c_h1_3|sync_chain[1]   ; u_pll|altpll_component|auto_generated|pll1|clk[0] ; u_pll|altpll_component|auto_generated|pll1|clk[0] ; 0.000        ; 0.037      ; 0.387      ;
; 0.267 ; sync_2ff:u_sync_b_h1_0|sync_chain[0] ; sync_2ff:u_sync_b_h1_0|sync_chain[1]   ; u_pll|altpll_component|auto_generated|pll1|clk[0] ; u_pll|altpll_component|auto_generated|pll1|clk[0] ; 0.000        ; 0.037      ; 0.388      ;
; 0.267 ; pwm_capture:u_pwm_cap|high_cnt[4]    ; pwm_capture:u_pwm_cap|high_latch[4]    ; u_pll|altpll_component|auto_generated|pll1|clk[0] ; u_pll|altpll_component|auto_generated|pll1|clk[0] ; 0.000        ; 0.038      ; 0.389      ;
; 0.268 ; sync_2ff:u_sync_a_h1_3|sync_chain[0] ; sync_2ff:u_sync_a_h1_3|sync_chain[1]   ; u_pll|altpll_component|auto_generated|pll1|clk[0] ; u_pll|altpll_component|auto_generated|pll1|clk[0] ; 0.000        ; 0.037      ; 0.389      ;
; 0.268 ; pwm_capture:u_pwm_cap|period_cnt[4]  ; pwm_capture:u_pwm_cap|period_latch[4]  ; u_pll|altpll_component|auto_generated|pll1|clk[0] ; u_pll|altpll_component|auto_generated|pll1|clk[0] ; 0.000        ; 0.037      ; 0.389      ;
; 0.268 ; pwm_capture:u_pwm_cap|high_cnt[9]    ; pwm_capture:u_pwm_cap|high_latch[9]    ; u_pll|altpll_component|auto_generated|pll1|clk[0] ; u_pll|altpll_component|auto_generated|pll1|clk[0] ; 0.000        ; 0.038      ; 0.390      ;
; 0.269 ; pwm_capture:u_pwm_cap|period_cnt[9]  ; pwm_capture:u_pwm_cap|period_latch[9]  ; u_pll|altpll_component|auto_generated|pll1|clk[0] ; u_pll|altpll_component|auto_generated|pll1|clk[0] ; 0.000        ; 0.037      ; 0.390      ;
; 0.269 ; pwm_capture:u_pwm_cap|period_cnt[11] ; pwm_capture:u_pwm_cap|period_latch[11] ; u_pll|altpll_component|auto_generated|pll1|clk[0] ; u_pll|altpll_component|auto_generated|pll1|clk[0] ; 0.000        ; 0.037      ; 0.390      ;
; 0.272 ; pwm_capture:u_pwm_cap|period_cnt[7]  ; pwm_capture:u_pwm_cap|period_latch[7]  ; u_pll|altpll_component|auto_generated|pll1|clk[0] ; u_pll|altpll_component|auto_generated|pll1|clk[0] ; 0.000        ; 0.037      ; 0.393      ;
; 0.276 ; pwm_capture:u_pwm_cap|sync_ff1       ; pwm_capture:u_pwm_cap|pwm_d1           ; u_pll|altpll_component|auto_generated|pll1|clk[0] ; u_pll|altpll_component|auto_generated|pll1|clk[0] ; 0.000        ; 0.037      ; 0.397      ;
; 0.277 ; pwm_capture:u_pwm_cap|period_cnt[14] ; pwm_capture:u_pwm_cap|period_latch[14] ; u_pll|altpll_component|auto_generated|pll1|clk[0] ; u_pll|altpll_component|auto_generated|pll1|clk[0] ; 0.000        ; 0.037      ; 0.398      ;
; 0.277 ; pwm_capture:u_pwm_cap|high_cnt[1]    ; pwm_capture:u_pwm_cap|high_latch[1]    ; u_pll|altpll_component|auto_generated|pll1|clk[0] ; u_pll|altpll_component|auto_generated|pll1|clk[0] ; 0.000        ; 0.038      ; 0.399      ;
; 0.277 ; pwm_capture:u_pwm_cap|high_cnt[6]    ; pwm_capture:u_pwm_cap|high_latch[6]    ; u_pll|altpll_component|auto_generated|pll1|clk[0] ; u_pll|altpll_component|auto_generated|pll1|clk[0] ; 0.000        ; 0.038      ; 0.399      ;
; 0.277 ; pwm_capture:u_pwm_cap|high_cnt[14]   ; pwm_capture:u_pwm_cap|high_latch[14]   ; u_pll|altpll_component|auto_generated|pll1|clk[0] ; u_pll|altpll_component|auto_generated|pll1|clk[0] ; 0.000        ; 0.035      ; 0.396      ;
; 0.278 ; pwm_capture:u_pwm_cap|period_cnt[1]  ; pwm_capture:u_pwm_cap|period_latch[1]  ; u_pll|altpll_component|auto_generated|pll1|clk[0] ; u_pll|altpll_component|auto_generated|pll1|clk[0] ; 0.000        ; 0.037      ; 0.399      ;
; 0.278 ; pwm_capture:u_pwm_cap|period_cnt[5]  ; pwm_capture:u_pwm_cap|period_latch[5]  ; u_pll|altpll_component|auto_generated|pll1|clk[0] ; u_pll|altpll_component|auto_generated|pll1|clk[0] ; 0.000        ; 0.037      ; 0.399      ;
; 0.278 ; pwm_capture:u_pwm_cap|period_cnt[6]  ; pwm_capture:u_pwm_cap|period_latch[6]  ; u_pll|altpll_component|auto_generated|pll1|clk[0] ; u_pll|altpll_component|auto_generated|pll1|clk[0] ; 0.000        ; 0.037      ; 0.399      ;
; 0.278 ; pwm_capture:u_pwm_cap|high_cnt[5]    ; pwm_capture:u_pwm_cap|high_latch[5]    ; u_pll|altpll_component|auto_generated|pll1|clk[0] ; u_pll|altpll_component|auto_generated|pll1|clk[0] ; 0.000        ; 0.038      ; 0.400      ;
; 0.283 ; pwm_capture:u_pwm_cap|period_cnt[12] ; pwm_capture:u_pwm_cap|period_latch[12] ; u_pll|altpll_component|auto_generated|pll1|clk[0] ; u_pll|altpll_component|auto_generated|pll1|clk[0] ; 0.000        ; 0.036      ; 0.403      ;
; 0.283 ; pwm_capture:u_pwm_cap|high_cnt[12]   ; pwm_capture:u_pwm_cap|high_latch[12]   ; u_pll|altpll_component|auto_generated|pll1|clk[0] ; u_pll|altpll_component|auto_generated|pll1|clk[0] ; 0.000        ; 0.035      ; 0.402      ;
; 0.284 ; pwm_capture:u_pwm_cap|high_cnt[11]   ; pwm_capture:u_pwm_cap|high_latch[11]   ; u_pll|altpll_component|auto_generated|pll1|clk[0] ; u_pll|altpll_component|auto_generated|pll1|clk[0] ; 0.000        ; 0.035      ; 0.403      ;
; 0.296 ; deadtime_gen:u_dt_h1a_legB|cnt_n[1]  ; deadtime_gen:u_dt_h1a_legB|cnt_n[1]    ; u_pll|altpll_component|auto_generated|pll1|clk[0] ; u_pll|altpll_component|auto_generated|pll1|clk[0] ; 0.000        ; 0.037      ; 0.417      ;
; 0.296 ; deadtime_gen:u_dt_h1c_legA|cnt_n[7]  ; deadtime_gen:u_dt_h1c_legA|cnt_n[7]    ; u_pll|altpll_component|auto_generated|pll1|clk[0] ; u_pll|altpll_component|auto_generated|pll1|clk[0] ; 0.000        ; 0.037      ; 0.417      ;
; 0.296 ; deadtime_gen:u_dt_h1c_legB|cnt_n[1]  ; deadtime_gen:u_dt_h1c_legB|cnt_n[1]    ; u_pll|altpll_component|auto_generated|pll1|clk[0] ; u_pll|altpll_component|auto_generated|pll1|clk[0] ; 0.000        ; 0.037      ; 0.417      ;
; 0.296 ; deadtime_gen:u_dt_c_legA|cnt_p[1]    ; deadtime_gen:u_dt_c_legA|cnt_p[1]      ; u_pll|altpll_component|auto_generated|pll1|clk[0] ; u_pll|altpll_component|auto_generated|pll1|clk[0] ; 0.000        ; 0.037      ; 0.417      ;
; 0.296 ; deadtime_gen:u_dt_c_legB|cnt_p[7]    ; deadtime_gen:u_dt_c_legB|cnt_p[7]      ; u_pll|altpll_component|auto_generated|pll1|clk[0] ; u_pll|altpll_component|auto_generated|pll1|clk[0] ; 0.000        ; 0.037      ; 0.417      ;
; 0.297 ; deadtime_gen:u_dt_h1a_legB|cnt_n[3]  ; deadtime_gen:u_dt_h1a_legB|cnt_n[3]    ; u_pll|altpll_component|auto_generated|pll1|clk[0] ; u_pll|altpll_component|auto_generated|pll1|clk[0] ; 0.000        ; 0.037      ; 0.418      ;
; 0.297 ; deadtime_gen:u_dt_h1a_legB|cnt_n[5]  ; deadtime_gen:u_dt_h1a_legB|cnt_n[5]    ; u_pll|altpll_component|auto_generated|pll1|clk[0] ; u_pll|altpll_component|auto_generated|pll1|clk[0] ; 0.000        ; 0.037      ; 0.418      ;
; 0.297 ; deadtime_gen:u_dt_h1b_legA|cnt_p[1]  ; deadtime_gen:u_dt_h1b_legA|cnt_p[1]    ; u_pll|altpll_component|auto_generated|pll1|clk[0] ; u_pll|altpll_component|auto_generated|pll1|clk[0] ; 0.000        ; 0.037      ; 0.418      ;
; 0.297 ; deadtime_gen:u_dt_h1b_legA|cnt_n[1]  ; deadtime_gen:u_dt_h1b_legA|cnt_n[1]    ; u_pll|altpll_component|auto_generated|pll1|clk[0] ; u_pll|altpll_component|auto_generated|pll1|clk[0] ; 0.000        ; 0.037      ; 0.418      ;
; 0.297 ; deadtime_gen:u_dt_h1c_legA|cnt_p[3]  ; deadtime_gen:u_dt_h1c_legA|cnt_p[3]    ; u_pll|altpll_component|auto_generated|pll1|clk[0] ; u_pll|altpll_component|auto_generated|pll1|clk[0] ; 0.000        ; 0.037      ; 0.418      ;
; 0.297 ; deadtime_gen:u_dt_h1c_legB|cnt_n[3]  ; deadtime_gen:u_dt_h1c_legB|cnt_n[3]    ; u_pll|altpll_component|auto_generated|pll1|clk[0] ; u_pll|altpll_component|auto_generated|pll1|clk[0] ; 0.000        ; 0.037      ; 0.418      ;
; 0.297 ; deadtime_gen:u_dt_a_legA|cnt_p[7]    ; deadtime_gen:u_dt_a_legA|cnt_p[7]      ; u_pll|altpll_component|auto_generated|pll1|clk[0] ; u_pll|altpll_component|auto_generated|pll1|clk[0] ; 0.000        ; 0.037      ; 0.418      ;
; 0.297 ; deadtime_gen:u_dt_a_legB|cnt_p[3]    ; deadtime_gen:u_dt_a_legB|cnt_p[3]      ; u_pll|altpll_component|auto_generated|pll1|clk[0] ; u_pll|altpll_component|auto_generated|pll1|clk[0] ; 0.000        ; 0.037      ; 0.418      ;
; 0.297 ; deadtime_gen:u_dt_a_legB|cnt_n[5]    ; deadtime_gen:u_dt_a_legB|cnt_n[5]      ; u_pll|altpll_component|auto_generated|pll1|clk[0] ; u_pll|altpll_component|auto_generated|pll1|clk[0] ; 0.000        ; 0.037      ; 0.418      ;
; 0.297 ; deadtime_gen:u_dt_a_legB|cnt_n[7]    ; deadtime_gen:u_dt_a_legB|cnt_n[7]      ; u_pll|altpll_component|auto_generated|pll1|clk[0] ; u_pll|altpll_component|auto_generated|pll1|clk[0] ; 0.000        ; 0.037      ; 0.418      ;
; 0.297 ; deadtime_gen:u_dt_b_legA|cnt_p[7]    ; deadtime_gen:u_dt_b_legA|cnt_p[7]      ; u_pll|altpll_component|auto_generated|pll1|clk[0] ; u_pll|altpll_component|auto_generated|pll1|clk[0] ; 0.000        ; 0.037      ; 0.418      ;
; 0.297 ; deadtime_gen:u_dt_b_legB|cnt_p[3]    ; deadtime_gen:u_dt_b_legB|cnt_p[3]      ; u_pll|altpll_component|auto_generated|pll1|clk[0] ; u_pll|altpll_component|auto_generated|pll1|clk[0] ; 0.000        ; 0.037      ; 0.418      ;
; 0.297 ; deadtime_gen:u_dt_b_legB|cnt_n[1]    ; deadtime_gen:u_dt_b_legB|cnt_n[1]      ; u_pll|altpll_component|auto_generated|pll1|clk[0] ; u_pll|altpll_component|auto_generated|pll1|clk[0] ; 0.000        ; 0.037      ; 0.418      ;
; 0.297 ; deadtime_gen:u_dt_c_legA|cnt_p[3]    ; deadtime_gen:u_dt_c_legA|cnt_p[3]      ; u_pll|altpll_component|auto_generated|pll1|clk[0] ; u_pll|altpll_component|auto_generated|pll1|clk[0] ; 0.000        ; 0.037      ; 0.418      ;
; 0.297 ; deadtime_gen:u_dt_c_legB|cnt_p[3]    ; deadtime_gen:u_dt_c_legB|cnt_p[3]      ; u_pll|altpll_component|auto_generated|pll1|clk[0] ; u_pll|altpll_component|auto_generated|pll1|clk[0] ; 0.000        ; 0.037      ; 0.418      ;
; 0.297 ; deadtime_gen:u_dt_c_legB|cnt_p[5]    ; deadtime_gen:u_dt_c_legB|cnt_p[5]      ; u_pll|altpll_component|auto_generated|pll1|clk[0] ; u_pll|altpll_component|auto_generated|pll1|clk[0] ; 0.000        ; 0.037      ; 0.418      ;
; 0.298 ; deadtime_gen:u_dt_h1a_legA|cnt_p[1]  ; deadtime_gen:u_dt_h1a_legA|cnt_p[1]    ; u_pll|altpll_component|auto_generated|pll1|clk[0] ; u_pll|altpll_component|auto_generated|pll1|clk[0] ; 0.000        ; 0.037      ; 0.419      ;
; 0.298 ; deadtime_gen:u_dt_h1a_legA|cnt_p[5]  ; deadtime_gen:u_dt_h1a_legA|cnt_p[5]    ; u_pll|altpll_component|auto_generated|pll1|clk[0] ; u_pll|altpll_component|auto_generated|pll1|clk[0] ; 0.000        ; 0.037      ; 0.419      ;
; 0.298 ; deadtime_gen:u_dt_h1a_legA|cnt_p[6]  ; deadtime_gen:u_dt_h1a_legA|cnt_p[6]    ; u_pll|altpll_component|auto_generated|pll1|clk[0] ; u_pll|altpll_component|auto_generated|pll1|clk[0] ; 0.000        ; 0.037      ; 0.419      ;
; 0.298 ; deadtime_gen:u_dt_h1a_legA|cnt_n[1]  ; deadtime_gen:u_dt_h1a_legA|cnt_n[1]    ; u_pll|altpll_component|auto_generated|pll1|clk[0] ; u_pll|altpll_component|auto_generated|pll1|clk[0] ; 0.000        ; 0.037      ; 0.419      ;
; 0.298 ; deadtime_gen:u_dt_h1a_legA|cnt_n[5]  ; deadtime_gen:u_dt_h1a_legA|cnt_n[5]    ; u_pll|altpll_component|auto_generated|pll1|clk[0] ; u_pll|altpll_component|auto_generated|pll1|clk[0] ; 0.000        ; 0.037      ; 0.419      ;
; 0.298 ; deadtime_gen:u_dt_h1a_legA|cnt_n[6]  ; deadtime_gen:u_dt_h1a_legA|cnt_n[6]    ; u_pll|altpll_component|auto_generated|pll1|clk[0] ; u_pll|altpll_component|auto_generated|pll1|clk[0] ; 0.000        ; 0.037      ; 0.419      ;
; 0.298 ; deadtime_gen:u_dt_h1a_legB|cnt_p[1]  ; deadtime_gen:u_dt_h1a_legB|cnt_p[1]    ; u_pll|altpll_component|auto_generated|pll1|clk[0] ; u_pll|altpll_component|auto_generated|pll1|clk[0] ; 0.000        ; 0.036      ; 0.418      ;
; 0.298 ; deadtime_gen:u_dt_h1a_legB|cnt_p[7]  ; deadtime_gen:u_dt_h1a_legB|cnt_p[7]    ; u_pll|altpll_component|auto_generated|pll1|clk[0] ; u_pll|altpll_component|auto_generated|pll1|clk[0] ; 0.000        ; 0.036      ; 0.418      ;
; 0.298 ; deadtime_gen:u_dt_h1b_legA|cnt_p[3]  ; deadtime_gen:u_dt_h1b_legA|cnt_p[3]    ; u_pll|altpll_component|auto_generated|pll1|clk[0] ; u_pll|altpll_component|auto_generated|pll1|clk[0] ; 0.000        ; 0.037      ; 0.419      ;
; 0.298 ; deadtime_gen:u_dt_h1b_legA|cnt_n[5]  ; deadtime_gen:u_dt_h1b_legA|cnt_n[5]    ; u_pll|altpll_component|auto_generated|pll1|clk[0] ; u_pll|altpll_component|auto_generated|pll1|clk[0] ; 0.000        ; 0.037      ; 0.419      ;
; 0.298 ; deadtime_gen:u_dt_h1b_legB|cnt_p[1]  ; deadtime_gen:u_dt_h1b_legB|cnt_p[1]    ; u_pll|altpll_component|auto_generated|pll1|clk[0] ; u_pll|altpll_component|auto_generated|pll1|clk[0] ; 0.000        ; 0.037      ; 0.419      ;
; 0.298 ; deadtime_gen:u_dt_h1b_legB|cnt_p[3]  ; deadtime_gen:u_dt_h1b_legB|cnt_p[3]    ; u_pll|altpll_component|auto_generated|pll1|clk[0] ; u_pll|altpll_component|auto_generated|pll1|clk[0] ; 0.000        ; 0.037      ; 0.419      ;
; 0.298 ; deadtime_gen:u_dt_h1b_legB|cnt_p[6]  ; deadtime_gen:u_dt_h1b_legB|cnt_p[6]    ; u_pll|altpll_component|auto_generated|pll1|clk[0] ; u_pll|altpll_component|auto_generated|pll1|clk[0] ; 0.000        ; 0.037      ; 0.419      ;
; 0.298 ; deadtime_gen:u_dt_h1b_legB|cnt_n[1]  ; deadtime_gen:u_dt_h1b_legB|cnt_n[1]    ; u_pll|altpll_component|auto_generated|pll1|clk[0] ; u_pll|altpll_component|auto_generated|pll1|clk[0] ; 0.000        ; 0.037      ; 0.419      ;
; 0.298 ; deadtime_gen:u_dt_h1b_legB|cnt_n[5]  ; deadtime_gen:u_dt_h1b_legB|cnt_n[5]    ; u_pll|altpll_component|auto_generated|pll1|clk[0] ; u_pll|altpll_component|auto_generated|pll1|clk[0] ; 0.000        ; 0.037      ; 0.419      ;
; 0.298 ; deadtime_gen:u_dt_h1c_legA|cnt_p[1]  ; deadtime_gen:u_dt_h1c_legA|cnt_p[1]    ; u_pll|altpll_component|auto_generated|pll1|clk[0] ; u_pll|altpll_component|auto_generated|pll1|clk[0] ; 0.000        ; 0.037      ; 0.419      ;
; 0.298 ; deadtime_gen:u_dt_h1c_legA|cnt_p[5]  ; deadtime_gen:u_dt_h1c_legA|cnt_p[5]    ; u_pll|altpll_component|auto_generated|pll1|clk[0] ; u_pll|altpll_component|auto_generated|pll1|clk[0] ; 0.000        ; 0.037      ; 0.419      ;
; 0.298 ; deadtime_gen:u_dt_h1c_legA|cnt_n[1]  ; deadtime_gen:u_dt_h1c_legA|cnt_n[1]    ; u_pll|altpll_component|auto_generated|pll1|clk[0] ; u_pll|altpll_component|auto_generated|pll1|clk[0] ; 0.000        ; 0.037      ; 0.419      ;
; 0.298 ; deadtime_gen:u_dt_h1c_legA|cnt_n[5]  ; deadtime_gen:u_dt_h1c_legA|cnt_n[5]    ; u_pll|altpll_component|auto_generated|pll1|clk[0] ; u_pll|altpll_component|auto_generated|pll1|clk[0] ; 0.000        ; 0.037      ; 0.419      ;
; 0.298 ; deadtime_gen:u_dt_h1c_legB|cnt_p[1]  ; deadtime_gen:u_dt_h1c_legB|cnt_p[1]    ; u_pll|altpll_component|auto_generated|pll1|clk[0] ; u_pll|altpll_component|auto_generated|pll1|clk[0] ; 0.000        ; 0.037      ; 0.419      ;
; 0.298 ; deadtime_gen:u_dt_h1c_legB|cnt_p[2]  ; deadtime_gen:u_dt_h1c_legB|cnt_p[2]    ; u_pll|altpll_component|auto_generated|pll1|clk[0] ; u_pll|altpll_component|auto_generated|pll1|clk[0] ; 0.000        ; 0.037      ; 0.419      ;
; 0.298 ; deadtime_gen:u_dt_h1c_legB|cnt_p[5]  ; deadtime_gen:u_dt_h1c_legB|cnt_p[5]    ; u_pll|altpll_component|auto_generated|pll1|clk[0] ; u_pll|altpll_component|auto_generated|pll1|clk[0] ; 0.000        ; 0.037      ; 0.419      ;
; 0.298 ; deadtime_gen:u_dt_h1c_legB|cnt_n[5]  ; deadtime_gen:u_dt_h1c_legB|cnt_n[5]    ; u_pll|altpll_component|auto_generated|pll1|clk[0] ; u_pll|altpll_component|auto_generated|pll1|clk[0] ; 0.000        ; 0.037      ; 0.419      ;
; 0.298 ; deadtime_gen:u_dt_a_legA|cnt_p[1]    ; deadtime_gen:u_dt_a_legA|cnt_p[1]      ; u_pll|altpll_component|auto_generated|pll1|clk[0] ; u_pll|altpll_component|auto_generated|pll1|clk[0] ; 0.000        ; 0.037      ; 0.419      ;
; 0.298 ; deadtime_gen:u_dt_a_legA|cnt_p[2]    ; deadtime_gen:u_dt_a_legA|cnt_p[2]      ; u_pll|altpll_component|auto_generated|pll1|clk[0] ; u_pll|altpll_component|auto_generated|pll1|clk[0] ; 0.000        ; 0.037      ; 0.419      ;
; 0.298 ; deadtime_gen:u_dt_a_legA|cnt_p[5]    ; deadtime_gen:u_dt_a_legA|cnt_p[5]      ; u_pll|altpll_component|auto_generated|pll1|clk[0] ; u_pll|altpll_component|auto_generated|pll1|clk[0] ; 0.000        ; 0.037      ; 0.419      ;
; 0.298 ; deadtime_gen:u_dt_a_legB|cnt_p[1]    ; deadtime_gen:u_dt_a_legB|cnt_p[1]      ; u_pll|altpll_component|auto_generated|pll1|clk[0] ; u_pll|altpll_component|auto_generated|pll1|clk[0] ; 0.000        ; 0.037      ; 0.419      ;
; 0.298 ; deadtime_gen:u_dt_a_legB|cnt_p[5]    ; deadtime_gen:u_dt_a_legB|cnt_p[5]      ; u_pll|altpll_component|auto_generated|pll1|clk[0] ; u_pll|altpll_component|auto_generated|pll1|clk[0] ; 0.000        ; 0.037      ; 0.419      ;
; 0.298 ; deadtime_gen:u_dt_a_legB|cnt_n[1]    ; deadtime_gen:u_dt_a_legB|cnt_n[1]      ; u_pll|altpll_component|auto_generated|pll1|clk[0] ; u_pll|altpll_component|auto_generated|pll1|clk[0] ; 0.000        ; 0.037      ; 0.419      ;
+-------+--------------------------------------+----------------------------------------+---------------------------------------------------+---------------------------------------------------+--------------+------------+------------+


+------------------------------------------------------------------------------------------------------------------------------------------------------------------+
; Fast 1200mV 0C Model Minimum Pulse Width: 'u_pll|altpll_component|auto_generated|pll1|clk[0]'                                                                    ;
+-------+--------------+----------------+------------------+---------------------------------------------------+------------+--------------------------------------+
; Slack ; Actual Width ; Required Width ; Type             ; Clock                                             ; Clock Edge ; Target                               ;
+-------+--------------+----------------+------------------+---------------------------------------------------+------------+--------------------------------------+
; 3.130 ; 3.346        ; 0.216          ; High Pulse Width ; u_pll|altpll_component|auto_generated|pll1|clk[0] ; Rise       ; deadtime_gen:u_dt_c_legB|cnt_n[0]    ;
; 3.130 ; 3.346        ; 0.216          ; High Pulse Width ; u_pll|altpll_component|auto_generated|pll1|clk[0] ; Rise       ; deadtime_gen:u_dt_c_legB|cnt_n[1]    ;
; 3.130 ; 3.346        ; 0.216          ; High Pulse Width ; u_pll|altpll_component|auto_generated|pll1|clk[0] ; Rise       ; deadtime_gen:u_dt_c_legB|cnt_n[2]    ;
; 3.130 ; 3.346        ; 0.216          ; High Pulse Width ; u_pll|altpll_component|auto_generated|pll1|clk[0] ; Rise       ; deadtime_gen:u_dt_c_legB|cnt_n[3]    ;
; 3.130 ; 3.346        ; 0.216          ; High Pulse Width ; u_pll|altpll_component|auto_generated|pll1|clk[0] ; Rise       ; deadtime_gen:u_dt_c_legB|cnt_n[4]    ;
; 3.130 ; 3.346        ; 0.216          ; High Pulse Width ; u_pll|altpll_component|auto_generated|pll1|clk[0] ; Rise       ; deadtime_gen:u_dt_c_legB|cnt_n[5]    ;
; 3.130 ; 3.346        ; 0.216          ; High Pulse Width ; u_pll|altpll_component|auto_generated|pll1|clk[0] ; Rise       ; deadtime_gen:u_dt_c_legB|cnt_n[6]    ;
; 3.130 ; 3.346        ; 0.216          ; High Pulse Width ; u_pll|altpll_component|auto_generated|pll1|clk[0] ; Rise       ; deadtime_gen:u_dt_c_legB|cnt_n[7]    ;
; 3.130 ; 3.346        ; 0.216          ; High Pulse Width ; u_pll|altpll_component|auto_generated|pll1|clk[0] ; Rise       ; deadtime_gen:u_dt_c_legB|n_reg       ;
; 3.131 ; 3.347        ; 0.216          ; High Pulse Width ; u_pll|altpll_component|auto_generated|pll1|clk[0] ; Rise       ; CPLD_pwm_carrier:u_carrier|count[0]  ;
; 3.131 ; 3.347        ; 0.216          ; High Pulse Width ; u_pll|altpll_component|auto_generated|pll1|clk[0] ; Rise       ; CPLD_pwm_carrier:u_carrier|count[10] ;
; 3.131 ; 3.347        ; 0.216          ; High Pulse Width ; u_pll|altpll_component|auto_generated|pll1|clk[0] ; Rise       ; CPLD_pwm_carrier:u_carrier|count[11] ;
; 3.131 ; 3.347        ; 0.216          ; High Pulse Width ; u_pll|altpll_component|auto_generated|pll1|clk[0] ; Rise       ; CPLD_pwm_carrier:u_carrier|count[1]  ;
; 3.131 ; 3.347        ; 0.216          ; High Pulse Width ; u_pll|altpll_component|auto_generated|pll1|clk[0] ; Rise       ; CPLD_pwm_carrier:u_carrier|count[3]  ;
; 3.131 ; 3.347        ; 0.216          ; High Pulse Width ; u_pll|altpll_component|auto_generated|pll1|clk[0] ; Rise       ; CPLD_pwm_carrier:u_carrier|count[4]  ;
; 3.131 ; 3.347        ; 0.216          ; High Pulse Width ; u_pll|altpll_component|auto_generated|pll1|clk[0] ; Rise       ; CPLD_pwm_carrier:u_carrier|count[5]  ;
; 3.131 ; 3.347        ; 0.216          ; High Pulse Width ; u_pll|altpll_component|auto_generated|pll1|clk[0] ; Rise       ; CPLD_pwm_carrier:u_carrier|count[6]  ;
; 3.131 ; 3.347        ; 0.216          ; High Pulse Width ; u_pll|altpll_component|auto_generated|pll1|clk[0] ; Rise       ; CPLD_pwm_carrier:u_carrier|count[7]  ;
; 3.131 ; 3.347        ; 0.216          ; High Pulse Width ; u_pll|altpll_component|auto_generated|pll1|clk[0] ; Rise       ; CPLD_pwm_carrier:u_carrier|count[8]  ;
; 3.131 ; 3.347        ; 0.216          ; High Pulse Width ; u_pll|altpll_component|auto_generated|pll1|clk[0] ; Rise       ; CPLD_pwm_carrier:u_carrier|count[9]  ;
; 3.131 ; 3.347        ; 0.216          ; High Pulse Width ; u_pll|altpll_component|auto_generated|pll1|clk[0] ; Rise       ; CPLD_pwm_carrier:u_carrier|dir       ;
; 3.131 ; 3.347        ; 0.216          ; High Pulse Width ; u_pll|altpll_component|auto_generated|pll1|clk[0] ; Rise       ; CPLD_pwm_phase:u_phase_a|h2_gates[0] ;
; 3.131 ; 3.347        ; 0.216          ; High Pulse Width ; u_pll|altpll_component|auto_generated|pll1|clk[0] ; Rise       ; CPLD_pwm_phase:u_phase_a|h2_gates[2] ;
; 3.131 ; 3.347        ; 0.216          ; High Pulse Width ; u_pll|altpll_component|auto_generated|pll1|clk[0] ; Rise       ; CPLD_pwm_phase:u_phase_a|h2_gates[3] ;
; 3.131 ; 3.347        ; 0.216          ; High Pulse Width ; u_pll|altpll_component|auto_generated|pll1|clk[0] ; Rise       ; CPLD_pwm_phase:u_phase_b|h2_gates[0] ;
; 3.131 ; 3.347        ; 0.216          ; High Pulse Width ; u_pll|altpll_component|auto_generated|pll1|clk[0] ; Rise       ; CPLD_pwm_phase:u_phase_b|h2_gates[2] ;
; 3.131 ; 3.347        ; 0.216          ; High Pulse Width ; u_pll|altpll_component|auto_generated|pll1|clk[0] ; Rise       ; CPLD_pwm_phase:u_phase_b|h2_gates[3] ;
; 3.131 ; 3.347        ; 0.216          ; High Pulse Width ; u_pll|altpll_component|auto_generated|pll1|clk[0] ; Rise       ; CPLD_pwm_phase:u_phase_c|h2_gates[2] ;
; 3.131 ; 3.347        ; 0.216          ; High Pulse Width ; u_pll|altpll_component|auto_generated|pll1|clk[0] ; Rise       ; CPLD_pwm_phase:u_phase_c|h2_gates[3] ;
; 3.131 ; 3.347        ; 0.216          ; High Pulse Width ; u_pll|altpll_component|auto_generated|pll1|clk[0] ; Rise       ; deadtime_gen:u_dt_a_legA|cnt_p[0]    ;
; 3.131 ; 3.347        ; 0.216          ; High Pulse Width ; u_pll|altpll_component|auto_generated|pll1|clk[0] ; Rise       ; deadtime_gen:u_dt_a_legA|cnt_p[1]    ;
; 3.131 ; 3.347        ; 0.216          ; High Pulse Width ; u_pll|altpll_component|auto_generated|pll1|clk[0] ; Rise       ; deadtime_gen:u_dt_a_legA|cnt_p[2]    ;
; 3.131 ; 3.347        ; 0.216          ; High Pulse Width ; u_pll|altpll_component|auto_generated|pll1|clk[0] ; Rise       ; deadtime_gen:u_dt_a_legA|cnt_p[3]    ;
; 3.131 ; 3.347        ; 0.216          ; High Pulse Width ; u_pll|altpll_component|auto_generated|pll1|clk[0] ; Rise       ; deadtime_gen:u_dt_a_legA|cnt_p[4]    ;
; 3.131 ; 3.347        ; 0.216          ; High Pulse Width ; u_pll|altpll_component|auto_generated|pll1|clk[0] ; Rise       ; deadtime_gen:u_dt_a_legA|cnt_p[5]    ;
; 3.131 ; 3.347        ; 0.216          ; High Pulse Width ; u_pll|altpll_component|auto_generated|pll1|clk[0] ; Rise       ; deadtime_gen:u_dt_a_legA|cnt_p[6]    ;
; 3.131 ; 3.347        ; 0.216          ; High Pulse Width ; u_pll|altpll_component|auto_generated|pll1|clk[0] ; Rise       ; deadtime_gen:u_dt_a_legA|cnt_p[7]    ;
; 3.131 ; 3.347        ; 0.216          ; High Pulse Width ; u_pll|altpll_component|auto_generated|pll1|clk[0] ; Rise       ; deadtime_gen:u_dt_a_legA|p_reg       ;
; 3.131 ; 3.347        ; 0.216          ; High Pulse Width ; u_pll|altpll_component|auto_generated|pll1|clk[0] ; Rise       ; deadtime_gen:u_dt_a_legB|cnt_n[0]    ;
; 3.131 ; 3.347        ; 0.216          ; High Pulse Width ; u_pll|altpll_component|auto_generated|pll1|clk[0] ; Rise       ; deadtime_gen:u_dt_a_legB|cnt_n[1]    ;
; 3.131 ; 3.347        ; 0.216          ; High Pulse Width ; u_pll|altpll_component|auto_generated|pll1|clk[0] ; Rise       ; deadtime_gen:u_dt_a_legB|cnt_n[2]    ;
; 3.131 ; 3.347        ; 0.216          ; High Pulse Width ; u_pll|altpll_component|auto_generated|pll1|clk[0] ; Rise       ; deadtime_gen:u_dt_a_legB|cnt_n[3]    ;
; 3.131 ; 3.347        ; 0.216          ; High Pulse Width ; u_pll|altpll_component|auto_generated|pll1|clk[0] ; Rise       ; deadtime_gen:u_dt_a_legB|cnt_n[4]    ;
; 3.131 ; 3.347        ; 0.216          ; High Pulse Width ; u_pll|altpll_component|auto_generated|pll1|clk[0] ; Rise       ; deadtime_gen:u_dt_a_legB|cnt_n[5]    ;
; 3.131 ; 3.347        ; 0.216          ; High Pulse Width ; u_pll|altpll_component|auto_generated|pll1|clk[0] ; Rise       ; deadtime_gen:u_dt_a_legB|cnt_n[6]    ;
; 3.131 ; 3.347        ; 0.216          ; High Pulse Width ; u_pll|altpll_component|auto_generated|pll1|clk[0] ; Rise       ; deadtime_gen:u_dt_a_legB|cnt_n[7]    ;
; 3.131 ; 3.315        ; 0.184          ; Low Pulse Width  ; u_pll|altpll_component|auto_generated|pll1|clk[0] ; Rise       ; deadtime_gen:u_dt_a_legB|cnt_p[0]    ;
; 3.131 ; 3.315        ; 0.184          ; Low Pulse Width  ; u_pll|altpll_component|auto_generated|pll1|clk[0] ; Rise       ; deadtime_gen:u_dt_a_legB|cnt_p[1]    ;
; 3.131 ; 3.315        ; 0.184          ; Low Pulse Width  ; u_pll|altpll_component|auto_generated|pll1|clk[0] ; Rise       ; deadtime_gen:u_dt_a_legB|cnt_p[2]    ;
; 3.131 ; 3.315        ; 0.184          ; Low Pulse Width  ; u_pll|altpll_component|auto_generated|pll1|clk[0] ; Rise       ; deadtime_gen:u_dt_a_legB|cnt_p[3]    ;
; 3.131 ; 3.315        ; 0.184          ; Low Pulse Width  ; u_pll|altpll_component|auto_generated|pll1|clk[0] ; Rise       ; deadtime_gen:u_dt_a_legB|cnt_p[4]    ;
; 3.131 ; 3.315        ; 0.184          ; Low Pulse Width  ; u_pll|altpll_component|auto_generated|pll1|clk[0] ; Rise       ; deadtime_gen:u_dt_a_legB|cnt_p[5]    ;
; 3.131 ; 3.315        ; 0.184          ; Low Pulse Width  ; u_pll|altpll_component|auto_generated|pll1|clk[0] ; Rise       ; deadtime_gen:u_dt_a_legB|cnt_p[6]    ;
; 3.131 ; 3.315        ; 0.184          ; Low Pulse Width  ; u_pll|altpll_component|auto_generated|pll1|clk[0] ; Rise       ; deadtime_gen:u_dt_a_legB|cnt_p[7]    ;
; 3.131 ; 3.347        ; 0.216          ; High Pulse Width ; u_pll|altpll_component|auto_generated|pll1|clk[0] ; Rise       ; deadtime_gen:u_dt_a_legB|n_reg       ;
; 3.131 ; 3.315        ; 0.184          ; Low Pulse Width  ; u_pll|altpll_component|auto_generated|pll1|clk[0] ; Rise       ; deadtime_gen:u_dt_a_legB|p_reg       ;
; 3.131 ; 3.347        ; 0.216          ; High Pulse Width ; u_pll|altpll_component|auto_generated|pll1|clk[0] ; Rise       ; deadtime_gen:u_dt_b_legA|cnt_p[0]    ;
; 3.131 ; 3.347        ; 0.216          ; High Pulse Width ; u_pll|altpll_component|auto_generated|pll1|clk[0] ; Rise       ; deadtime_gen:u_dt_b_legA|cnt_p[1]    ;
; 3.131 ; 3.347        ; 0.216          ; High Pulse Width ; u_pll|altpll_component|auto_generated|pll1|clk[0] ; Rise       ; deadtime_gen:u_dt_b_legA|cnt_p[2]    ;
; 3.131 ; 3.347        ; 0.216          ; High Pulse Width ; u_pll|altpll_component|auto_generated|pll1|clk[0] ; Rise       ; deadtime_gen:u_dt_b_legA|cnt_p[3]    ;
; 3.131 ; 3.347        ; 0.216          ; High Pulse Width ; u_pll|altpll_component|auto_generated|pll1|clk[0] ; Rise       ; deadtime_gen:u_dt_b_legA|cnt_p[4]    ;
; 3.131 ; 3.347        ; 0.216          ; High Pulse Width ; u_pll|altpll_component|auto_generated|pll1|clk[0] ; Rise       ; deadtime_gen:u_dt_b_legA|cnt_p[5]    ;
; 3.131 ; 3.347        ; 0.216          ; High Pulse Width ; u_pll|altpll_component|auto_generated|pll1|clk[0] ; Rise       ; deadtime_gen:u_dt_b_legA|cnt_p[6]    ;
; 3.131 ; 3.347        ; 0.216          ; High Pulse Width ; u_pll|altpll_component|auto_generated|pll1|clk[0] ; Rise       ; deadtime_gen:u_dt_b_legA|cnt_p[7]    ;
; 3.131 ; 3.347        ; 0.216          ; High Pulse Width ; u_pll|altpll_component|auto_generated|pll1|clk[0] ; Rise       ; deadtime_gen:u_dt_b_legA|p_reg       ;
; 3.131 ; 3.347        ; 0.216          ; High Pulse Width ; u_pll|altpll_component|auto_generated|pll1|clk[0] ; Rise       ; deadtime_gen:u_dt_b_legB|cnt_n[0]    ;
; 3.131 ; 3.347        ; 0.216          ; High Pulse Width ; u_pll|altpll_component|auto_generated|pll1|clk[0] ; Rise       ; deadtime_gen:u_dt_b_legB|cnt_n[1]    ;
; 3.131 ; 3.347        ; 0.216          ; High Pulse Width ; u_pll|altpll_component|auto_generated|pll1|clk[0] ; Rise       ; deadtime_gen:u_dt_b_legB|cnt_n[2]    ;
; 3.131 ; 3.347        ; 0.216          ; High Pulse Width ; u_pll|altpll_component|auto_generated|pll1|clk[0] ; Rise       ; deadtime_gen:u_dt_b_legB|cnt_n[3]    ;
; 3.131 ; 3.347        ; 0.216          ; High Pulse Width ; u_pll|altpll_component|auto_generated|pll1|clk[0] ; Rise       ; deadtime_gen:u_dt_b_legB|cnt_n[4]    ;
; 3.131 ; 3.347        ; 0.216          ; High Pulse Width ; u_pll|altpll_component|auto_generated|pll1|clk[0] ; Rise       ; deadtime_gen:u_dt_b_legB|cnt_n[5]    ;
; 3.131 ; 3.347        ; 0.216          ; High Pulse Width ; u_pll|altpll_component|auto_generated|pll1|clk[0] ; Rise       ; deadtime_gen:u_dt_b_legB|cnt_n[6]    ;
; 3.131 ; 3.347        ; 0.216          ; High Pulse Width ; u_pll|altpll_component|auto_generated|pll1|clk[0] ; Rise       ; deadtime_gen:u_dt_b_legB|cnt_n[7]    ;
; 3.131 ; 3.347        ; 0.216          ; High Pulse Width ; u_pll|altpll_component|auto_generated|pll1|clk[0] ; Rise       ; deadtime_gen:u_dt_b_legB|n_reg       ;
; 3.131 ; 3.347        ; 0.216          ; High Pulse Width ; u_pll|altpll_component|auto_generated|pll1|clk[0] ; Rise       ; deadtime_gen:u_dt_c_legA|cnt_p[0]    ;
; 3.131 ; 3.347        ; 0.216          ; High Pulse Width ; u_pll|altpll_component|auto_generated|pll1|clk[0] ; Rise       ; deadtime_gen:u_dt_c_legA|cnt_p[1]    ;
; 3.131 ; 3.347        ; 0.216          ; High Pulse Width ; u_pll|altpll_component|auto_generated|pll1|clk[0] ; Rise       ; deadtime_gen:u_dt_c_legA|cnt_p[2]    ;
; 3.131 ; 3.347        ; 0.216          ; High Pulse Width ; u_pll|altpll_component|auto_generated|pll1|clk[0] ; Rise       ; deadtime_gen:u_dt_c_legA|cnt_p[3]    ;
; 3.131 ; 3.347        ; 0.216          ; High Pulse Width ; u_pll|altpll_component|auto_generated|pll1|clk[0] ; Rise       ; deadtime_gen:u_dt_c_legA|cnt_p[4]    ;
; 3.131 ; 3.347        ; 0.216          ; High Pulse Width ; u_pll|altpll_component|auto_generated|pll1|clk[0] ; Rise       ; deadtime_gen:u_dt_c_legA|cnt_p[5]    ;
; 3.131 ; 3.347        ; 0.216          ; High Pulse Width ; u_pll|altpll_component|auto_generated|pll1|clk[0] ; Rise       ; deadtime_gen:u_dt_c_legA|cnt_p[6]    ;
; 3.131 ; 3.347        ; 0.216          ; High Pulse Width ; u_pll|altpll_component|auto_generated|pll1|clk[0] ; Rise       ; deadtime_gen:u_dt_c_legA|cnt_p[7]    ;
; 3.131 ; 3.347        ; 0.216          ; High Pulse Width ; u_pll|altpll_component|auto_generated|pll1|clk[0] ; Rise       ; deadtime_gen:u_dt_c_legA|p_reg       ;
; 3.131 ; 3.347        ; 0.216          ; High Pulse Width ; u_pll|altpll_component|auto_generated|pll1|clk[0] ; Rise       ; deadtime_gen:u_dt_c_legB|cnt_p[0]    ;
; 3.131 ; 3.347        ; 0.216          ; High Pulse Width ; u_pll|altpll_component|auto_generated|pll1|clk[0] ; Rise       ; deadtime_gen:u_dt_c_legB|cnt_p[1]    ;
; 3.131 ; 3.347        ; 0.216          ; High Pulse Width ; u_pll|altpll_component|auto_generated|pll1|clk[0] ; Rise       ; deadtime_gen:u_dt_c_legB|cnt_p[2]    ;
; 3.131 ; 3.347        ; 0.216          ; High Pulse Width ; u_pll|altpll_component|auto_generated|pll1|clk[0] ; Rise       ; deadtime_gen:u_dt_c_legB|cnt_p[3]    ;
; 3.131 ; 3.347        ; 0.216          ; High Pulse Width ; u_pll|altpll_component|auto_generated|pll1|clk[0] ; Rise       ; deadtime_gen:u_dt_c_legB|cnt_p[4]    ;
; 3.131 ; 3.347        ; 0.216          ; High Pulse Width ; u_pll|altpll_component|auto_generated|pll1|clk[0] ; Rise       ; deadtime_gen:u_dt_c_legB|cnt_p[5]    ;
; 3.131 ; 3.347        ; 0.216          ; High Pulse Width ; u_pll|altpll_component|auto_generated|pll1|clk[0] ; Rise       ; deadtime_gen:u_dt_c_legB|cnt_p[6]    ;
; 3.131 ; 3.347        ; 0.216          ; High Pulse Width ; u_pll|altpll_component|auto_generated|pll1|clk[0] ; Rise       ; deadtime_gen:u_dt_c_legB|cnt_p[7]    ;
; 3.131 ; 3.347        ; 0.216          ; High Pulse Width ; u_pll|altpll_component|auto_generated|pll1|clk[0] ; Rise       ; deadtime_gen:u_dt_c_legB|p_reg       ;
; 3.131 ; 3.347        ; 0.216          ; High Pulse Width ; u_pll|altpll_component|auto_generated|pll1|clk[0] ; Rise       ; deadtime_gen:u_dt_h1a_legA|cnt_n[0]  ;
; 3.131 ; 3.347        ; 0.216          ; High Pulse Width ; u_pll|altpll_component|auto_generated|pll1|clk[0] ; Rise       ; deadtime_gen:u_dt_h1a_legA|cnt_n[1]  ;
; 3.131 ; 3.347        ; 0.216          ; High Pulse Width ; u_pll|altpll_component|auto_generated|pll1|clk[0] ; Rise       ; deadtime_gen:u_dt_h1a_legA|cnt_n[2]  ;
; 3.131 ; 3.347        ; 0.216          ; High Pulse Width ; u_pll|altpll_component|auto_generated|pll1|clk[0] ; Rise       ; deadtime_gen:u_dt_h1a_legA|cnt_n[3]  ;
; 3.131 ; 3.347        ; 0.216          ; High Pulse Width ; u_pll|altpll_component|auto_generated|pll1|clk[0] ; Rise       ; deadtime_gen:u_dt_h1a_legA|cnt_n[4]  ;
; 3.131 ; 3.347        ; 0.216          ; High Pulse Width ; u_pll|altpll_component|auto_generated|pll1|clk[0] ; Rise       ; deadtime_gen:u_dt_h1a_legA|cnt_n[5]  ;
; 3.131 ; 3.347        ; 0.216          ; High Pulse Width ; u_pll|altpll_component|auto_generated|pll1|clk[0] ; Rise       ; deadtime_gen:u_dt_h1a_legA|cnt_n[6]  ;
; 3.131 ; 3.347        ; 0.216          ; High Pulse Width ; u_pll|altpll_component|auto_generated|pll1|clk[0] ; Rise       ; deadtime_gen:u_dt_h1a_legA|cnt_n[7]  ;
+-------+--------------+----------------+------------------+---------------------------------------------------+------------+--------------------------------------+


+------------------------------------------------------------------------------------------------------------------------------------------------+
; Fast 1200mV 0C Model Minimum Pulse Width: 'clk_50m'                                                                                            ;
+--------+--------------+----------------+------------------+---------+------------+-------------------------------------------------------------+
; Slack  ; Actual Width ; Required Width ; Type             ; Clock   ; Clock Edge ; Target                                                      ;
+--------+--------------+----------------+------------------+---------+------------+-------------------------------------------------------------+
; 9.423  ; 9.423        ; 0.000          ; Low Pulse Width  ; clk_50m ; Rise       ; u_pll|altpll_component|auto_generated|pll1|clk[0]           ;
; 9.423  ; 9.423        ; 0.000          ; Low Pulse Width  ; clk_50m ; Rise       ; u_pll|altpll_component|auto_generated|pll1|observablevcoout ;
; 9.448  ; 9.448        ; 0.000          ; Low Pulse Width  ; clk_50m ; Rise       ; clk_50m~input|o                                             ;
; 9.450  ; 9.450        ; 0.000          ; Low Pulse Width  ; clk_50m ; Rise       ; u_pll|altpll_component|auto_generated|pll1|inclk[0]         ;
; 10.000 ; 10.000       ; 0.000          ; High Pulse Width ; clk_50m ; Rise       ; clk_50m~input|i                                             ;
; 10.000 ; 10.000       ; 0.000          ; Low Pulse Width  ; clk_50m ; Rise       ; clk_50m~input|i                                             ;
; 10.549 ; 10.549       ; 0.000          ; High Pulse Width ; clk_50m ; Rise       ; u_pll|altpll_component|auto_generated|pll1|inclk[0]         ;
; 10.552 ; 10.552       ; 0.000          ; High Pulse Width ; clk_50m ; Rise       ; clk_50m~input|o                                             ;
; 10.576 ; 10.576       ; 0.000          ; High Pulse Width ; clk_50m ; Rise       ; u_pll|altpll_component|auto_generated|pll1|clk[0]           ;
; 10.576 ; 10.576       ; 0.000          ; High Pulse Width ; clk_50m ; Rise       ; u_pll|altpll_component|auto_generated|pll1|observablevcoout ;
; 16.000 ; 20.000       ; 4.000          ; Port Rate        ; clk_50m ; Rise       ; clk_50m                                                     ;
+--------+--------------+----------------+------------------+---------+------------+-------------------------------------------------------------+


+------------------------------------------------------------------------------------------------------------------+
; Clock to Output Times                                                                                            ;
+--------------------+------------+-------+-------+------------+---------------------------------------------------+
; Data Port          ; Clock Port ; Rise  ; Fall  ; Clock Edge ; Clock Reference                                   ;
+--------------------+------------+-------+-------+------------+---------------------------------------------------+
; cap_high_time[*]   ; clk_50m    ; 3.747 ; 3.565 ; Rise       ; u_pll|altpll_component|auto_generated|pll1|clk[0] ;
;  cap_high_time[0]  ; clk_50m    ; 2.264 ; 2.282 ; Rise       ; u_pll|altpll_component|auto_generated|pll1|clk[0] ;
;  cap_high_time[1]  ; clk_50m    ; 2.082 ; 2.079 ; Rise       ; u_pll|altpll_component|auto_generated|pll1|clk[0] ;
;  cap_high_time[2]  ; clk_50m    ; 2.240 ; 2.254 ; Rise       ; u_pll|altpll_component|auto_generated|pll1|clk[0] ;
;  cap_high_time[3]  ; clk_50m    ; 2.234 ; 2.246 ; Rise       ; u_pll|altpll_component|auto_generated|pll1|clk[0] ;
;  cap_high_time[4]  ; clk_50m    ; 1.991 ; 1.982 ; Rise       ; u_pll|altpll_component|auto_generated|pll1|clk[0] ;
;  cap_high_time[5]  ; clk_50m    ; 3.747 ; 3.565 ; Rise       ; u_pll|altpll_component|auto_generated|pll1|clk[0] ;
;  cap_high_time[6]  ; clk_50m    ; 1.975 ; 1.962 ; Rise       ; u_pll|altpll_component|auto_generated|pll1|clk[0] ;
;  cap_high_time[7]  ; clk_50m    ; 2.150 ; 2.148 ; Rise       ; u_pll|altpll_component|auto_generated|pll1|clk[0] ;
;  cap_high_time[8]  ; clk_50m    ; 3.507 ; 3.258 ; Rise       ; u_pll|altpll_component|auto_generated|pll1|clk[0] ;
;  cap_high_time[9]  ; clk_50m    ; 1.978 ; 1.969 ; Rise       ; u_pll|altpll_component|auto_generated|pll1|clk[0] ;
;  cap_high_time[10] ; clk_50m    ; 2.173 ; 2.187 ; Rise       ; u_pll|altpll_component|auto_generated|pll1|clk[0] ;
;  cap_high_time[11] ; clk_50m    ; 2.322 ; 2.358 ; Rise       ; u_pll|altpll_component|auto_generated|pll1|clk[0] ;
;  cap_high_time[12] ; clk_50m    ; 2.227 ; 2.252 ; Rise       ; u_pll|altpll_component|auto_generated|pll1|clk[0] ;
;  cap_high_time[13] ; clk_50m    ; 1.973 ; 1.961 ; Rise       ; u_pll|altpll_component|auto_generated|pll1|clk[0] ;
;  cap_high_time[14] ; clk_50m    ; 2.063 ; 2.062 ; Rise       ; u_pll|altpll_component|auto_generated|pll1|clk[0] ;
;  cap_high_time[15] ; clk_50m    ; 2.327 ; 2.348 ; Rise       ; u_pll|altpll_component|auto_generated|pll1|clk[0] ;
; cap_period[*]      ; clk_50m    ; 2.336 ; 2.349 ; Rise       ; u_pll|altpll_component|auto_generated|pll1|clk[0] ;
;  cap_period[0]     ; clk_50m    ; 1.990 ; 1.981 ; Rise       ; u_pll|altpll_component|auto_generated|pll1|clk[0] ;
;  cap_period[1]     ; clk_50m    ; 2.336 ; 2.349 ; Rise       ; u_pll|altpll_component|auto_generated|pll1|clk[0] ;
;  cap_period[2]     ; clk_50m    ; 2.236 ; 2.246 ; Rise       ; u_pll|altpll_component|auto_generated|pll1|clk[0] ;
;  cap_period[3]     ; clk_50m    ; 1.991 ; 1.979 ; Rise       ; u_pll|altpll_component|auto_generated|pll1|clk[0] ;
;  cap_period[4]     ; clk_50m    ; 2.233 ; 2.239 ; Rise       ; u_pll|altpll_component|auto_generated|pll1|clk[0] ;
;  cap_period[5]     ; clk_50m    ; 2.113 ; 2.112 ; Rise       ; u_pll|altpll_component|auto_generated|pll1|clk[0] ;
;  cap_period[6]     ; clk_50m    ; 2.130 ; 2.135 ; Rise       ; u_pll|altpll_component|auto_generated|pll1|clk[0] ;
;  cap_period[7]     ; clk_50m    ; 1.988 ; 1.978 ; Rise       ; u_pll|altpll_component|auto_generated|pll1|clk[0] ;
;  cap_period[8]     ; clk_50m    ; 2.230 ; 2.239 ; Rise       ; u_pll|altpll_component|auto_generated|pll1|clk[0] ;
;  cap_period[9]     ; clk_50m    ; 2.245 ; 2.264 ; Rise       ; u_pll|altpll_component|auto_generated|pll1|clk[0] ;
;  cap_period[10]    ; clk_50m    ; 2.005 ; 1.993 ; Rise       ; u_pll|altpll_component|auto_generated|pll1|clk[0] ;
;  cap_period[11]    ; clk_50m    ; 2.151 ; 2.151 ; Rise       ; u_pll|altpll_component|auto_generated|pll1|clk[0] ;
;  cap_period[12]    ; clk_50m    ; 2.095 ; 2.095 ; Rise       ; u_pll|altpll_component|auto_generated|pll1|clk[0] ;
;  cap_period[13]    ; clk_50m    ; 2.020 ; 2.008 ; Rise       ; u_pll|altpll_component|auto_generated|pll1|clk[0] ;
;  cap_period[14]    ; clk_50m    ; 1.990 ; 1.981 ; Rise       ; u_pll|altpll_component|auto_generated|pll1|clk[0] ;
;  cap_period[15]    ; clk_50m    ; 2.234 ; 2.245 ; Rise       ; u_pll|altpll_component|auto_generated|pll1|clk[0] ;
; cap_valid          ; clk_50m    ; 4.040 ; 3.859 ; Rise       ; u_pll|altpll_component|auto_generated|pll1|clk[0] ;
; gates_out[*]       ; clk_50m    ; 4.040 ; 3.859 ; Rise       ; u_pll|altpll_component|auto_generated|pll1|clk[0] ;
;  gates_out[0]      ; clk_50m    ; 2.696 ; 2.779 ; Rise       ; u_pll|altpll_component|auto_generated|pll1|clk[0] ;
;  gates_out[1]      ; clk_50m    ; 2.653 ; 2.543 ; Rise       ; u_pll|altpll_component|auto_generated|pll1|clk[0] ;
;  gates_out[2]      ; clk_50m    ; 2.862 ; 2.755 ; Rise       ; u_pll|altpll_component|auto_generated|pll1|clk[0] ;
;  gates_out[3]      ; clk_50m    ; 2.793 ; 2.887 ; Rise       ; u_pll|altpll_component|auto_generated|pll1|clk[0] ;
;  gates_out[4]      ; clk_50m    ; 3.468 ; 3.440 ; Rise       ; u_pll|altpll_component|auto_generated|pll1|clk[0] ;
;  gates_out[5]      ; clk_50m    ; 3.102 ; 3.197 ; Rise       ; u_pll|altpll_component|auto_generated|pll1|clk[0] ;
;  gates_out[6]      ; clk_50m    ; 3.274 ; 3.219 ; Rise       ; u_pll|altpll_component|auto_generated|pll1|clk[0] ;
;  gates_out[7]      ; clk_50m    ; 3.106 ; 3.199 ; Rise       ; u_pll|altpll_component|auto_generated|pll1|clk[0] ;
;  gates_out[8]      ; clk_50m    ; 4.040 ; 3.859 ; Rise       ; u_pll|altpll_component|auto_generated|pll1|clk[0] ;
;  gates_out[9]      ; clk_50m    ; 2.377 ; 2.338 ; Rise       ; u_pll|altpll_component|auto_generated|pll1|clk[0] ;
;  gates_out[10]     ; clk_50m    ; 3.373 ; 3.327 ; Rise       ; u_pll|altpll_component|auto_generated|pll1|clk[0] ;
;  gates_out[11]     ; clk_50m    ; 2.884 ; 2.975 ; Rise       ; u_pll|altpll_component|auto_generated|pll1|clk[0] ;
;  gates_out[12]     ; clk_50m    ; 3.031 ; 3.162 ; Rise       ; u_pll|altpll_component|auto_generated|pll1|clk[0] ;
;  gates_out[14]     ; clk_50m    ; 3.100 ; 3.226 ; Rise       ; u_pll|altpll_component|auto_generated|pll1|clk[0] ;
;  gates_out[15]     ; clk_50m    ; 3.414 ; 3.384 ; Rise       ; u_pll|altpll_component|auto_generated|pll1|clk[0] ;
;  gates_out[16]     ; clk_50m    ; 2.649 ; 2.707 ; Rise       ; u_pll|altpll_component|auto_generated|pll1|clk[0] ;
;  gates_out[18]     ; clk_50m    ; 2.858 ; 2.756 ; Rise       ; u_pll|altpll_component|auto_generated|pll1|clk[0] ;
;  gates_out[19]     ; clk_50m    ; 2.586 ; 2.620 ; Rise       ; u_pll|altpll_component|auto_generated|pll1|clk[0] ;
;  gates_out[20]     ; clk_50m    ; 2.611 ; 2.691 ; Rise       ; u_pll|altpll_component|auto_generated|pll1|clk[0] ;
;  gates_out[22]     ; clk_50m    ; 2.914 ; 2.881 ; Rise       ; u_pll|altpll_component|auto_generated|pll1|clk[0] ;
;  gates_out[23]     ; clk_50m    ; 2.704 ; 2.659 ; Rise       ; u_pll|altpll_component|auto_generated|pll1|clk[0] ;
+--------------------+------------+-------+-------+------------+---------------------------------------------------+


+------------------------------------------------------------------------------------------------------------------+
; Minimum Clock to Output Times                                                                                    ;
+--------------------+------------+-------+-------+------------+---------------------------------------------------+
; Data Port          ; Clock Port ; Rise  ; Fall  ; Clock Edge ; Clock Reference                                   ;
+--------------------+------------+-------+-------+------------+---------------------------------------------------+
; cap_high_time[*]   ; clk_50m    ; 1.712 ; 1.698 ; Rise       ; u_pll|altpll_component|auto_generated|pll1|clk[0] ;
;  cap_high_time[0]  ; clk_50m    ; 1.992 ; 2.007 ; Rise       ; u_pll|altpll_component|auto_generated|pll1|clk[0] ;
;  cap_high_time[1]  ; clk_50m    ; 1.816 ; 1.810 ; Rise       ; u_pll|altpll_component|auto_generated|pll1|clk[0] ;
;  cap_high_time[2]  ; clk_50m    ; 1.967 ; 1.978 ; Rise       ; u_pll|altpll_component|auto_generated|pll1|clk[0] ;
;  cap_high_time[3]  ; clk_50m    ; 1.962 ; 1.971 ; Rise       ; u_pll|altpll_component|auto_generated|pll1|clk[0] ;
;  cap_high_time[4]  ; clk_50m    ; 1.728 ; 1.718 ; Rise       ; u_pll|altpll_component|auto_generated|pll1|clk[0] ;
;  cap_high_time[5]  ; clk_50m    ; 3.475 ; 3.290 ; Rise       ; u_pll|altpll_component|auto_generated|pll1|clk[0] ;
;  cap_high_time[6]  ; clk_50m    ; 1.713 ; 1.698 ; Rise       ; u_pll|altpll_component|auto_generated|pll1|clk[0] ;
;  cap_high_time[7]  ; clk_50m    ; 1.883 ; 1.879 ; Rise       ; u_pll|altpll_component|auto_generated|pll1|clk[0] ;
;  cap_high_time[8]  ; clk_50m    ; 3.246 ; 2.995 ; Rise       ; u_pll|altpll_component|auto_generated|pll1|clk[0] ;
;  cap_high_time[9]  ; clk_50m    ; 1.716 ; 1.704 ; Rise       ; u_pll|altpll_component|auto_generated|pll1|clk[0] ;
;  cap_high_time[10] ; clk_50m    ; 1.904 ; 1.915 ; Rise       ; u_pll|altpll_component|auto_generated|pll1|clk[0] ;
;  cap_high_time[11] ; clk_50m    ; 2.047 ; 2.080 ; Rise       ; u_pll|altpll_component|auto_generated|pll1|clk[0] ;
;  cap_high_time[12] ; clk_50m    ; 1.956 ; 1.978 ; Rise       ; u_pll|altpll_component|auto_generated|pll1|clk[0] ;
;  cap_high_time[13] ; clk_50m    ; 1.712 ; 1.698 ; Rise       ; u_pll|altpll_component|auto_generated|pll1|clk[0] ;
;  cap_high_time[14] ; clk_50m    ; 1.798 ; 1.795 ; Rise       ; u_pll|altpll_component|auto_generated|pll1|clk[0] ;
;  cap_high_time[15] ; clk_50m    ; 2.056 ; 2.074 ; Rise       ; u_pll|altpll_component|auto_generated|pll1|clk[0] ;
; cap_period[*]      ; clk_50m    ; 1.727 ; 1.715 ; Rise       ; u_pll|altpll_component|auto_generated|pll1|clk[0] ;
;  cap_period[0]     ; clk_50m    ; 1.729 ; 1.717 ; Rise       ; u_pll|altpll_component|auto_generated|pll1|clk[0] ;
;  cap_period[1]     ; clk_50m    ; 2.066 ; 2.076 ; Rise       ; u_pll|altpll_component|auto_generated|pll1|clk[0] ;
;  cap_period[2]     ; clk_50m    ; 1.964 ; 1.972 ; Rise       ; u_pll|altpll_component|auto_generated|pll1|clk[0] ;
;  cap_period[3]     ; clk_50m    ; 1.730 ; 1.716 ; Rise       ; u_pll|altpll_component|auto_generated|pll1|clk[0] ;
;  cap_period[4]     ; clk_50m    ; 1.962 ; 1.966 ; Rise       ; u_pll|altpll_component|auto_generated|pll1|clk[0] ;
;  cap_period[5]     ; clk_50m    ; 1.846 ; 1.843 ; Rise       ; u_pll|altpll_component|auto_generated|pll1|clk[0] ;
;  cap_period[6]     ; clk_50m    ; 1.863 ; 1.865 ; Rise       ; u_pll|altpll_component|auto_generated|pll1|clk[0] ;
;  cap_period[7]     ; clk_50m    ; 1.727 ; 1.715 ; Rise       ; u_pll|altpll_component|auto_generated|pll1|clk[0] ;
;  cap_period[8]     ; clk_50m    ; 1.958 ; 1.965 ; Rise       ; u_pll|altpll_component|auto_generated|pll1|clk[0] ;
;  cap_period[9]     ; clk_50m    ; 1.973 ; 1.989 ; Rise       ; u_pll|altpll_component|auto_generated|pll1|clk[0] ;
;  cap_period[10]    ; clk_50m    ; 1.743 ; 1.729 ; Rise       ; u_pll|altpll_component|auto_generated|pll1|clk[0] ;
;  cap_period[11]    ; clk_50m    ; 1.883 ; 1.881 ; Rise       ; u_pll|altpll_component|auto_generated|pll1|clk[0] ;
;  cap_period[12]    ; clk_50m    ; 1.828 ; 1.826 ; Rise       ; u_pll|altpll_component|auto_generated|pll1|clk[0] ;
;  cap_period[13]    ; clk_50m    ; 1.758 ; 1.745 ; Rise       ; u_pll|altpll_component|auto_generated|pll1|clk[0] ;
;  cap_period[14]    ; clk_50m    ; 1.729 ; 1.718 ; Rise       ; u_pll|altpll_component|auto_generated|pll1|clk[0] ;
;  cap_period[15]    ; clk_50m    ; 1.962 ; 1.970 ; Rise       ; u_pll|altpll_component|auto_generated|pll1|clk[0] ;
; cap_valid          ; clk_50m    ; 3.757 ; 3.571 ; Rise       ; u_pll|altpll_component|auto_generated|pll1|clk[0] ;
; gates_out[*]       ; clk_50m    ; 2.005 ; 2.039 ; Rise       ; u_pll|altpll_component|auto_generated|pll1|clk[0] ;
;  gates_out[0]      ; clk_50m    ; 2.304 ; 2.228 ; Rise       ; u_pll|altpll_component|auto_generated|pll1|clk[0] ;
;  gates_out[1]      ; clk_50m    ; 2.107 ; 2.138 ; Rise       ; u_pll|altpll_component|auto_generated|pll1|clk[0] ;
;  gates_out[2]      ; clk_50m    ; 2.209 ; 2.245 ; Rise       ; u_pll|altpll_component|auto_generated|pll1|clk[0] ;
;  gates_out[3]      ; clk_50m    ; 2.288 ; 2.220 ; Rise       ; u_pll|altpll_component|auto_generated|pll1|clk[0] ;
;  gates_out[4]      ; clk_50m    ; 2.809 ; 2.913 ; Rise       ; u_pll|altpll_component|auto_generated|pll1|clk[0] ;
;  gates_out[5]      ; clk_50m    ; 2.639 ; 2.589 ; Rise       ; u_pll|altpll_component|auto_generated|pll1|clk[0] ;
;  gates_out[6]      ; clk_50m    ; 2.678 ; 2.812 ; Rise       ; u_pll|altpll_component|auto_generated|pll1|clk[0] ;
;  gates_out[7]      ; clk_50m    ; 2.755 ; 2.647 ; Rise       ; u_pll|altpll_component|auto_generated|pll1|clk[0] ;
;  gates_out[8]      ; clk_50m    ; 3.726 ; 3.485 ; Rise       ; u_pll|altpll_component|auto_generated|pll1|clk[0] ;
;  gates_out[9]      ; clk_50m    ; 2.005 ; 2.039 ; Rise       ; u_pll|altpll_component|auto_generated|pll1|clk[0] ;
;  gates_out[10]     ; clk_50m    ; 2.784 ; 2.890 ; Rise       ; u_pll|altpll_component|auto_generated|pll1|clk[0] ;
;  gates_out[11]     ; clk_50m    ; 2.479 ; 2.411 ; Rise       ; u_pll|altpll_component|auto_generated|pll1|clk[0] ;
;  gates_out[12]     ; clk_50m    ; 2.722 ; 2.834 ; Rise       ; u_pll|altpll_component|auto_generated|pll1|clk[0] ;
;  gates_out[14]     ; clk_50m    ; 2.717 ; 2.696 ; Rise       ; u_pll|altpll_component|auto_generated|pll1|clk[0] ;
;  gates_out[15]     ; clk_50m    ; 2.843 ; 2.946 ; Rise       ; u_pll|altpll_component|auto_generated|pll1|clk[0] ;
;  gates_out[16]     ; clk_50m    ; 2.359 ; 2.403 ; Rise       ; u_pll|altpll_component|auto_generated|pll1|clk[0] ;
;  gates_out[18]     ; clk_50m    ; 2.365 ; 2.397 ; Rise       ; u_pll|altpll_component|auto_generated|pll1|clk[0] ;
;  gates_out[19]     ; clk_50m    ; 2.282 ; 2.173 ; Rise       ; u_pll|altpll_component|auto_generated|pll1|clk[0] ;
;  gates_out[20]     ; clk_50m    ; 2.319 ; 2.385 ; Rise       ; u_pll|altpll_component|auto_generated|pll1|clk[0] ;
;  gates_out[22]     ; clk_50m    ; 2.531 ; 2.554 ; Rise       ; u_pll|altpll_component|auto_generated|pll1|clk[0] ;
;  gates_out[23]     ; clk_50m    ; 2.340 ; 2.324 ; Rise       ; u_pll|altpll_component|auto_generated|pll1|clk[0] ;
+--------------------+------------+-------+-------+------------+---------------------------------------------------+


---------------------------------------------
; Fast 1200mV 0C Model Metastability Report ;
---------------------------------------------
No synchronizer chains to report.


+---------------------------------------------------------------------------------------------------------------+
; Multicorner Timing Analysis Summary                                                                           ;
+----------------------------------------------------+-------+-------+----------+---------+---------------------+
; Clock                                              ; Setup ; Hold  ; Recovery ; Removal ; Minimum Pulse Width ;
+----------------------------------------------------+-------+-------+----------+---------+---------------------+
; Worst-case Slack                                   ; 1.852 ; 0.186 ; N/A      ; N/A     ; 3.047               ;
;  clk_50m                                           ; N/A   ; N/A   ; N/A      ; N/A     ; 9.423               ;
;  u_pll|altpll_component|auto_generated|pll1|clk[0] ; 1.852 ; 0.186 ; N/A      ; N/A     ; 3.047               ;
; Design-wide TNS                                    ; 0.0   ; 0.0   ; 0.0      ; 0.0     ; 0.0                 ;
;  clk_50m                                           ; N/A   ; N/A   ; N/A      ; N/A     ; 0.000               ;
;  u_pll|altpll_component|auto_generated|pll1|clk[0] ; 0.000 ; 0.000 ; N/A      ; N/A     ; 0.000               ;
+----------------------------------------------------+-------+-------+----------+---------+---------------------+


+------------------------------------------------------------------------------------------------------------------+
; Clock to Output Times                                                                                            ;
+--------------------+------------+-------+-------+------------+---------------------------------------------------+
; Data Port          ; Clock Port ; Rise  ; Fall  ; Clock Edge ; Clock Reference                                   ;
+--------------------+------------+-------+-------+------------+---------------------------------------------------+
; cap_high_time[*]   ; clk_50m    ; 7.257 ; 6.716 ; Rise       ; u_pll|altpll_component|auto_generated|pll1|clk[0] ;
;  cap_high_time[0]  ; clk_50m    ; 5.067 ; 4.811 ; Rise       ; u_pll|altpll_component|auto_generated|pll1|clk[0] ;
;  cap_high_time[1]  ; clk_50m    ; 4.637 ; 4.440 ; Rise       ; u_pll|altpll_component|auto_generated|pll1|clk[0] ;
;  cap_high_time[2]  ; clk_50m    ; 5.001 ; 4.780 ; Rise       ; u_pll|altpll_component|auto_generated|pll1|clk[0] ;
;  cap_high_time[3]  ; clk_50m    ; 5.011 ; 4.758 ; Rise       ; u_pll|altpll_component|auto_generated|pll1|clk[0] ;
;  cap_high_time[4]  ; clk_50m    ; 4.393 ; 4.236 ; Rise       ; u_pll|altpll_component|auto_generated|pll1|clk[0] ;
;  cap_high_time[5]  ; clk_50m    ; 7.257 ; 6.716 ; Rise       ; u_pll|altpll_component|auto_generated|pll1|clk[0] ;
;  cap_high_time[6]  ; clk_50m    ; 4.351 ; 4.196 ; Rise       ; u_pll|altpll_component|auto_generated|pll1|clk[0] ;
;  cap_high_time[7]  ; clk_50m    ; 4.727 ; 4.535 ; Rise       ; u_pll|altpll_component|auto_generated|pll1|clk[0] ;
;  cap_high_time[8]  ; clk_50m    ; 6.590 ; 6.085 ; Rise       ; u_pll|altpll_component|auto_generated|pll1|clk[0] ;
;  cap_high_time[9]  ; clk_50m    ; 4.379 ; 4.219 ; Rise       ; u_pll|altpll_component|auto_generated|pll1|clk[0] ;
;  cap_high_time[10] ; clk_50m    ; 4.827 ; 4.633 ; Rise       ; u_pll|altpll_component|auto_generated|pll1|clk[0] ;
;  cap_high_time[11] ; clk_50m    ; 5.165 ; 4.939 ; Rise       ; u_pll|altpll_component|auto_generated|pll1|clk[0] ;
;  cap_high_time[12] ; clk_50m    ; 4.906 ; 4.733 ; Rise       ; u_pll|altpll_component|auto_generated|pll1|clk[0] ;
;  cap_high_time[13] ; clk_50m    ; 4.372 ; 4.212 ; Rise       ; u_pll|altpll_component|auto_generated|pll1|clk[0] ;
;  cap_high_time[14] ; clk_50m    ; 4.614 ; 4.421 ; Rise       ; u_pll|altpll_component|auto_generated|pll1|clk[0] ;
;  cap_high_time[15] ; clk_50m    ; 5.195 ; 4.980 ; Rise       ; u_pll|altpll_component|auto_generated|pll1|clk[0] ;
; cap_period[*]      ; clk_50m    ; 5.181 ; 4.964 ; Rise       ; u_pll|altpll_component|auto_generated|pll1|clk[0] ;
;  cap_period[0]     ; clk_50m    ; 4.388 ; 4.235 ; Rise       ; u_pll|altpll_component|auto_generated|pll1|clk[0] ;
;  cap_period[1]     ; clk_50m    ; 5.181 ; 4.964 ; Rise       ; u_pll|altpll_component|auto_generated|pll1|clk[0] ;
;  cap_period[2]     ; clk_50m    ; 5.015 ; 4.760 ; Rise       ; u_pll|altpll_component|auto_generated|pll1|clk[0] ;
;  cap_period[3]     ; clk_50m    ; 4.372 ; 4.220 ; Rise       ; u_pll|altpll_component|auto_generated|pll1|clk[0] ;
;  cap_period[4]     ; clk_50m    ; 4.998 ; 4.739 ; Rise       ; u_pll|altpll_component|auto_generated|pll1|clk[0] ;
;  cap_period[5]     ; clk_50m    ; 4.684 ; 4.495 ; Rise       ; u_pll|altpll_component|auto_generated|pll1|clk[0] ;
;  cap_period[6]     ; clk_50m    ; 4.753 ; 4.547 ; Rise       ; u_pll|altpll_component|auto_generated|pll1|clk[0] ;
;  cap_period[7]     ; clk_50m    ; 4.382 ; 4.226 ; Rise       ; u_pll|altpll_component|auto_generated|pll1|clk[0] ;
;  cap_period[8]     ; clk_50m    ; 4.989 ; 4.752 ; Rise       ; u_pll|altpll_component|auto_generated|pll1|clk[0] ;
;  cap_period[9]     ; clk_50m    ; 5.061 ; 4.804 ; Rise       ; u_pll|altpll_component|auto_generated|pll1|clk[0] ;
;  cap_period[10]    ; clk_50m    ; 4.402 ; 4.241 ; Rise       ; u_pll|altpll_component|auto_generated|pll1|clk[0] ;
;  cap_period[11]    ; clk_50m    ; 4.749 ; 4.553 ; Rise       ; u_pll|altpll_component|auto_generated|pll1|clk[0] ;
;  cap_period[12]    ; clk_50m    ; 4.666 ; 4.474 ; Rise       ; u_pll|altpll_component|auto_generated|pll1|clk[0] ;
;  cap_period[13]    ; clk_50m    ; 4.404 ; 4.249 ; Rise       ; u_pll|altpll_component|auto_generated|pll1|clk[0] ;
;  cap_period[14]    ; clk_50m    ; 4.394 ; 4.233 ; Rise       ; u_pll|altpll_component|auto_generated|pll1|clk[0] ;
;  cap_period[15]    ; clk_50m    ; 4.980 ; 4.755 ; Rise       ; u_pll|altpll_component|auto_generated|pll1|clk[0] ;
; cap_valid          ; clk_50m    ; 7.895 ; 7.250 ; Rise       ; u_pll|altpll_component|auto_generated|pll1|clk[0] ;
; gates_out[*]       ; clk_50m    ; 7.969 ; 7.383 ; Rise       ; u_pll|altpll_component|auto_generated|pll1|clk[0] ;
;  gates_out[0]      ; clk_50m    ; 6.119 ; 5.899 ; Rise       ; u_pll|altpll_component|auto_generated|pll1|clk[0] ;
;  gates_out[1]      ; clk_50m    ; 5.787 ; 5.617 ; Rise       ; u_pll|altpll_component|auto_generated|pll1|clk[0] ;
;  gates_out[2]      ; clk_50m    ; 6.276 ; 6.103 ; Rise       ; u_pll|altpll_component|auto_generated|pll1|clk[0] ;
;  gates_out[3]      ; clk_50m    ; 6.403 ; 6.121 ; Rise       ; u_pll|altpll_component|auto_generated|pll1|clk[0] ;
;  gates_out[4]      ; clk_50m    ; 7.648 ; 7.374 ; Rise       ; u_pll|altpll_component|auto_generated|pll1|clk[0] ;
;  gates_out[5]      ; clk_50m    ; 7.063 ; 6.681 ; Rise       ; u_pll|altpll_component|auto_generated|pll1|clk[0] ;
;  gates_out[6]      ; clk_50m    ; 7.262 ; 7.075 ; Rise       ; u_pll|altpll_component|auto_generated|pll1|clk[0] ;
;  gates_out[7]      ; clk_50m    ; 7.197 ; 6.765 ; Rise       ; u_pll|altpll_component|auto_generated|pll1|clk[0] ;
;  gates_out[8]      ; clk_50m    ; 7.969 ; 7.383 ; Rise       ; u_pll|altpll_component|auto_generated|pll1|clk[0] ;
;  gates_out[9]      ; clk_50m    ; 5.309 ; 5.161 ; Rise       ; u_pll|altpll_component|auto_generated|pll1|clk[0] ;
;  gates_out[10]     ; clk_50m    ; 7.477 ; 7.204 ; Rise       ; u_pll|altpll_component|auto_generated|pll1|clk[0] ;
;  gates_out[11]     ; clk_50m    ; 6.638 ; 6.284 ; Rise       ; u_pll|altpll_component|auto_generated|pll1|clk[0] ;
;  gates_out[12]     ; clk_50m    ; 6.904 ; 6.605 ; Rise       ; u_pll|altpll_component|auto_generated|pll1|clk[0] ;
;  gates_out[14]     ; clk_50m    ; 7.026 ; 6.708 ; Rise       ; u_pll|altpll_component|auto_generated|pll1|clk[0] ;
;  gates_out[15]     ; clk_50m    ; 7.620 ; 7.227 ; Rise       ; u_pll|altpll_component|auto_generated|pll1|clk[0] ;
;  gates_out[16]     ; clk_50m    ; 6.073 ; 5.805 ; Rise       ; u_pll|altpll_component|auto_generated|pll1|clk[0] ;
;  gates_out[18]     ; clk_50m    ; 6.301 ; 6.170 ; Rise       ; u_pll|altpll_component|auto_generated|pll1|clk[0] ;
;  gates_out[19]     ; clk_50m    ; 5.988 ; 5.669 ; Rise       ; u_pll|altpll_component|auto_generated|pll1|clk[0] ;
;  gates_out[20]     ; clk_50m    ; 5.993 ; 5.721 ; Rise       ; u_pll|altpll_component|auto_generated|pll1|clk[0] ;
;  gates_out[22]     ; clk_50m    ; 6.478 ; 6.225 ; Rise       ; u_pll|altpll_component|auto_generated|pll1|clk[0] ;
;  gates_out[23]     ; clk_50m    ; 6.028 ; 5.795 ; Rise       ; u_pll|altpll_component|auto_generated|pll1|clk[0] ;
+--------------------+------------+-------+-------+------------+---------------------------------------------------+


+------------------------------------------------------------------------------------------------------------------+
; Minimum Clock to Output Times                                                                                    ;
+--------------------+------------+-------+-------+------------+---------------------------------------------------+
; Data Port          ; Clock Port ; Rise  ; Fall  ; Clock Edge ; Clock Reference                                   ;
+--------------------+------------+-------+-------+------------+---------------------------------------------------+
; cap_high_time[*]   ; clk_50m    ; 1.712 ; 1.698 ; Rise       ; u_pll|altpll_component|auto_generated|pll1|clk[0] ;
;  cap_high_time[0]  ; clk_50m    ; 1.992 ; 2.007 ; Rise       ; u_pll|altpll_component|auto_generated|pll1|clk[0] ;
;  cap_high_time[1]  ; clk_50m    ; 1.816 ; 1.810 ; Rise       ; u_pll|altpll_component|auto_generated|pll1|clk[0] ;
;  cap_high_time[2]  ; clk_50m    ; 1.967 ; 1.978 ; Rise       ; u_pll|altpll_component|auto_generated|pll1|clk[0] ;
;  cap_high_time[3]  ; clk_50m    ; 1.962 ; 1.971 ; Rise       ; u_pll|altpll_component|auto_generated|pll1|clk[0] ;
;  cap_high_time[4]  ; clk_50m    ; 1.728 ; 1.718 ; Rise       ; u_pll|altpll_component|auto_generated|pll1|clk[0] ;
;  cap_high_time[5]  ; clk_50m    ; 3.475 ; 3.290 ; Rise       ; u_pll|altpll_component|auto_generated|pll1|clk[0] ;
;  cap_high_time[6]  ; clk_50m    ; 1.713 ; 1.698 ; Rise       ; u_pll|altpll_component|auto_generated|pll1|clk[0] ;
;  cap_high_time[7]  ; clk_50m    ; 1.883 ; 1.879 ; Rise       ; u_pll|altpll_component|auto_generated|pll1|clk[0] ;
;  cap_high_time[8]  ; clk_50m    ; 3.246 ; 2.995 ; Rise       ; u_pll|altpll_component|auto_generated|pll1|clk[0] ;
;  cap_high_time[9]  ; clk_50m    ; 1.716 ; 1.704 ; Rise       ; u_pll|altpll_component|auto_generated|pll1|clk[0] ;
;  cap_high_time[10] ; clk_50m    ; 1.904 ; 1.915 ; Rise       ; u_pll|altpll_component|auto_generated|pll1|clk[0] ;
;  cap_high_time[11] ; clk_50m    ; 2.047 ; 2.080 ; Rise       ; u_pll|altpll_component|auto_generated|pll1|clk[0] ;
;  cap_high_time[12] ; clk_50m    ; 1.956 ; 1.978 ; Rise       ; u_pll|altpll_component|auto_generated|pll1|clk[0] ;
;  cap_high_time[13] ; clk_50m    ; 1.712 ; 1.698 ; Rise       ; u_pll|altpll_component|auto_generated|pll1|clk[0] ;
;  cap_high_time[14] ; clk_50m    ; 1.798 ; 1.795 ; Rise       ; u_pll|altpll_component|auto_generated|pll1|clk[0] ;
;  cap_high_time[15] ; clk_50m    ; 2.056 ; 2.074 ; Rise       ; u_pll|altpll_component|auto_generated|pll1|clk[0] ;
; cap_period[*]      ; clk_50m    ; 1.727 ; 1.715 ; Rise       ; u_pll|altpll_component|auto_generated|pll1|clk[0] ;
;  cap_period[0]     ; clk_50m    ; 1.729 ; 1.717 ; Rise       ; u_pll|altpll_component|auto_generated|pll1|clk[0] ;
;  cap_period[1]     ; clk_50m    ; 2.066 ; 2.076 ; Rise       ; u_pll|altpll_component|auto_generated|pll1|clk[0] ;
;  cap_period[2]     ; clk_50m    ; 1.964 ; 1.972 ; Rise       ; u_pll|altpll_component|auto_generated|pll1|clk[0] ;
;  cap_period[3]     ; clk_50m    ; 1.730 ; 1.716 ; Rise       ; u_pll|altpll_component|auto_generated|pll1|clk[0] ;
;  cap_period[4]     ; clk_50m    ; 1.962 ; 1.966 ; Rise       ; u_pll|altpll_component|auto_generated|pll1|clk[0] ;
;  cap_period[5]     ; clk_50m    ; 1.846 ; 1.843 ; Rise       ; u_pll|altpll_component|auto_generated|pll1|clk[0] ;
;  cap_period[6]     ; clk_50m    ; 1.863 ; 1.865 ; Rise       ; u_pll|altpll_component|auto_generated|pll1|clk[0] ;
;  cap_period[7]     ; clk_50m    ; 1.727 ; 1.715 ; Rise       ; u_pll|altpll_component|auto_generated|pll1|clk[0] ;
;  cap_period[8]     ; clk_50m    ; 1.958 ; 1.965 ; Rise       ; u_pll|altpll_component|auto_generated|pll1|clk[0] ;
;  cap_period[9]     ; clk_50m    ; 1.973 ; 1.989 ; Rise       ; u_pll|altpll_component|auto_generated|pll1|clk[0] ;
;  cap_period[10]    ; clk_50m    ; 1.743 ; 1.729 ; Rise       ; u_pll|altpll_component|auto_generated|pll1|clk[0] ;
;  cap_period[11]    ; clk_50m    ; 1.883 ; 1.881 ; Rise       ; u_pll|altpll_component|auto_generated|pll1|clk[0] ;
;  cap_period[12]    ; clk_50m    ; 1.828 ; 1.826 ; Rise       ; u_pll|altpll_component|auto_generated|pll1|clk[0] ;
;  cap_period[13]    ; clk_50m    ; 1.758 ; 1.745 ; Rise       ; u_pll|altpll_component|auto_generated|pll1|clk[0] ;
;  cap_period[14]    ; clk_50m    ; 1.729 ; 1.718 ; Rise       ; u_pll|altpll_component|auto_generated|pll1|clk[0] ;
;  cap_period[15]    ; clk_50m    ; 1.962 ; 1.970 ; Rise       ; u_pll|altpll_component|auto_generated|pll1|clk[0] ;
; cap_valid          ; clk_50m    ; 3.757 ; 3.571 ; Rise       ; u_pll|altpll_component|auto_generated|pll1|clk[0] ;
; gates_out[*]       ; clk_50m    ; 2.005 ; 2.039 ; Rise       ; u_pll|altpll_component|auto_generated|pll1|clk[0] ;
;  gates_out[0]      ; clk_50m    ; 2.304 ; 2.228 ; Rise       ; u_pll|altpll_component|auto_generated|pll1|clk[0] ;
;  gates_out[1]      ; clk_50m    ; 2.107 ; 2.138 ; Rise       ; u_pll|altpll_component|auto_generated|pll1|clk[0] ;
;  gates_out[2]      ; clk_50m    ; 2.209 ; 2.245 ; Rise       ; u_pll|altpll_component|auto_generated|pll1|clk[0] ;
;  gates_out[3]      ; clk_50m    ; 2.288 ; 2.220 ; Rise       ; u_pll|altpll_component|auto_generated|pll1|clk[0] ;
;  gates_out[4]      ; clk_50m    ; 2.809 ; 2.913 ; Rise       ; u_pll|altpll_component|auto_generated|pll1|clk[0] ;
;  gates_out[5]      ; clk_50m    ; 2.639 ; 2.589 ; Rise       ; u_pll|altpll_component|auto_generated|pll1|clk[0] ;
;  gates_out[6]      ; clk_50m    ; 2.678 ; 2.812 ; Rise       ; u_pll|altpll_component|auto_generated|pll1|clk[0] ;
;  gates_out[7]      ; clk_50m    ; 2.755 ; 2.647 ; Rise       ; u_pll|altpll_component|auto_generated|pll1|clk[0] ;
;  gates_out[8]      ; clk_50m    ; 3.726 ; 3.485 ; Rise       ; u_pll|altpll_component|auto_generated|pll1|clk[0] ;
;  gates_out[9]      ; clk_50m    ; 2.005 ; 2.039 ; Rise       ; u_pll|altpll_component|auto_generated|pll1|clk[0] ;
;  gates_out[10]     ; clk_50m    ; 2.784 ; 2.890 ; Rise       ; u_pll|altpll_component|auto_generated|pll1|clk[0] ;
;  gates_out[11]     ; clk_50m    ; 2.479 ; 2.411 ; Rise       ; u_pll|altpll_component|auto_generated|pll1|clk[0] ;
;  gates_out[12]     ; clk_50m    ; 2.722 ; 2.834 ; Rise       ; u_pll|altpll_component|auto_generated|pll1|clk[0] ;
;  gates_out[14]     ; clk_50m    ; 2.717 ; 2.696 ; Rise       ; u_pll|altpll_component|auto_generated|pll1|clk[0] ;
;  gates_out[15]     ; clk_50m    ; 2.843 ; 2.946 ; Rise       ; u_pll|altpll_component|auto_generated|pll1|clk[0] ;
;  gates_out[16]     ; clk_50m    ; 2.359 ; 2.403 ; Rise       ; u_pll|altpll_component|auto_generated|pll1|clk[0] ;
;  gates_out[18]     ; clk_50m    ; 2.365 ; 2.397 ; Rise       ; u_pll|altpll_component|auto_generated|pll1|clk[0] ;
;  gates_out[19]     ; clk_50m    ; 2.282 ; 2.173 ; Rise       ; u_pll|altpll_component|auto_generated|pll1|clk[0] ;
;  gates_out[20]     ; clk_50m    ; 2.319 ; 2.385 ; Rise       ; u_pll|altpll_component|auto_generated|pll1|clk[0] ;
;  gates_out[22]     ; clk_50m    ; 2.531 ; 2.554 ; Rise       ; u_pll|altpll_component|auto_generated|pll1|clk[0] ;
;  gates_out[23]     ; clk_50m    ; 2.340 ; 2.324 ; Rise       ; u_pll|altpll_component|auto_generated|pll1|clk[0] ;
+--------------------+------------+-------+-------+------------+---------------------------------------------------+


+----------------------------------------------------------------------------------------------------------------------------------------------------------------------------------------------------------------------------------------------------------------------------------------------------------------------------------------------------------------------------------------------------------------------+
; Board Trace Model Assignments                                                                                                                                                                                                                                                                                                                                                                                        ;
+-------------------+--------------+-------------------+-------------------------+-------------------------+---------------+---------------------+----------------+------------------+--------+------------------+------------------------+------------------------+--------------+---------------+-----------------+-------+---------------------+--------------------+---------------+-----------------+-------------+
; Pin               ; I/O Standard ; Near Tline Length ; Near Tline L per Length ; Near Tline C per Length ; Near Series R ; Near Differential R ; Near Pull-up R ; Near Pull-down R ; Near C ; Far Tline Length ; Far Tline L per Length ; Far Tline C per Length ; Far Series R ; Far Pull-up R ; Far Pull-down R ; Far C ; Termination Voltage ; Far Differential R ; EBD File Name ; EBD Signal Name ; EBD Far-end ;
+-------------------+--------------+-------------------+-------------------------+-------------------------+---------------+---------------------+----------------+------------------+--------+------------------+------------------------+------------------------+--------------+---------------+-----------------+-------+---------------------+--------------------+---------------+-----------------+-------------+
; gates_out[0]      ; 3.3-V LVTTL  ; 0 in              ; 0 H/in                  ; 0 F/in                  ; short         ; -                   ; open           ; open             ; open   ; 0 in             ; 0 H/in                 ; 0 F/in                 ; short        ; open          ; open            ; open  ; 0 V                 ; -                  ; n/a           ; n/a             ; n/a         ;
; gates_out[1]      ; 3.3-V LVTTL  ; 0 in              ; 0 H/in                  ; 0 F/in                  ; short         ; -                   ; open           ; open             ; open   ; 0 in             ; 0 H/in                 ; 0 F/in                 ; short        ; open          ; open            ; open  ; 0 V                 ; -                  ; n/a           ; n/a             ; n/a         ;
; gates_out[2]      ; 3.3-V LVTTL  ; 0 in              ; 0 H/in                  ; 0 F/in                  ; short         ; -                   ; open           ; open             ; open   ; 0 in             ; 0 H/in                 ; 0 F/in                 ; short        ; open          ; open            ; open  ; 0 V                 ; -                  ; n/a           ; n/a             ; n/a         ;
; gates_out[3]      ; 3.3-V LVTTL  ; 0 in              ; 0 H/in                  ; 0 F/in                  ; short         ; -                   ; open           ; open             ; open   ; 0 in             ; 0 H/in                 ; 0 F/in                 ; short        ; open          ; open            ; open  ; 0 V                 ; -                  ; n/a           ; n/a             ; n/a         ;
; gates_out[4]      ; 3.3-V LVTTL  ; 0 in              ; 0 H/in                  ; 0 F/in                  ; short         ; -                   ; open           ; open             ; open   ; 0 in             ; 0 H/in                 ; 0 F/in                 ; short        ; open          ; open            ; open  ; 0 V                 ; -                  ; n/a           ; n/a             ; n/a         ;
; gates_out[5]      ; 3.3-V LVTTL  ; 0 in              ; 0 H/in                  ; 0 F/in                  ; short         ; -                   ; open           ; open             ; open   ; 0 in             ; 0 H/in                 ; 0 F/in                 ; short        ; open          ; open            ; open  ; 0 V                 ; -                  ; n/a           ; n/a             ; n/a         ;
; gates_out[6]      ; 3.3-V LVTTL  ; 0 in              ; 0 H/in                  ; 0 F/in                  ; short         ; -                   ; open           ; open             ; open   ; 0 in             ; 0 H/in                 ; 0 F/in                 ; short        ; open          ; open            ; open  ; 0 V                 ; -                  ; n/a           ; n/a             ; n/a         ;
; gates_out[7]      ; 3.3-V LVTTL  ; 0 in              ; 0 H/in                  ; 0 F/in                  ; short         ; -                   ; open           ; open             ; open   ; 0 in             ; 0 H/in                 ; 0 F/in                 ; short        ; open          ; open            ; open  ; 0 V                 ; -                  ; n/a           ; n/a             ; n/a         ;
; gates_out[8]      ; 3.3-V LVTTL  ; 0 in              ; 0 H/in                  ; 0 F/in                  ; short         ; -                   ; open           ; open             ; open   ; 0 in             ; 0 H/in                 ; 0 F/in                 ; short        ; open          ; open            ; open  ; 0 V                 ; -                  ; n/a           ; n/a             ; n/a         ;
; gates_out[9]      ; 3.3-V LVTTL  ; 0 in              ; 0 H/in                  ; 0 F/in                  ; short         ; -                   ; open           ; open             ; open   ; 0 in             ; 0 H/in                 ; 0 F/in                 ; short        ; open          ; open            ; open  ; 0 V                 ; -                  ; n/a           ; n/a             ; n/a         ;
; gates_out[10]     ; 3.3-V LVTTL  ; 0 in              ; 0 H/in                  ; 0 F/in                  ; short         ; -                   ; open           ; open             ; open   ; 0 in             ; 0 H/in                 ; 0 F/in                 ; short        ; open          ; open            ; open  ; 0 V                 ; -                  ; n/a           ; n/a             ; n/a         ;
; gates_out[11]     ; 3.3-V LVTTL  ; 0 in              ; 0 H/in                  ; 0 F/in                  ; short         ; -                   ; open           ; open             ; open   ; 0 in             ; 0 H/in                 ; 0 F/in                 ; short        ; open          ; open            ; open  ; 0 V                 ; -                  ; n/a           ; n/a             ; n/a         ;
; gates_out[12]     ; 3.3-V LVTTL  ; 0 in              ; 0 H/in                  ; 0 F/in                  ; short         ; -                   ; open           ; open             ; open   ; 0 in             ; 0 H/in                 ; 0 F/in                 ; short        ; open          ; open            ; open  ; 0 V                 ; -                  ; n/a           ; n/a             ; n/a         ;
; gates_out[13]     ; 3.3-V LVTTL  ; 0 in              ; 0 H/in                  ; 0 F/in                  ; short         ; -                   ; open           ; open             ; open   ; 0 in             ; 0 H/in                 ; 0 F/in                 ; short        ; open          ; open            ; open  ; 0 V                 ; -                  ; n/a           ; n/a             ; n/a         ;
; gates_out[14]     ; 3.3-V LVTTL  ; 0 in              ; 0 H/in                  ; 0 F/in                  ; short         ; -                   ; open           ; open             ; open   ; 0 in             ; 0 H/in                 ; 0 F/in                 ; short        ; open          ; open            ; open  ; 0 V                 ; -                  ; n/a           ; n/a             ; n/a         ;
; gates_out[15]     ; 3.3-V LVTTL  ; 0 in              ; 0 H/in                  ; 0 F/in                  ; short         ; -                   ; open           ; open             ; open   ; 0 in             ; 0 H/in                 ; 0 F/in                 ; short        ; open          ; open            ; open  ; 0 V                 ; -                  ; n/a           ; n/a             ; n/a         ;
; gates_out[16]     ; 3.3-V LVTTL  ; 0 in              ; 0 H/in                  ; 0 F/in                  ; short         ; -                   ; open           ; open             ; open   ; 0 in             ; 0 H/in                 ; 0 F/in                 ; short        ; open          ; open            ; open  ; 0 V                 ; -                  ; n/a           ; n/a             ; n/a         ;
; gates_out[17]     ; 3.3-V LVTTL  ; 0 in              ; 0 H/in                  ; 0 F/in                  ; short         ; -                   ; open           ; open             ; open   ; 0 in             ; 0 H/in                 ; 0 F/in                 ; short        ; open          ; open            ; open  ; 0 V                 ; -                  ; n/a           ; n/a             ; n/a         ;
; gates_out[18]     ; 3.3-V LVTTL  ; 0 in              ; 0 H/in                  ; 0 F/in                  ; short         ; -                   ; open           ; open             ; open   ; 0 in             ; 0 H/in                 ; 0 F/in                 ; short        ; open          ; open            ; open  ; 0 V                 ; -                  ; n/a           ; n/a             ; n/a         ;
; gates_out[19]     ; 3.3-V LVTTL  ; 0 in              ; 0 H/in                  ; 0 F/in                  ; short         ; -                   ; open           ; open             ; open   ; 0 in             ; 0 H/in                 ; 0 F/in                 ; short        ; open          ; open            ; open  ; 0 V                 ; -                  ; n/a           ; n/a             ; n/a         ;
; gates_out[20]     ; 3.3-V LVTTL  ; 0 in              ; 0 H/in                  ; 0 F/in                  ; short         ; -                   ; open           ; open             ; open   ; 0 in             ; 0 H/in                 ; 0 F/in                 ; short        ; open          ; open            ; open  ; 0 V                 ; -                  ; n/a           ; n/a             ; n/a         ;
; gates_out[21]     ; 3.3-V LVTTL  ; 0 in              ; 0 H/in                  ; 0 F/in                  ; short         ; -                   ; open           ; open             ; open   ; 0 in             ; 0 H/in                 ; 0 F/in                 ; short        ; open          ; open            ; open  ; 0 V                 ; -                  ; n/a           ; n/a             ; n/a         ;
; gates_out[22]     ; 3.3-V LVTTL  ; 0 in              ; 0 H/in                  ; 0 F/in                  ; short         ; -                   ; open           ; open             ; open   ; 0 in             ; 0 H/in                 ; 0 F/in                 ; short        ; open          ; open            ; open  ; 0 V                 ; -                  ; n/a           ; n/a             ; n/a         ;
; gates_out[23]     ; 3.3-V LVTTL  ; 0 in              ; 0 H/in                  ; 0 F/in                  ; short         ; -                   ; open           ; open             ; open   ; 0 in             ; 0 H/in                 ; 0 F/in                 ; short        ; open          ; open            ; open  ; 0 V                 ; -                  ; n/a           ; n/a             ; n/a         ;
; cap_period[0]     ; 3.3-V LVTTL  ; 0 in              ; 0 H/in                  ; 0 F/in                  ; short         ; -                   ; open           ; open             ; open   ; 0 in             ; 0 H/in                 ; 0 F/in                 ; short        ; open          ; open            ; open  ; 0 V                 ; -                  ; n/a           ; n/a             ; n/a         ;
; cap_period[1]     ; 3.3-V LVTTL  ; 0 in              ; 0 H/in                  ; 0 F/in                  ; short         ; -                   ; open           ; open             ; open   ; 0 in             ; 0 H/in                 ; 0 F/in                 ; short        ; open          ; open            ; open  ; 0 V                 ; -                  ; n/a           ; n/a             ; n/a         ;
; cap_period[2]     ; 3.3-V LVTTL  ; 0 in              ; 0 H/in                  ; 0 F/in                  ; short         ; -                   ; open           ; open             ; open   ; 0 in             ; 0 H/in                 ; 0 F/in                 ; short        ; open          ; open            ; open  ; 0 V                 ; -                  ; n/a           ; n/a             ; n/a         ;
; cap_period[3]     ; 3.3-V LVTTL  ; 0 in              ; 0 H/in                  ; 0 F/in                  ; short         ; -                   ; open           ; open             ; open   ; 0 in             ; 0 H/in                 ; 0 F/in                 ; short        ; open          ; open            ; open  ; 0 V                 ; -                  ; n/a           ; n/a             ; n/a         ;
; cap_period[4]     ; 3.3-V LVTTL  ; 0 in              ; 0 H/in                  ; 0 F/in                  ; short         ; -                   ; open           ; open             ; open   ; 0 in             ; 0 H/in                 ; 0 F/in                 ; short        ; open          ; open            ; open  ; 0 V                 ; -                  ; n/a           ; n/a             ; n/a         ;
; cap_period[5]     ; 3.3-V LVTTL  ; 0 in              ; 0 H/in                  ; 0 F/in                  ; short         ; -                   ; open           ; open             ; open   ; 0 in             ; 0 H/in                 ; 0 F/in                 ; short        ; open          ; open            ; open  ; 0 V                 ; -                  ; n/a           ; n/a             ; n/a         ;
; cap_period[6]     ; 3.3-V LVTTL  ; 0 in              ; 0 H/in                  ; 0 F/in                  ; short         ; -                   ; open           ; open             ; open   ; 0 in             ; 0 H/in                 ; 0 F/in                 ; short        ; open          ; open            ; open  ; 0 V                 ; -                  ; n/a           ; n/a             ; n/a         ;
; cap_period[7]     ; 3.3-V LVTTL  ; 0 in              ; 0 H/in                  ; 0 F/in                  ; short         ; -                   ; open           ; open             ; open   ; 0 in             ; 0 H/in                 ; 0 F/in                 ; short        ; open          ; open            ; open  ; 0 V                 ; -                  ; n/a           ; n/a             ; n/a         ;
; cap_period[8]     ; 3.3-V LVTTL  ; 0 in              ; 0 H/in                  ; 0 F/in                  ; short         ; -                   ; open           ; open             ; open   ; 0 in             ; 0 H/in                 ; 0 F/in                 ; short        ; open          ; open            ; open  ; 0 V                 ; -                  ; n/a           ; n/a             ; n/a         ;
; cap_period[9]     ; 3.3-V LVTTL  ; 0 in              ; 0 H/in                  ; 0 F/in                  ; short         ; -                   ; open           ; open             ; open   ; 0 in             ; 0 H/in                 ; 0 F/in                 ; short        ; open          ; open            ; open  ; 0 V                 ; -                  ; n/a           ; n/a             ; n/a         ;
; cap_period[10]    ; 3.3-V LVTTL  ; 0 in              ; 0 H/in                  ; 0 F/in                  ; short         ; -                   ; open           ; open             ; open   ; 0 in             ; 0 H/in                 ; 0 F/in                 ; short        ; open          ; open            ; open  ; 0 V                 ; -                  ; n/a           ; n/a             ; n/a         ;
; cap_period[11]    ; 3.3-V LVTTL  ; 0 in              ; 0 H/in                  ; 0 F/in                  ; short         ; -                   ; open           ; open             ; open   ; 0 in             ; 0 H/in                 ; 0 F/in                 ; short        ; open          ; open            ; open  ; 0 V                 ; -                  ; n/a           ; n/a             ; n/a         ;
; cap_period[12]    ; 3.3-V LVTTL  ; 0 in              ; 0 H/in                  ; 0 F/in                  ; short         ; -                   ; open           ; open             ; open   ; 0 in             ; 0 H/in                 ; 0 F/in                 ; short        ; open          ; open            ; open  ; 0 V                 ; -                  ; n/a           ; n/a             ; n/a         ;
; cap_period[13]    ; 3.3-V LVTTL  ; 0 in              ; 0 H/in                  ; 0 F/in                  ; short         ; -                   ; open           ; open             ; open   ; 0 in             ; 0 H/in                 ; 0 F/in                 ; short        ; open          ; open            ; open  ; 0 V                 ; -                  ; n/a           ; n/a             ; n/a         ;
; cap_period[14]    ; 3.3-V LVTTL  ; 0 in              ; 0 H/in                  ; 0 F/in                  ; short         ; -                   ; open           ; open             ; open   ; 0 in             ; 0 H/in                 ; 0 F/in                 ; short        ; open          ; open            ; open  ; 0 V                 ; -                  ; n/a           ; n/a             ; n/a         ;
; cap_period[15]    ; 3.3-V LVTTL  ; 0 in              ; 0 H/in                  ; 0 F/in                  ; short         ; -                   ; open           ; open             ; open   ; 0 in             ; 0 H/in                 ; 0 F/in                 ; short        ; open          ; open            ; open  ; 0 V                 ; -                  ; n/a           ; n/a             ; n/a         ;
; cap_high_time[0]  ; 3.3-V LVTTL  ; 0 in              ; 0 H/in                  ; 0 F/in                  ; short         ; -                   ; open           ; open             ; open   ; 0 in             ; 0 H/in                 ; 0 F/in                 ; short        ; open          ; open            ; open  ; 0 V                 ; -                  ; n/a           ; n/a             ; n/a         ;
; cap_high_time[1]  ; 3.3-V LVTTL  ; 0 in              ; 0 H/in                  ; 0 F/in                  ; short         ; -                   ; open           ; open             ; open   ; 0 in             ; 0 H/in                 ; 0 F/in                 ; short        ; open          ; open            ; open  ; 0 V                 ; -                  ; n/a           ; n/a             ; n/a         ;
; cap_high_time[2]  ; 3.3-V LVTTL  ; 0 in              ; 0 H/in                  ; 0 F/in                  ; short         ; -                   ; open           ; open             ; open   ; 0 in             ; 0 H/in                 ; 0 F/in                 ; short        ; open          ; open            ; open  ; 0 V                 ; -                  ; n/a           ; n/a             ; n/a         ;
; cap_high_time[3]  ; 3.3-V LVTTL  ; 0 in              ; 0 H/in                  ; 0 F/in                  ; short         ; -                   ; open           ; open             ; open   ; 0 in             ; 0 H/in                 ; 0 F/in                 ; short        ; open          ; open            ; open  ; 0 V                 ; -                  ; n/a           ; n/a             ; n/a         ;
; cap_high_time[4]  ; 3.3-V LVTTL  ; 0 in              ; 0 H/in                  ; 0 F/in                  ; short         ; -                   ; open           ; open             ; open   ; 0 in             ; 0 H/in                 ; 0 F/in                 ; short        ; open          ; open            ; open  ; 0 V                 ; -                  ; n/a           ; n/a             ; n/a         ;
; cap_high_time[5]  ; 3.3-V LVTTL  ; 0 in              ; 0 H/in                  ; 0 F/in                  ; short         ; -                   ; open           ; open             ; open   ; 0 in             ; 0 H/in                 ; 0 F/in                 ; short        ; open          ; open            ; open  ; 0 V                 ; -                  ; n/a           ; n/a             ; n/a         ;
; cap_high_time[6]  ; 3.3-V LVTTL  ; 0 in              ; 0 H/in                  ; 0 F/in                  ; short         ; -                   ; open           ; open             ; open   ; 0 in             ; 0 H/in                 ; 0 F/in                 ; short        ; open          ; open            ; open  ; 0 V                 ; -                  ; n/a           ; n/a             ; n/a         ;
; cap_high_time[7]  ; 3.3-V LVTTL  ; 0 in              ; 0 H/in                  ; 0 F/in                  ; short         ; -                   ; open           ; open             ; open   ; 0 in             ; 0 H/in                 ; 0 F/in                 ; short        ; open          ; open            ; open  ; 0 V                 ; -                  ; n/a           ; n/a             ; n/a         ;
; cap_high_time[8]  ; 3.3-V LVTTL  ; 0 in              ; 0 H/in                  ; 0 F/in                  ; short         ; -                   ; open           ; open             ; open   ; 0 in             ; 0 H/in                 ; 0 F/in                 ; short        ; open          ; open            ; open  ; 0 V                 ; -                  ; n/a           ; n/a             ; n/a         ;
; cap_high_time[9]  ; 3.3-V LVTTL  ; 0 in              ; 0 H/in                  ; 0 F/in                  ; short         ; -                   ; open           ; open             ; open   ; 0 in             ; 0 H/in                 ; 0 F/in                 ; short        ; open          ; open            ; open  ; 0 V                 ; -                  ; n/a           ; n/a             ; n/a         ;
; cap_high_time[10] ; 3.3-V LVTTL  ; 0 in              ; 0 H/in                  ; 0 F/in                  ; short         ; -                   ; open           ; open             ; open   ; 0 in             ; 0 H/in                 ; 0 F/in                 ; short        ; open          ; open            ; open  ; 0 V                 ; -                  ; n/a           ; n/a             ; n/a         ;
; cap_high_time[11] ; 3.3-V LVTTL  ; 0 in              ; 0 H/in                  ; 0 F/in                  ; short         ; -                   ; open           ; open             ; open   ; 0 in             ; 0 H/in                 ; 0 F/in                 ; short        ; open          ; open            ; open  ; 0 V                 ; -                  ; n/a           ; n/a             ; n/a         ;
; cap_high_time[12] ; 3.3-V LVTTL  ; 0 in              ; 0 H/in                  ; 0 F/in                  ; short         ; -                   ; open           ; open             ; open   ; 0 in             ; 0 H/in                 ; 0 F/in                 ; short        ; open          ; open            ; open  ; 0 V                 ; -                  ; n/a           ; n/a             ; n/a         ;
; cap_high_time[13] ; 3.3-V LVTTL  ; 0 in              ; 0 H/in                  ; 0 F/in                  ; short         ; -                   ; open           ; open             ; open   ; 0 in             ; 0 H/in                 ; 0 F/in                 ; short        ; open          ; open            ; open  ; 0 V                 ; -                  ; n/a           ; n/a             ; n/a         ;
; cap_high_time[14] ; 3.3-V LVTTL  ; 0 in              ; 0 H/in                  ; 0 F/in                  ; short         ; -                   ; open           ; open             ; open   ; 0 in             ; 0 H/in                 ; 0 F/in                 ; short        ; open          ; open            ; open  ; 0 V                 ; -                  ; n/a           ; n/a             ; n/a         ;
; cap_high_time[15] ; 3.3-V LVTTL  ; 0 in              ; 0 H/in                  ; 0 F/in                  ; short         ; -                   ; open           ; open             ; open   ; 0 in             ; 0 H/in                 ; 0 F/in                 ; short        ; open          ; open            ; open  ; 0 V                 ; -                  ; n/a           ; n/a             ; n/a         ;
; cap_valid         ; 3.3-V LVTTL  ; 0 in              ; 0 H/in                  ; 0 F/in                  ; short         ; -                   ; open           ; open             ; open   ; 0 in             ; 0 H/in                 ; 0 F/in                 ; short        ; open          ; open            ; open  ; 0 V                 ; -                  ; n/a           ; n/a             ; n/a         ;
; pll_locked        ; 3.3-V LVTTL  ; 0 in              ; 0 H/in                  ; 0 F/in                  ; short         ; -                   ; open           ; open             ; open   ; 0 in             ; 0 H/in                 ; 0 F/in                 ; short        ; open          ; open            ; open  ; 0 V                 ; -                  ; n/a           ; n/a             ; n/a         ;
; ~ALTERA_DCLK~     ; 3.3-V LVTTL  ; 0 in              ; 0 H/in                  ; 0 F/in                  ; short         ; -                   ; open           ; open             ; open   ; 0 in             ; 0 H/in                 ; 0 F/in                 ; short        ; open          ; open            ; open  ; 0 V                 ; -                  ; n/a           ; n/a             ; n/a         ;
; ~ALTERA_nCEO~     ; 3.3-V LVTTL  ; 0 in              ; 0 H/in                  ; 0 F/in                  ; short         ; -                   ; open           ; open             ; open   ; 0 in             ; 0 H/in                 ; 0 F/in                 ; short        ; open          ; open            ; open  ; 0 V                 ; -                  ; n/a           ; n/a             ; n/a         ;
+-------------------+--------------+-------------------+-------------------------+-------------------------+---------------+---------------------+----------------+------------------+--------+------------------+------------------------+------------------------+--------------+---------------+-----------------+-------+---------------------+--------------------+---------------+-----------------+-------------+


+----------------------------------------------------------------------------+
; Input Transition Times                                                     ;
+-------------------------+--------------+-----------------+-----------------+
; Pin                     ; I/O Standard ; 10-90 Rise Time ; 90-10 Fall Time ;
+-------------------------+--------------+-----------------+-----------------+
; gates_in[12]            ; 3.3-V LVTTL  ; 2640 ps         ; 2640 ps         ;
; gates_in[13]            ; 3.3-V LVTTL  ; 2640 ps         ; 2640 ps         ;
; gates_in[14]            ; 3.3-V LVTTL  ; 2640 ps         ; 2640 ps         ;
; gates_in[15]            ; 3.3-V LVTTL  ; 2640 ps         ; 2640 ps         ;
; gates_in[16]            ; 3.3-V LVTTL  ; 2640 ps         ; 2640 ps         ;
; gates_in[17]            ; 3.3-V LVTTL  ; 2640 ps         ; 2640 ps         ;
; gates_in[18]            ; 3.3-V LVTTL  ; 2640 ps         ; 2640 ps         ;
; gates_in[19]            ; 3.3-V LVTTL  ; 2640 ps         ; 2640 ps         ;
; gates_in[20]            ; 3.3-V LVTTL  ; 2640 ps         ; 2640 ps         ;
; gates_in[21]            ; 3.3-V LVTTL  ; 2640 ps         ; 2640 ps         ;
; gates_in[22]            ; 3.3-V LVTTL  ; 2640 ps         ; 2640 ps         ;
; gates_in[23]            ; 3.3-V LVTTL  ; 2640 ps         ; 2640 ps         ;
; mod_a[0]                ; 3.3-V LVTTL  ; 2640 ps         ; 2640 ps         ;
; mod_a[1]                ; 3.3-V LVTTL  ; 2640 ps         ; 2640 ps         ;
; mod_a[2]                ; 3.3-V LVTTL  ; 2640 ps         ; 2640 ps         ;
; mod_a[3]                ; 3.3-V LVTTL  ; 2640 ps         ; 2640 ps         ;
; mod_a[4]                ; 3.3-V LVTTL  ; 2640 ps         ; 2640 ps         ;
; mod_a[5]                ; 3.3-V LVTTL  ; 2640 ps         ; 2640 ps         ;
; mod_a[6]                ; 3.3-V LVTTL  ; 2640 ps         ; 2640 ps         ;
; mod_a[7]                ; 3.3-V LVTTL  ; 2640 ps         ; 2640 ps         ;
; mod_a[8]                ; 3.3-V LVTTL  ; 2640 ps         ; 2640 ps         ;
; mod_a[9]                ; 3.3-V LVTTL  ; 2640 ps         ; 2640 ps         ;
; mod_a[10]               ; 3.3-V LVTTL  ; 2640 ps         ; 2640 ps         ;
; mod_a[11]               ; 3.3-V LVTTL  ; 2640 ps         ; 2640 ps         ;
; mod_a[12]               ; 3.3-V LVTTL  ; 2640 ps         ; 2640 ps         ;
; mod_a[13]               ; 3.3-V LVTTL  ; 2640 ps         ; 2640 ps         ;
; mod_a[14]               ; 3.3-V LVTTL  ; 2640 ps         ; 2640 ps         ;
; mod_a[15]               ; 3.3-V LVTTL  ; 2640 ps         ; 2640 ps         ;
; mod_b[0]                ; 3.3-V LVTTL  ; 2640 ps         ; 2640 ps         ;
; mod_b[1]                ; 3.3-V LVTTL  ; 2640 ps         ; 2640 ps         ;
; mod_b[2]                ; 3.3-V LVTTL  ; 2640 ps         ; 2640 ps         ;
; mod_b[3]                ; 3.3-V LVTTL  ; 2640 ps         ; 2640 ps         ;
; mod_b[4]                ; 3.3-V LVTTL  ; 2640 ps         ; 2640 ps         ;
; mod_b[5]                ; 3.3-V LVTTL  ; 2640 ps         ; 2640 ps         ;
; mod_b[6]                ; 3.3-V LVTTL  ; 2640 ps         ; 2640 ps         ;
; mod_b[7]                ; 3.3-V LVTTL  ; 2640 ps         ; 2640 ps         ;
; mod_b[8]                ; 3.3-V LVTTL  ; 2640 ps         ; 2640 ps         ;
; mod_b[9]                ; 3.3-V LVTTL  ; 2640 ps         ; 2640 ps         ;
; mod_b[10]               ; 3.3-V LVTTL  ; 2640 ps         ; 2640 ps         ;
; mod_b[11]               ; 3.3-V LVTTL  ; 2640 ps         ; 2640 ps         ;
; mod_b[12]               ; 3.3-V LVTTL  ; 2640 ps         ; 2640 ps         ;
; mod_b[13]               ; 3.3-V LVTTL  ; 2640 ps         ; 2640 ps         ;
; mod_b[14]               ; 3.3-V LVTTL  ; 2640 ps         ; 2640 ps         ;
; mod_b[15]               ; 3.3-V LVTTL  ; 2640 ps         ; 2640 ps         ;
; mod_c[0]                ; 3.3-V LVTTL  ; 2640 ps         ; 2640 ps         ;
; mod_c[1]                ; 3.3-V LVTTL  ; 2640 ps         ; 2640 ps         ;
; mod_c[2]                ; 3.3-V LVTTL  ; 2640 ps         ; 2640 ps         ;
; mod_c[3]                ; 3.3-V LVTTL  ; 2640 ps         ; 2640 ps         ;
; mod_c[4]                ; 3.3-V LVTTL  ; 2640 ps         ; 2640 ps         ;
; mod_c[5]                ; 3.3-V LVTTL  ; 2640 ps         ; 2640 ps         ;
; mod_c[6]                ; 3.3-V LVTTL  ; 2640 ps         ; 2640 ps         ;
; mod_c[7]                ; 3.3-V LVTTL  ; 2640 ps         ; 2640 ps         ;
; mod_c[8]                ; 3.3-V LVTTL  ; 2640 ps         ; 2640 ps         ;
; mod_c[9]                ; 3.3-V LVTTL  ; 2640 ps         ; 2640 ps         ;
; mod_c[10]               ; 3.3-V LVTTL  ; 2640 ps         ; 2640 ps         ;
; mod_c[11]               ; 3.3-V LVTTL  ; 2640 ps         ; 2640 ps         ;
; mod_c[12]               ; 3.3-V LVTTL  ; 2640 ps         ; 2640 ps         ;
; mod_c[13]               ; 3.3-V LVTTL  ; 2640 ps         ; 2640 ps         ;
; mod_c[14]               ; 3.3-V LVTTL  ; 2640 ps         ; 2640 ps         ;
; mod_c[15]               ; 3.3-V LVTTL  ; 2640 ps         ; 2640 ps         ;
; rst_n                   ; 3.3-V LVTTL  ; 2640 ps         ; 2640 ps         ;
; clk_50m                 ; 3.3-V LVTTL  ; 2640 ps         ; 2640 ps         ;
; gates_in[0]             ; 3.3-V LVTTL  ; 2640 ps         ; 2640 ps         ;
; gates_in[1]             ; 3.3-V LVTTL  ; 2640 ps         ; 2640 ps         ;
; gates_in[2]             ; 3.3-V LVTTL  ; 2640 ps         ; 2640 ps         ;
; gates_in[3]             ; 3.3-V LVTTL  ; 2640 ps         ; 2640 ps         ;
; gates_in[4]             ; 3.3-V LVTTL  ; 2640 ps         ; 2640 ps         ;
; gates_in[5]             ; 3.3-V LVTTL  ; 2640 ps         ; 2640 ps         ;
; gates_in[6]             ; 3.3-V LVTTL  ; 2640 ps         ; 2640 ps         ;
; gates_in[7]             ; 3.3-V LVTTL  ; 2640 ps         ; 2640 ps         ;
; gates_in[8]             ; 3.3-V LVTTL  ; 2640 ps         ; 2640 ps         ;
; gates_in[9]             ; 3.3-V LVTTL  ; 2640 ps         ; 2640 ps         ;
; gates_in[10]            ; 3.3-V LVTTL  ; 2640 ps         ; 2640 ps         ;
; gates_in[11]            ; 3.3-V LVTTL  ; 2640 ps         ; 2640 ps         ;
; pwm_cap_in              ; 3.3-V LVTTL  ; 2640 ps         ; 2640 ps         ;
; ~ALTERA_ASDO_DATA1~     ; 3.3-V LVTTL  ; 2640 ps         ; 2640 ps         ;
; ~ALTERA_FLASH_nCE_nCSO~ ; 3.3-V LVTTL  ; 2640 ps         ; 2640 ps         ;
; ~ALTERA_DATA0~          ; 3.3-V LVTTL  ; 2640 ps         ; 2640 ps         ;
+-------------------------+--------------+-----------------+-----------------+


+------------------------------------------------------------------------------------------------------------------------------------------------------------------------------------------------------------------------------------------------------------------------------------------------------------------------------------------------------------------------------------------------------------------------------------------------------------------------------------------------------------------------------------------------------------------------------------------------------------------------------------------------------------------------------------------------+
; Signal Integrity Metrics (Slow 1200mv 0c Model)                                                                                                                                                                                                                                                                                                                                                                                                                                                                                                                                                                                                                                                ;
+-------------------+--------------+---------------------+---------------------+------------------------------+------------------------------+---------------------+---------------------+--------------------------------------+--------------------------------------+-----------------------------+-----------------------------+----------------------------+----------------------------+-----------------------------+-----------------------------+--------------------+--------------------+-------------------------------------+-------------------------------------+----------------------------+----------------------------+---------------------------+---------------------------+
; Pin               ; I/O Standard ; Board Delay on Rise ; Board Delay on Fall ; Steady State Voh at FPGA Pin ; Steady State Vol at FPGA Pin ; Voh Max at FPGA Pin ; Vol Min at FPGA Pin ; Ringback Voltage on Rise at FPGA Pin ; Ringback Voltage on Fall at FPGA Pin ; 10-90 Rise Time at FPGA Pin ; 90-10 Fall Time at FPGA Pin ; Monotonic Rise at FPGA Pin ; Monotonic Fall at FPGA Pin ; Steady State Voh at Far-end ; Steady State Vol at Far-end ; Voh Max at Far-end ; Vol Min at Far-end ; Ringback Voltage on Rise at Far-end ; Ringback Voltage on Fall at Far-end ; 10-90 Rise Time at Far-end ; 90-10 Fall Time at Far-end ; Monotonic Rise at Far-end ; Monotonic Fall at Far-end ;
+-------------------+--------------+---------------------+---------------------+------------------------------+------------------------------+---------------------+---------------------+--------------------------------------+--------------------------------------+-----------------------------+-----------------------------+----------------------------+----------------------------+-----------------------------+-----------------------------+--------------------+--------------------+-------------------------------------+-------------------------------------+----------------------------+----------------------------+---------------------------+---------------------------+
; gates_out[0]      ; 3.3-V LVTTL  ; 0 s                 ; 0 s                 ; 3.08 V                       ; 8.89e-09 V                   ; 3.12 V              ; -0.11 V             ; 0.153 V                              ; 0.272 V                              ; 6.41e-10 s                  ; 4.57e-10 s                  ; No                         ; Yes                        ; 3.08 V                      ; 8.89e-09 V                  ; 3.12 V             ; -0.11 V            ; 0.153 V                             ; 0.272 V                             ; 6.41e-10 s                 ; 4.57e-10 s                 ; No                        ; Yes                       ;
; gates_out[1]      ; 3.3-V LVTTL  ; 0 s                 ; 0 s                 ; 3.08 V                       ; 8.89e-09 V                   ; 3.12 V              ; -0.11 V             ; 0.153 V                              ; 0.272 V                              ; 6.41e-10 s                  ; 4.57e-10 s                  ; No                         ; Yes                        ; 3.08 V                      ; 8.89e-09 V                  ; 3.12 V             ; -0.11 V            ; 0.153 V                             ; 0.272 V                             ; 6.41e-10 s                 ; 4.57e-10 s                 ; No                        ; Yes                       ;
; gates_out[2]      ; 3.3-V LVTTL  ; 0 s                 ; 0 s                 ; 3.08 V                       ; 8.89e-09 V                   ; 3.12 V              ; -0.11 V             ; 0.153 V                              ; 0.272 V                              ; 6.41e-10 s                  ; 4.57e-10 s                  ; No                         ; Yes                        ; 3.08 V                      ; 8.89e-09 V                  ; 3.12 V             ; -0.11 V            ; 0.153 V                             ; 0.272 V                             ; 6.41e-10 s                 ; 4.57e-10 s                 ; No                        ; Yes                       ;
; gates_out[3]      ; 3.3-V LVTTL  ; 0 s                 ; 0 s                 ; 3.08 V                       ; 8.89e-09 V                   ; 3.12 V              ; -0.11 V             ; 0.153 V                              ; 0.272 V                              ; 6.41e-10 s                  ; 4.57e-10 s                  ; No                         ; Yes                        ; 3.08 V                      ; 8.89e-09 V                  ; 3.12 V             ; -0.11 V            ; 0.153 V                             ; 0.272 V                             ; 6.41e-10 s                 ; 4.57e-10 s                 ; No                        ; Yes                       ;
; gates_out[4]      ; 3.3-V LVTTL  ; 0 s                 ; 0 s                 ; 3.08 V                       ; 8.89e-09 V                   ; 3.12 V              ; -0.11 V             ; 0.153 V                              ; 0.272 V                              ; 6.41e-10 s                  ; 4.57e-10 s                  ; No                         ; Yes                        ; 3.08 V                      ; 8.89e-09 V                  ; 3.12 V             ; -0.11 V            ; 0.153 V                             ; 0.272 V                             ; 6.41e-10 s                 ; 4.57e-10 s                 ; No                        ; Yes                       ;
; gates_out[5]      ; 3.3-V LVTTL  ; 0 s                 ; 0 s                 ; 3.08 V                       ; 6.38e-09 V                   ; 3.12 V              ; -0.0818 V           ; 0.205 V                              ; 0.244 V                              ; 8.86e-10 s                  ; 6.56e-10 s                  ; No                         ; No                         ; 3.08 V                      ; 6.38e-09 V                  ; 3.12 V             ; -0.0818 V          ; 0.205 V                             ; 0.244 V                             ; 8.86e-10 s                 ; 6.56e-10 s                 ; No                        ; No                        ;
; gates_out[6]      ; 3.3-V LVTTL  ; 0 s                 ; 0 s                 ; 3.08 V                       ; 6.38e-09 V                   ; 3.13 V              ; -0.117 V            ; 0.15 V                               ; 0.263 V                              ; 6.31e-10 s                  ; 4.46e-10 s                  ; No                         ; No                         ; 3.08 V                      ; 6.38e-09 V                  ; 3.13 V             ; -0.117 V           ; 0.15 V                              ; 0.263 V                             ; 6.31e-10 s                 ; 4.46e-10 s                 ; No                        ; No                        ;
; gates_out[7]      ; 3.3-V LVTTL  ; 0 s                 ; 0 s                 ; 3.08 V                       ; 6.38e-09 V                   ; 3.12 V              ; -0.0818 V           ; 0.205 V                              ; 0.244 V                              ; 8.86e-10 s                  ; 6.56e-10 s                  ; No                         ; No                         ; 3.08 V                      ; 6.38e-09 V                  ; 3.12 V             ; -0.0818 V          ; 0.205 V                             ; 0.244 V                             ; 8.86e-10 s                 ; 6.56e-10 s                 ; No                        ; No                        ;
; gates_out[8]      ; 3.3-V LVTTL  ; 0 s                 ; 0 s                 ; 3.08 V                       ; 6.38e-09 V                   ; 3.09 V              ; -0.011 V            ; 0.226 V                              ; 0.296 V                              ; 4.86e-09 s                  ; 3.55e-09 s                  ; Yes                        ; Yes                        ; 3.08 V                      ; 6.38e-09 V                  ; 3.09 V             ; -0.011 V           ; 0.226 V                             ; 0.296 V                             ; 4.86e-09 s                 ; 3.55e-09 s                 ; Yes                       ; Yes                       ;
; gates_out[9]      ; 3.3-V LVTTL  ; 0 s                 ; 0 s                 ; 3.08 V                       ; 6.38e-09 V                   ; 3.13 V              ; -0.117 V            ; 0.15 V                               ; 0.263 V                              ; 6.31e-10 s                  ; 4.46e-10 s                  ; No                         ; No                         ; 3.08 V                      ; 6.38e-09 V                  ; 3.13 V             ; -0.117 V           ; 0.15 V                              ; 0.263 V                             ; 6.31e-10 s                 ; 4.46e-10 s                 ; No                        ; No                        ;
; gates_out[10]     ; 3.3-V LVTTL  ; 0 s                 ; 0 s                 ; 3.08 V                       ; 8.89e-09 V                   ; 3.12 V              ; -0.11 V             ; 0.153 V                              ; 0.272 V                              ; 6.41e-10 s                  ; 4.57e-10 s                  ; No                         ; Yes                        ; 3.08 V                      ; 8.89e-09 V                  ; 3.12 V             ; -0.11 V            ; 0.153 V                             ; 0.272 V                             ; 6.41e-10 s                 ; 4.57e-10 s                 ; No                        ; Yes                       ;
; gates_out[11]     ; 3.3-V LVTTL  ; 0 s                 ; 0 s                 ; 3.08 V                       ; 8.89e-09 V                   ; 3.12 V              ; -0.11 V             ; 0.153 V                              ; 0.272 V                              ; 6.41e-10 s                  ; 4.57e-10 s                  ; No                         ; Yes                        ; 3.08 V                      ; 8.89e-09 V                  ; 3.12 V             ; -0.11 V            ; 0.153 V                             ; 0.272 V                             ; 6.41e-10 s                 ; 4.57e-10 s                 ; No                        ; Yes                       ;
; gates_out[12]     ; 3.3-V LVTTL  ; 0 s                 ; 0 s                 ; 3.08 V                       ; 8.89e-09 V                   ; 3.12 V              ; -0.11 V             ; 0.153 V                              ; 0.272 V                              ; 6.41e-10 s                  ; 4.57e-10 s                  ; No                         ; Yes                        ; 3.08 V                      ; 8.89e-09 V                  ; 3.12 V             ; -0.11 V            ; 0.153 V                             ; 0.272 V                             ; 6.41e-10 s                 ; 4.57e-10 s                 ; No                        ; Yes                       ;
; gates_out[13]     ; 3.3-V LVTTL  ; 0 s                 ; 0 s                 ; 3.08 V                       ; 8.89e-09 V                   ; 3.12 V              ; -0.11 V             ; 0.153 V                              ; 0.272 V                              ; 6.41e-10 s                  ; 4.57e-10 s                  ; No                         ; Yes                        ; 3.08 V                      ; 8.89e-09 V                  ; 3.12 V             ; -0.11 V            ; 0.153 V                             ; 0.272 V                             ; 6.41e-10 s                 ; 4.57e-10 s                 ; No                        ; Yes                       ;
; gates_out[14]     ; 3.3-V LVTTL  ; 0 s                 ; 0 s                 ; 3.08 V                       ; 8.89e-09 V                   ; 3.12 V              ; -0.11 V             ; 0.153 V                              ; 0.272 V                              ; 6.41e-10 s                  ; 4.57e-10 s                  ; No                         ; Yes                        ; 3.08 V                      ; 8.89e-09 V                  ; 3.12 V             ; -0.11 V            ; 0.153 V                             ; 0.272 V                             ; 6.41e-10 s                 ; 4.57e-10 s                 ; No                        ; Yes                       ;
; gates_out[15]     ; 3.3-V LVTTL  ; 0 s                 ; 0 s                 ; 3.08 V                       ; 8.89e-09 V                   ; 3.12 V              ; -0.11 V             ; 0.153 V                              ; 0.272 V                              ; 6.41e-10 s                  ; 4.57e-10 s                  ; No                         ; Yes                        ; 3.08 V                      ; 8.89e-09 V                  ; 3.12 V             ; -0.11 V            ; 0.153 V                             ; 0.272 V                             ; 6.41e-10 s                 ; 4.57e-10 s                 ; No                        ; Yes                       ;
; gates_out[16]     ; 3.3-V LVTTL  ; 0 s                 ; 0 s                 ; 3.08 V                       ; 6.38e-09 V                   ; 3.12 V              ; -0.0818 V           ; 0.205 V                              ; 0.244 V                              ; 8.86e-10 s                  ; 6.56e-10 s                  ; No                         ; No                         ; 3.08 V                      ; 6.38e-09 V                  ; 3.12 V             ; -0.0818 V          ; 0.205 V                             ; 0.244 V                             ; 8.86e-10 s                 ; 6.56e-10 s                 ; No                        ; No                        ;
; gates_out[17]     ; 3.3-V LVTTL  ; 0 s                 ; 0 s                 ; 3.08 V                       ; 8.89e-09 V                   ; 3.12 V              ; -0.11 V             ; 0.153 V                              ; 0.272 V                              ; 6.41e-10 s                  ; 4.57e-10 s                  ; No                         ; Yes                        ; 3.08 V                      ; 8.89e-09 V                  ; 3.12 V             ; -0.11 V            ; 0.153 V                             ; 0.272 V                             ; 6.41e-10 s                 ; 4.57e-10 s                 ; No                        ; Yes                       ;
; gates_out[18]     ; 3.3-V LVTTL  ; 0 s                 ; 0 s                 ; 3.08 V                       ; 6.38e-09 V                   ; 3.12 V              ; -0.0818 V           ; 0.205 V                              ; 0.244 V                              ; 8.86e-10 s                  ; 6.56e-10 s                  ; No                         ; No                         ; 3.08 V                      ; 6.38e-09 V                  ; 3.12 V             ; -0.0818 V          ; 0.205 V                             ; 0.244 V                             ; 8.86e-10 s                 ; 6.56e-10 s                 ; No                        ; No                        ;
; gates_out[19]     ; 3.3-V LVTTL  ; 0 s                 ; 0 s                 ; 3.08 V                       ; 6.38e-09 V                   ; 3.12 V              ; -0.0818 V           ; 0.205 V                              ; 0.244 V                              ; 8.86e-10 s                  ; 6.56e-10 s                  ; No                         ; No                         ; 3.08 V                      ; 6.38e-09 V                  ; 3.12 V             ; -0.0818 V          ; 0.205 V                             ; 0.244 V                             ; 8.86e-10 s                 ; 6.56e-10 s                 ; No                        ; No                        ;
; gates_out[20]     ; 3.3-V LVTTL  ; 0 s                 ; 0 s                 ; 3.08 V                       ; 6.38e-09 V                   ; 3.13 V              ; -0.117 V            ; 0.15 V                               ; 0.263 V                              ; 6.31e-10 s                  ; 4.46e-10 s                  ; No                         ; No                         ; 3.08 V                      ; 6.38e-09 V                  ; 3.13 V             ; -0.117 V           ; 0.15 V                              ; 0.263 V                             ; 6.31e-10 s                 ; 4.46e-10 s                 ; No                        ; No                        ;
; gates_out[21]     ; 3.3-V LVTTL  ; 0 s                 ; 0 s                 ; 3.08 V                       ; 8.89e-09 V                   ; 3.12 V              ; -0.11 V             ; 0.153 V                              ; 0.272 V                              ; 6.41e-10 s                  ; 4.57e-10 s                  ; No                         ; Yes                        ; 3.08 V                      ; 8.89e-09 V                  ; 3.12 V             ; -0.11 V            ; 0.153 V                             ; 0.272 V                             ; 6.41e-10 s                 ; 4.57e-10 s                 ; No                        ; Yes                       ;
; gates_out[22]     ; 3.3-V LVTTL  ; 0 s                 ; 0 s                 ; 3.08 V                       ; 6.38e-09 V                   ; 3.12 V              ; -0.0818 V           ; 0.205 V                              ; 0.244 V                              ; 8.86e-10 s                  ; 6.56e-10 s                  ; No                         ; No                         ; 3.08 V                      ; 6.38e-09 V                  ; 3.12 V             ; -0.0818 V          ; 0.205 V                             ; 0.244 V                             ; 8.86e-10 s                 ; 6.56e-10 s                 ; No                        ; No                        ;
; gates_out[23]     ; 3.3-V LVTTL  ; 0 s                 ; 0 s                 ; 3.08 V                       ; 6.38e-09 V                   ; 3.12 V              ; -0.0818 V           ; 0.205 V                              ; 0.244 V                              ; 8.86e-10 s                  ; 6.56e-10 s                  ; No                         ; No                         ; 3.08 V                      ; 6.38e-09 V                  ; 3.12 V             ; -0.0818 V          ; 0.205 V                             ; 0.244 V                             ; 8.86e-10 s                 ; 6.56e-10 s                 ; No                        ; No                        ;
; cap_period[0]     ; 3.3-V LVTTL  ; 0 s                 ; 0 s                 ; 3.08 V                       ; 8.89e-09 V                   ; 3.12 V              ; -0.11 V             ; 0.153 V                              ; 0.272 V                              ; 6.41e-10 s                  ; 4.57e-10 s                  ; No                         ; Yes                        ; 3.08 V                      ; 8.89e-09 V                  ; 3.12 V             ; -0.11 V            ; 0.153 V                             ; 0.272 V                             ; 6.41e-10 s                 ; 4.57e-10 s                 ; No                        ; Yes                       ;
; cap_period[1]     ; 3.3-V LVTTL  ; 0 s                 ; 0 s                 ; 3.08 V                       ; 6.38e-09 V                   ; 3.12 V              ; -0.0818 V           ; 0.205 V                              ; 0.244 V                              ; 8.86e-10 s                  ; 6.56e-10 s                  ; No                         ; No                         ; 3.08 V                      ; 6.38e-09 V                  ; 3.12 V             ; -0.0818 V          ; 0.205 V                             ; 0.244 V                             ; 8.86e-10 s                 ; 6.56e-10 s                 ; No                        ; No                        ;
; cap_period[2]     ; 3.3-V LVTTL  ; 0 s                 ; 0 s                 ; 3.08 V                       ; 8.89e-09 V                   ; 3.12 V              ; -0.11 V             ; 0.153 V                              ; 0.272 V                              ; 6.41e-10 s                  ; 4.57e-10 s                  ; No                         ; Yes                        ; 3.08 V                      ; 8.89e-09 V                  ; 3.12 V             ; -0.11 V            ; 0.153 V                             ; 0.272 V                             ; 6.41e-10 s                 ; 4.57e-10 s                 ; No                        ; Yes                       ;
; cap_period[3]     ; 3.3-V LVTTL  ; 0 s                 ; 0 s                 ; 3.08 V                       ; 8.89e-09 V                   ; 3.12 V              ; -0.11 V             ; 0.153 V                              ; 0.272 V                              ; 6.41e-10 s                  ; 4.57e-10 s                  ; No                         ; Yes                        ; 3.08 V                      ; 8.89e-09 V                  ; 3.12 V             ; -0.11 V            ; 0.153 V                             ; 0.272 V                             ; 6.41e-10 s                 ; 4.57e-10 s                 ; No                        ; Yes                       ;
; cap_period[4]     ; 3.3-V LVTTL  ; 0 s                 ; 0 s                 ; 3.08 V                       ; 8.89e-09 V                   ; 3.12 V              ; -0.11 V             ; 0.153 V                              ; 0.272 V                              ; 6.41e-10 s                  ; 4.57e-10 s                  ; No                         ; Yes                        ; 3.08 V                      ; 8.89e-09 V                  ; 3.12 V             ; -0.11 V            ; 0.153 V                             ; 0.272 V                             ; 6.41e-10 s                 ; 4.57e-10 s                 ; No                        ; Yes                       ;
; cap_period[5]     ; 3.3-V LVTTL  ; 0 s                 ; 0 s                 ; 3.08 V                       ; 8.89e-09 V                   ; 3.12 V              ; -0.11 V             ; 0.153 V                              ; 0.272 V                              ; 6.41e-10 s                  ; 4.57e-10 s                  ; No                         ; Yes                        ; 3.08 V                      ; 8.89e-09 V                  ; 3.12 V             ; -0.11 V            ; 0.153 V                             ; 0.272 V                             ; 6.41e-10 s                 ; 4.57e-10 s                 ; No                        ; Yes                       ;
; cap_period[6]     ; 3.3-V LVTTL  ; 0 s                 ; 0 s                 ; 3.08 V                       ; 8.89e-09 V                   ; 3.12 V              ; -0.11 V             ; 0.153 V                              ; 0.272 V                              ; 6.41e-10 s                  ; 4.57e-10 s                  ; No                         ; Yes                        ; 3.08 V                      ; 8.89e-09 V                  ; 3.12 V             ; -0.11 V            ; 0.153 V                             ; 0.272 V                             ; 6.41e-10 s                 ; 4.57e-10 s                 ; No                        ; Yes                       ;
; cap_period[7]     ; 3.3-V LVTTL  ; 0 s                 ; 0 s                 ; 3.08 V                       ; 8.89e-09 V                   ; 3.12 V              ; -0.11 V             ; 0.153 V                              ; 0.272 V                              ; 6.41e-10 s                  ; 4.57e-10 s                  ; No                         ; Yes                        ; 3.08 V                      ; 8.89e-09 V                  ; 3.12 V             ; -0.11 V            ; 0.153 V                             ; 0.272 V                             ; 6.41e-10 s                 ; 4.57e-10 s                 ; No                        ; Yes                       ;
; cap_period[8]     ; 3.3-V LVTTL  ; 0 s                 ; 0 s                 ; 3.08 V                       ; 8.89e-09 V                   ; 3.12 V              ; -0.11 V             ; 0.153 V                              ; 0.272 V                              ; 6.41e-10 s                  ; 4.57e-10 s                  ; No                         ; Yes                        ; 3.08 V                      ; 8.89e-09 V                  ; 3.12 V             ; -0.11 V            ; 0.153 V                             ; 0.272 V                             ; 6.41e-10 s                 ; 4.57e-10 s                 ; No                        ; Yes                       ;
; cap_period[9]     ; 3.3-V LVTTL  ; 0 s                 ; 0 s                 ; 3.08 V                       ; 8.89e-09 V                   ; 3.12 V              ; -0.11 V             ; 0.153 V                              ; 0.272 V                              ; 6.41e-10 s                  ; 4.57e-10 s                  ; No                         ; Yes                        ; 3.08 V                      ; 8.89e-09 V                  ; 3.12 V             ; -0.11 V            ; 0.153 V                             ; 0.272 V                             ; 6.41e-10 s                 ; 4.57e-10 s                 ; No                        ; Yes                       ;
; cap_period[10]    ; 3.3-V LVTTL  ; 0 s                 ; 0 s                 ; 3.08 V                       ; 8.89e-09 V                   ; 3.12 V              ; -0.11 V             ; 0.153 V                              ; 0.272 V                              ; 6.41e-10 s                  ; 4.57e-10 s                  ; No                         ; Yes                        ; 3.08 V                      ; 8.89e-09 V                  ; 3.12 V             ; -0.11 V            ; 0.153 V                             ; 0.272 V                             ; 6.41e-10 s                 ; 4.57e-10 s                 ; No                        ; Yes                       ;
; cap_period[11]    ; 3.3-V LVTTL  ; 0 s                 ; 0 s                 ; 3.08 V                       ; 8.89e-09 V                   ; 3.12 V              ; -0.11 V             ; 0.153 V                              ; 0.272 V                              ; 6.41e-10 s                  ; 4.57e-10 s                  ; No                         ; Yes                        ; 3.08 V                      ; 8.89e-09 V                  ; 3.12 V             ; -0.11 V            ; 0.153 V                             ; 0.272 V                             ; 6.41e-10 s                 ; 4.57e-10 s                 ; No                        ; Yes                       ;
; cap_period[12]    ; 3.3-V LVTTL  ; 0 s                 ; 0 s                 ; 3.08 V                       ; 8.89e-09 V                   ; 3.12 V              ; -0.11 V             ; 0.153 V                              ; 0.272 V                              ; 6.41e-10 s                  ; 4.57e-10 s                  ; No                         ; Yes                        ; 3.08 V                      ; 8.89e-09 V                  ; 3.12 V             ; -0.11 V            ; 0.153 V                             ; 0.272 V                             ; 6.41e-10 s                 ; 4.57e-10 s                 ; No                        ; Yes                       ;
; cap_period[13]    ; 3.3-V LVTTL  ; 0 s                 ; 0 s                 ; 3.08 V                       ; 8.89e-09 V                   ; 3.12 V              ; -0.11 V             ; 0.153 V                              ; 0.272 V                              ; 6.41e-10 s                  ; 4.57e-10 s                  ; No                         ; Yes                        ; 3.08 V                      ; 8.89e-09 V                  ; 3.12 V             ; -0.11 V            ; 0.153 V                             ; 0.272 V                             ; 6.41e-10 s                 ; 4.57e-10 s                 ; No                        ; Yes                       ;
; cap_period[14]    ; 3.3-V LVTTL  ; 0 s                 ; 0 s                 ; 3.08 V                       ; 8.89e-09 V                   ; 3.12 V              ; -0.11 V             ; 0.153 V                              ; 0.272 V                              ; 6.41e-10 s                  ; 4.57e-10 s                  ; No                         ; Yes                        ; 3.08 V                      ; 8.89e-09 V                  ; 3.12 V             ; -0.11 V            ; 0.153 V                             ; 0.272 V                             ; 6.41e-10 s                 ; 4.57e-10 s                 ; No                        ; Yes                       ;
; cap_period[15]    ; 3.3-V LVTTL  ; 0 s                 ; 0 s                 ; 3.08 V                       ; 8.89e-09 V                   ; 3.12 V              ; -0.11 V             ; 0.153 V                              ; 0.272 V                              ; 6.41e-10 s                  ; 4.57e-10 s                  ; No                         ; Yes                        ; 3.08 V                      ; 8.89e-09 V                  ; 3.12 V             ; -0.11 V            ; 0.153 V                             ; 0.272 V                             ; 6.41e-10 s                 ; 4.57e-10 s                 ; No                        ; Yes                       ;
; cap_high_time[0]  ; 3.3-V LVTTL  ; 0 s                 ; 0 s                 ; 3.08 V                       ; 8.89e-09 V                   ; 3.12 V              ; -0.11 V             ; 0.153 V                              ; 0.272 V                              ; 6.41e-10 s                  ; 4.57e-10 s                  ; No                         ; Yes                        ; 3.08 V                      ; 8.89e-09 V                  ; 3.12 V             ; -0.11 V            ; 0.153 V                             ; 0.272 V                             ; 6.41e-10 s                 ; 4.57e-10 s                 ; No                        ; Yes                       ;
; cap_high_time[1]  ; 3.3-V LVTTL  ; 0 s                 ; 0 s                 ; 3.08 V                       ; 8.89e-09 V                   ; 3.12 V              ; -0.11 V             ; 0.153 V                              ; 0.272 V                              ; 6.41e-10 s                  ; 4.57e-10 s                  ; No                         ; Yes                        ; 3.08 V                      ; 8.89e-09 V                  ; 3.12 V             ; -0.11 V            ; 0.153 V                             ; 0.272 V                             ; 6.41e-10 s                 ; 4.57e-10 s                 ; No                        ; Yes                       ;
; cap_high_time[2]  ; 3.3-V LVTTL  ; 0 s                 ; 0 s                 ; 3.08 V                       ; 8.89e-09 V                   ; 3.12 V              ; -0.11 V             ; 0.153 V                              ; 0.272 V                              ; 6.41e-10 s                  ; 4.57e-10 s                  ; No                         ; Yes                        ; 3.08 V                      ; 8.89e-09 V                  ; 3.12 V             ; -0.11 V            ; 0.153 V                             ; 0.272 V                             ; 6.41e-10 s                 ; 4.57e-10 s                 ; No                        ; Yes                       ;
; cap_high_time[3]  ; 3.3-V LVTTL  ; 0 s                 ; 0 s                 ; 3.08 V                       ; 8.89e-09 V                   ; 3.12 V              ; -0.11 V             ; 0.153 V                              ; 0.272 V                              ; 6.41e-10 s                  ; 4.57e-10 s                  ; No                         ; Yes                        ; 3.08 V                      ; 8.89e-09 V                  ; 3.12 V             ; -0.11 V            ; 0.153 V                             ; 0.272 V                             ; 6.41e-10 s                 ; 4.57e-10 s                 ; No                        ; Yes                       ;
; cap_high_time[4]  ; 3.3-V LVTTL  ; 0 s                 ; 0 s                 ; 3.08 V                       ; 8.89e-09 V                   ; 3.12 V              ; -0.11 V             ; 0.153 V                              ; 0.272 V                              ; 6.41e-10 s                  ; 4.57e-10 s                  ; No                         ; Yes                        ; 3.08 V                      ; 8.89e-09 V                  ; 3.12 V             ; -0.11 V            ; 0.153 V                             ; 0.272 V                             ; 6.41e-10 s                 ; 4.57e-10 s                 ; No                        ; Yes                       ;
; cap_high_time[5]  ; 3.3-V LVTTL  ; 0 s                 ; 0 s                 ; 3.08 V                       ; 6.38e-09 V                   ; 3.09 V              ; -0.011 V            ; 0.226 V                              ; 0.296 V                              ; 4.86e-09 s                  ; 3.55e-09 s                  ; Yes                        ; Yes                        ; 3.08 V                      ; 6.38e-09 V                  ; 3.09 V             ; -0.011 V           ; 0.226 V                             ; 0.296 V                             ; 4.86e-09 s                 ; 3.55e-09 s                 ; Yes                       ; Yes                       ;
; cap_high_time[6]  ; 3.3-V LVTTL  ; 0 s                 ; 0 s                 ; 3.08 V                       ; 8.89e-09 V                   ; 3.12 V              ; -0.11 V             ; 0.153 V                              ; 0.272 V                              ; 6.41e-10 s                  ; 4.57e-10 s                  ; No                         ; Yes                        ; 3.08 V                      ; 8.89e-09 V                  ; 3.12 V             ; -0.11 V            ; 0.153 V                             ; 0.272 V                             ; 6.41e-10 s                 ; 4.57e-10 s                 ; No                        ; Yes                       ;
; cap_high_time[7]  ; 3.3-V LVTTL  ; 0 s                 ; 0 s                 ; 3.08 V                       ; 8.89e-09 V                   ; 3.12 V              ; -0.11 V             ; 0.153 V                              ; 0.272 V                              ; 6.41e-10 s                  ; 4.57e-10 s                  ; No                         ; Yes                        ; 3.08 V                      ; 8.89e-09 V                  ; 3.12 V             ; -0.11 V            ; 0.153 V                             ; 0.272 V                             ; 6.41e-10 s                 ; 4.57e-10 s                 ; No                        ; Yes                       ;
; cap_high_time[8]  ; 3.3-V LVTTL  ; 0 s                 ; 0 s                 ; 3.08 V                       ; 8.89e-09 V                   ; 3.09 V              ; -0.011 V            ; 0.196 V                              ; 0.301 V                              ; 4.93e-09 s                  ; 3.56e-09 s                  ; Yes                        ; Yes                        ; 3.08 V                      ; 8.89e-09 V                  ; 3.09 V             ; -0.011 V           ; 0.196 V                             ; 0.301 V                             ; 4.93e-09 s                 ; 3.56e-09 s                 ; Yes                       ; Yes                       ;
; cap_high_time[9]  ; 3.3-V LVTTL  ; 0 s                 ; 0 s                 ; 3.08 V                       ; 8.89e-09 V                   ; 3.12 V              ; -0.11 V             ; 0.153 V                              ; 0.272 V                              ; 6.41e-10 s                  ; 4.57e-10 s                  ; No                         ; Yes                        ; 3.08 V                      ; 8.89e-09 V                  ; 3.12 V             ; -0.11 V            ; 0.153 V                             ; 0.272 V                             ; 6.41e-10 s                 ; 4.57e-10 s                 ; No                        ; Yes                       ;
; cap_high_time[10] ; 3.3-V LVTTL  ; 0 s                 ; 0 s                 ; 3.08 V                       ; 8.89e-09 V                   ; 3.12 V              ; -0.11 V             ; 0.153 V                              ; 0.272 V                              ; 6.41e-10 s                  ; 4.57e-10 s                  ; No                         ; Yes                        ; 3.08 V                      ; 8.89e-09 V                  ; 3.12 V             ; -0.11 V            ; 0.153 V                             ; 0.272 V                             ; 6.41e-10 s                 ; 4.57e-10 s                 ; No                        ; Yes                       ;
; cap_high_time[11] ; 3.3-V LVTTL  ; 0 s                 ; 0 s                 ; 3.08 V                       ; 8.89e-09 V                   ; 3.12 V              ; -0.11 V             ; 0.153 V                              ; 0.272 V                              ; 6.41e-10 s                  ; 4.57e-10 s                  ; No                         ; Yes                        ; 3.08 V                      ; 8.89e-09 V                  ; 3.12 V             ; -0.11 V            ; 0.153 V                             ; 0.272 V                             ; 6.41e-10 s                 ; 4.57e-10 s                 ; No                        ; Yes                       ;
; cap_high_time[12] ; 3.3-V LVTTL  ; 0 s                 ; 0 s                 ; 3.08 V                       ; 8.89e-09 V                   ; 3.12 V              ; -0.11 V             ; 0.153 V                              ; 0.272 V                              ; 6.41e-10 s                  ; 4.57e-10 s                  ; No                         ; Yes                        ; 3.08 V                      ; 8.89e-09 V                  ; 3.12 V             ; -0.11 V            ; 0.153 V                             ; 0.272 V                             ; 6.41e-10 s                 ; 4.57e-10 s                 ; No                        ; Yes                       ;
; cap_high_time[13] ; 3.3-V LVTTL  ; 0 s                 ; 0 s                 ; 3.08 V                       ; 8.89e-09 V                   ; 3.12 V              ; -0.11 V             ; 0.153 V                              ; 0.272 V                              ; 6.41e-10 s                  ; 4.57e-10 s                  ; No                         ; Yes                        ; 3.08 V                      ; 8.89e-09 V                  ; 3.12 V             ; -0.11 V            ; 0.153 V                             ; 0.272 V                             ; 6.41e-10 s                 ; 4.57e-10 s                 ; No                        ; Yes                       ;
; cap_high_time[14] ; 3.3-V LVTTL  ; 0 s                 ; 0 s                 ; 3.08 V                       ; 8.89e-09 V                   ; 3.12 V              ; -0.11 V             ; 0.153 V                              ; 0.272 V                              ; 6.41e-10 s                  ; 4.57e-10 s                  ; No                         ; Yes                        ; 3.08 V                      ; 8.89e-09 V                  ; 3.12 V             ; -0.11 V            ; 0.153 V                             ; 0.272 V                             ; 6.41e-10 s                 ; 4.57e-10 s                 ; No                        ; Yes                       ;
; cap_high_time[15] ; 3.3-V LVTTL  ; 0 s                 ; 0 s                 ; 3.08 V                       ; 6.38e-09 V                   ; 3.12 V              ; -0.0818 V           ; 0.205 V                              ; 0.244 V                              ; 8.86e-10 s                  ; 6.56e-10 s                  ; No                         ; No                         ; 3.08 V                      ; 6.38e-09 V                  ; 3.12 V             ; -0.0818 V          ; 0.205 V                             ; 0.244 V                             ; 8.86e-10 s                 ; 6.56e-10 s                 ; No                        ; No                        ;
; cap_valid         ; 3.3-V LVTTL  ; 0 s                 ; 0 s                 ; 3.08 V                       ; 8.89e-09 V                   ; 3.09 V              ; -0.011 V            ; 0.196 V                              ; 0.301 V                              ; 4.93e-09 s                  ; 3.56e-09 s                  ; Yes                        ; Yes                        ; 3.08 V                      ; 8.89e-09 V                  ; 3.09 V             ; -0.011 V           ; 0.196 V                             ; 0.301 V                             ; 4.93e-09 s                 ; 3.56e-09 s                 ; Yes                       ; Yes                       ;
; pll_locked        ; 3.3-V LVTTL  ; 0 s                 ; 0 s                 ; 3.08 V                       ; 8.89e-09 V                   ; 3.12 V              ; -0.11 V             ; 0.153 V                              ; 0.272 V                              ; 6.41e-10 s                  ; 4.57e-10 s                  ; No                         ; Yes                        ; 3.08 V                      ; 8.89e-09 V                  ; 3.12 V             ; -0.11 V            ; 0.153 V                             ; 0.272 V                             ; 6.41e-10 s                 ; 4.57e-10 s                 ; No                        ; Yes                       ;
; ~ALTERA_DCLK~     ; 3.3-V LVTTL  ; 0 s                 ; 0 s                 ; 3.08 V                       ; 3.51e-09 V                   ; 3.18 V              ; -0.157 V            ; 0.147 V                              ; 0.259 V                              ; 2.81e-10 s                  ; 2.53e-10 s                  ; Yes                        ; Yes                        ; 3.08 V                      ; 3.51e-09 V                  ; 3.18 V             ; -0.157 V           ; 0.147 V                             ; 0.259 V                             ; 2.81e-10 s                 ; 2.53e-10 s                 ; Yes                       ; Yes                       ;
; ~ALTERA_nCEO~     ; 3.3-V LVTTL  ; 0 s                 ; 0 s                 ; 3.08 V                       ; 6.38e-09 V                   ; 3.12 V              ; -0.0818 V           ; 0.205 V                              ; 0.244 V                              ; 8.86e-10 s                  ; 6.56e-10 s                  ; No                         ; No                         ; 3.08 V                      ; 6.38e-09 V                  ; 3.12 V             ; -0.0818 V          ; 0.205 V                             ; 0.244 V                             ; 8.86e-10 s                 ; 6.56e-10 s                 ; No                        ; No                        ;
+-------------------+--------------+---------------------+---------------------+------------------------------+------------------------------+---------------------+---------------------+--------------------------------------+--------------------------------------+-----------------------------+-----------------------------+----------------------------+----------------------------+-----------------------------+-----------------------------+--------------------+--------------------+-------------------------------------+-------------------------------------+----------------------------+----------------------------+---------------------------+---------------------------+


+------------------------------------------------------------------------------------------------------------------------------------------------------------------------------------------------------------------------------------------------------------------------------------------------------------------------------------------------------------------------------------------------------------------------------------------------------------------------------------------------------------------------------------------------------------------------------------------------------------------------------------------------------------------------------------------------+
; Signal Integrity Metrics (Slow 1200mv 85c Model)                                                                                                                                                                                                                                                                                                                                                                                                                                                                                                                                                                                                                                               ;
+-------------------+--------------+---------------------+---------------------+------------------------------+------------------------------+---------------------+---------------------+--------------------------------------+--------------------------------------+-----------------------------+-----------------------------+----------------------------+----------------------------+-----------------------------+-----------------------------+--------------------+--------------------+-------------------------------------+-------------------------------------+----------------------------+----------------------------+---------------------------+---------------------------+
; Pin               ; I/O Standard ; Board Delay on Rise ; Board Delay on Fall ; Steady State Voh at FPGA Pin ; Steady State Vol at FPGA Pin ; Voh Max at FPGA Pin ; Vol Min at FPGA Pin ; Ringback Voltage on Rise at FPGA Pin ; Ringback Voltage on Fall at FPGA Pin ; 10-90 Rise Time at FPGA Pin ; 90-10 Fall Time at FPGA Pin ; Monotonic Rise at FPGA Pin ; Monotonic Fall at FPGA Pin ; Steady State Voh at Far-end ; Steady State Vol at Far-end ; Voh Max at Far-end ; Vol Min at Far-end ; Ringback Voltage on Rise at Far-end ; Ringback Voltage on Fall at Far-end ; 10-90 Rise Time at Far-end ; 90-10 Fall Time at Far-end ; Monotonic Rise at Far-end ; Monotonic Fall at Far-end ;
+-------------------+--------------+---------------------+---------------------+------------------------------+------------------------------+---------------------+---------------------+--------------------------------------+--------------------------------------+-----------------------------+-----------------------------+----------------------------+----------------------------+-----------------------------+-----------------------------+--------------------+--------------------+-------------------------------------+-------------------------------------+----------------------------+----------------------------+---------------------------+---------------------------+
; gates_out[0]      ; 3.3-V LVTTL  ; 0 s                 ; 0 s                 ; 3.08 V                       ; 7.5e-07 V                    ; 3.11 V              ; -0.0503 V           ; 0.122 V                              ; 0.172 V                              ; 7.08e-10 s                  ; 6.43e-10 s                  ; Yes                        ; Yes                        ; 3.08 V                      ; 7.5e-07 V                   ; 3.11 V             ; -0.0503 V          ; 0.122 V                             ; 0.172 V                             ; 7.08e-10 s                 ; 6.43e-10 s                 ; Yes                       ; Yes                       ;
; gates_out[1]      ; 3.3-V LVTTL  ; 0 s                 ; 0 s                 ; 3.08 V                       ; 7.5e-07 V                    ; 3.11 V              ; -0.0503 V           ; 0.122 V                              ; 0.172 V                              ; 7.08e-10 s                  ; 6.43e-10 s                  ; Yes                        ; Yes                        ; 3.08 V                      ; 7.5e-07 V                   ; 3.11 V             ; -0.0503 V          ; 0.122 V                             ; 0.172 V                             ; 7.08e-10 s                 ; 6.43e-10 s                 ; Yes                       ; Yes                       ;
; gates_out[2]      ; 3.3-V LVTTL  ; 0 s                 ; 0 s                 ; 3.08 V                       ; 7.5e-07 V                    ; 3.11 V              ; -0.0503 V           ; 0.122 V                              ; 0.172 V                              ; 7.08e-10 s                  ; 6.43e-10 s                  ; Yes                        ; Yes                        ; 3.08 V                      ; 7.5e-07 V                   ; 3.11 V             ; -0.0503 V          ; 0.122 V                             ; 0.172 V                             ; 7.08e-10 s                 ; 6.43e-10 s                 ; Yes                       ; Yes                       ;
; gates_out[3]      ; 3.3-V LVTTL  ; 0 s                 ; 0 s                 ; 3.08 V                       ; 7.5e-07 V                    ; 3.11 V              ; -0.0503 V           ; 0.122 V                              ; 0.172 V                              ; 7.08e-10 s                  ; 6.43e-10 s                  ; Yes                        ; Yes                        ; 3.08 V                      ; 7.5e-07 V                   ; 3.11 V             ; -0.0503 V          ; 0.122 V                             ; 0.172 V                             ; 7.08e-10 s                 ; 6.43e-10 s                 ; Yes                       ; Yes                       ;
; gates_out[4]      ; 3.3-V LVTTL  ; 0 s                 ; 0 s                 ; 3.08 V                       ; 7.5e-07 V                    ; 3.11 V              ; -0.0503 V           ; 0.122 V                              ; 0.172 V                              ; 7.08e-10 s                  ; 6.43e-10 s                  ; Yes                        ; Yes                        ; 3.08 V                      ; 7.5e-07 V                   ; 3.11 V             ; -0.0503 V          ; 0.122 V                             ; 0.172 V                             ; 7.08e-10 s                 ; 6.43e-10 s                 ; Yes                       ; Yes                       ;
; gates_out[5]      ; 3.3-V LVTTL  ; 0 s                 ; 0 s                 ; 3.08 V                       ; 5.04e-07 V                   ; 3.11 V              ; -0.0469 V           ; 0.191 V                              ; 0.215 V                              ; 1.08e-09 s                  ; 8.62e-10 s                  ; Yes                        ; No                         ; 3.08 V                      ; 5.04e-07 V                  ; 3.11 V             ; -0.0469 V          ; 0.191 V                             ; 0.215 V                             ; 1.08e-09 s                 ; 8.62e-10 s                 ; Yes                       ; No                        ;
; gates_out[6]      ; 3.3-V LVTTL  ; 0 s                 ; 0 s                 ; 3.08 V                       ; 5.04e-07 V                   ; 3.11 V              ; -0.0624 V           ; 0.233 V                              ; 0.172 V                              ; 6.86e-10 s                  ; 6.33e-10 s                  ; Yes                        ; No                         ; 3.08 V                      ; 5.04e-07 V                  ; 3.11 V             ; -0.0624 V          ; 0.233 V                             ; 0.172 V                             ; 6.86e-10 s                 ; 6.33e-10 s                 ; Yes                       ; No                        ;
; gates_out[7]      ; 3.3-V LVTTL  ; 0 s                 ; 0 s                 ; 3.08 V                       ; 5.04e-07 V                   ; 3.11 V              ; -0.0469 V           ; 0.191 V                              ; 0.215 V                              ; 1.08e-09 s                  ; 8.62e-10 s                  ; Yes                        ; No                         ; 3.08 V                      ; 5.04e-07 V                  ; 3.11 V             ; -0.0469 V          ; 0.191 V                             ; 0.215 V                             ; 1.08e-09 s                 ; 8.62e-10 s                 ; Yes                       ; No                        ;
; gates_out[8]      ; 3.3-V LVTTL  ; 0 s                 ; 0 s                 ; 3.08 V                       ; 5.04e-07 V                   ; 3.08 V              ; -0.0053 V           ; 0.206 V                              ; 0.247 V                              ; 5.77e-09 s                  ; 4.45e-09 s                  ; Yes                        ; Yes                        ; 3.08 V                      ; 5.04e-07 V                  ; 3.08 V             ; -0.0053 V          ; 0.206 V                             ; 0.247 V                             ; 5.77e-09 s                 ; 4.45e-09 s                 ; Yes                       ; Yes                       ;
; gates_out[9]      ; 3.3-V LVTTL  ; 0 s                 ; 0 s                 ; 3.08 V                       ; 5.04e-07 V                   ; 3.11 V              ; -0.0624 V           ; 0.233 V                              ; 0.172 V                              ; 6.86e-10 s                  ; 6.33e-10 s                  ; Yes                        ; No                         ; 3.08 V                      ; 5.04e-07 V                  ; 3.11 V             ; -0.0624 V          ; 0.233 V                             ; 0.172 V                             ; 6.86e-10 s                 ; 6.33e-10 s                 ; Yes                       ; No                        ;
; gates_out[10]     ; 3.3-V LVTTL  ; 0 s                 ; 0 s                 ; 3.08 V                       ; 7.5e-07 V                    ; 3.11 V              ; -0.0503 V           ; 0.122 V                              ; 0.172 V                              ; 7.08e-10 s                  ; 6.43e-10 s                  ; Yes                        ; Yes                        ; 3.08 V                      ; 7.5e-07 V                   ; 3.11 V             ; -0.0503 V          ; 0.122 V                             ; 0.172 V                             ; 7.08e-10 s                 ; 6.43e-10 s                 ; Yes                       ; Yes                       ;
; gates_out[11]     ; 3.3-V LVTTL  ; 0 s                 ; 0 s                 ; 3.08 V                       ; 7.5e-07 V                    ; 3.11 V              ; -0.0503 V           ; 0.122 V                              ; 0.172 V                              ; 7.08e-10 s                  ; 6.43e-10 s                  ; Yes                        ; Yes                        ; 3.08 V                      ; 7.5e-07 V                   ; 3.11 V             ; -0.0503 V          ; 0.122 V                             ; 0.172 V                             ; 7.08e-10 s                 ; 6.43e-10 s                 ; Yes                       ; Yes                       ;
; gates_out[12]     ; 3.3-V LVTTL  ; 0 s                 ; 0 s                 ; 3.08 V                       ; 7.5e-07 V                    ; 3.11 V              ; -0.0503 V           ; 0.122 V                              ; 0.172 V                              ; 7.08e-10 s                  ; 6.43e-10 s                  ; Yes                        ; Yes                        ; 3.08 V                      ; 7.5e-07 V                   ; 3.11 V             ; -0.0503 V          ; 0.122 V                             ; 0.172 V                             ; 7.08e-10 s                 ; 6.43e-10 s                 ; Yes                       ; Yes                       ;
; gates_out[13]     ; 3.3-V LVTTL  ; 0 s                 ; 0 s                 ; 3.08 V                       ; 7.5e-07 V                    ; 3.11 V              ; -0.0503 V           ; 0.122 V                              ; 0.172 V                              ; 7.08e-10 s                  ; 6.43e-10 s                  ; Yes                        ; Yes                        ; 3.08 V                      ; 7.5e-07 V                   ; 3.11 V             ; -0.0503 V          ; 0.122 V                             ; 0.172 V                             ; 7.08e-10 s                 ; 6.43e-10 s                 ; Yes                       ; Yes                       ;
; gates_out[14]     ; 3.3-V LVTTL  ; 0 s                 ; 0 s                 ; 3.08 V                       ; 7.5e-07 V                    ; 3.11 V              ; -0.0503 V           ; 0.122 V                              ; 0.172 V                              ; 7.08e-10 s                  ; 6.43e-10 s                  ; Yes                        ; Yes                        ; 3.08 V                      ; 7.5e-07 V                   ; 3.11 V             ; -0.0503 V          ; 0.122 V                             ; 0.172 V                             ; 7.08e-10 s                 ; 6.43e-10 s                 ; Yes                       ; Yes                       ;
; gates_out[15]     ; 3.3-V LVTTL  ; 0 s                 ; 0 s                 ; 3.08 V                       ; 7.5e-07 V                    ; 3.11 V              ; -0.0503 V           ; 0.122 V                              ; 0.172 V                              ; 7.08e-10 s                  ; 6.43e-10 s                  ; Yes                        ; Yes                        ; 3.08 V                      ; 7.5e-07 V                   ; 3.11 V             ; -0.0503 V          ; 0.122 V                             ; 0.172 V                             ; 7.08e-10 s                 ; 6.43e-10 s                 ; Yes                       ; Yes                       ;
; gates_out[16]     ; 3.3-V LVTTL  ; 0 s                 ; 0 s                 ; 3.08 V                       ; 5.04e-07 V                   ; 3.11 V              ; -0.0469 V           ; 0.191 V                              ; 0.215 V                              ; 1.08e-09 s                  ; 8.62e-10 s                  ; Yes                        ; No                         ; 3.08 V                      ; 5.04e-07 V                  ; 3.11 V             ; -0.0469 V          ; 0.191 V                             ; 0.215 V                             ; 1.08e-09 s                 ; 8.62e-10 s                 ; Yes                       ; No                        ;
; gates_out[17]     ; 3.3-V LVTTL  ; 0 s                 ; 0 s                 ; 3.08 V                       ; 7.5e-07 V                    ; 3.11 V              ; -0.0503 V           ; 0.122 V                              ; 0.172 V                              ; 7.08e-10 s                  ; 6.43e-10 s                  ; Yes                        ; Yes                        ; 3.08 V                      ; 7.5e-07 V                   ; 3.11 V             ; -0.0503 V          ; 0.122 V                             ; 0.172 V                             ; 7.08e-10 s                 ; 6.43e-10 s                 ; Yes                       ; Yes                       ;
; gates_out[18]     ; 3.3-V LVTTL  ; 0 s                 ; 0 s                 ; 3.08 V                       ; 5.04e-07 V                   ; 3.11 V              ; -0.0469 V           ; 0.191 V                              ; 0.215 V                              ; 1.08e-09 s                  ; 8.62e-10 s                  ; Yes                        ; No                         ; 3.08 V                      ; 5.04e-07 V                  ; 3.11 V             ; -0.0469 V          ; 0.191 V                             ; 0.215 V                             ; 1.08e-09 s                 ; 8.62e-10 s                 ; Yes                       ; No                        ;
; gates_out[19]     ; 3.3-V LVTTL  ; 0 s                 ; 0 s                 ; 3.08 V                       ; 5.04e-07 V                   ; 3.11 V              ; -0.0469 V           ; 0.191 V                              ; 0.215 V                              ; 1.08e-09 s                  ; 8.62e-10 s                  ; Yes                        ; No                         ; 3.08 V                      ; 5.04e-07 V                  ; 3.11 V             ; -0.0469 V          ; 0.191 V                             ; 0.215 V                             ; 1.08e-09 s                 ; 8.62e-10 s                 ; Yes                       ; No                        ;
; gates_out[20]     ; 3.3-V LVTTL  ; 0 s                 ; 0 s                 ; 3.08 V                       ; 5.04e-07 V                   ; 3.11 V              ; -0.0624 V           ; 0.233 V                              ; 0.172 V                              ; 6.86e-10 s                  ; 6.33e-10 s                  ; Yes                        ; No                         ; 3.08 V                      ; 5.04e-07 V                  ; 3.11 V             ; -0.0624 V          ; 0.233 V                             ; 0.172 V                             ; 6.86e-10 s                 ; 6.33e-10 s                 ; Yes                       ; No                        ;
; gates_out[21]     ; 3.3-V LVTTL  ; 0 s                 ; 0 s                 ; 3.08 V                       ; 7.5e-07 V                    ; 3.11 V              ; -0.0503 V           ; 0.122 V                              ; 0.172 V                              ; 7.08e-10 s                  ; 6.43e-10 s                  ; Yes                        ; Yes                        ; 3.08 V                      ; 7.5e-07 V                   ; 3.11 V             ; -0.0503 V          ; 0.122 V                             ; 0.172 V                             ; 7.08e-10 s                 ; 6.43e-10 s                 ; Yes                       ; Yes                       ;
; gates_out[22]     ; 3.3-V LVTTL  ; 0 s                 ; 0 s                 ; 3.08 V                       ; 5.04e-07 V                   ; 3.11 V              ; -0.0469 V           ; 0.191 V                              ; 0.215 V                              ; 1.08e-09 s                  ; 8.62e-10 s                  ; Yes                        ; No                         ; 3.08 V                      ; 5.04e-07 V                  ; 3.11 V             ; -0.0469 V          ; 0.191 V                             ; 0.215 V                             ; 1.08e-09 s                 ; 8.62e-10 s                 ; Yes                       ; No                        ;
; gates_out[23]     ; 3.3-V LVTTL  ; 0 s                 ; 0 s                 ; 3.08 V                       ; 5.04e-07 V                   ; 3.11 V              ; -0.0469 V           ; 0.191 V                              ; 0.215 V                              ; 1.08e-09 s                  ; 8.62e-10 s                  ; Yes                        ; No                         ; 3.08 V                      ; 5.04e-07 V                  ; 3.11 V             ; -0.0469 V          ; 0.191 V                             ; 0.215 V                             ; 1.08e-09 s                 ; 8.62e-10 s                 ; Yes                       ; No                        ;
; cap_period[0]     ; 3.3-V LVTTL  ; 0 s                 ; 0 s                 ; 3.08 V                       ; 7.5e-07 V                    ; 3.11 V              ; -0.0503 V           ; 0.122 V                              ; 0.172 V                              ; 7.08e-10 s                  ; 6.43e-10 s                  ; Yes                        ; Yes                        ; 3.08 V                      ; 7.5e-07 V                   ; 3.11 V             ; -0.0503 V          ; 0.122 V                             ; 0.172 V                             ; 7.08e-10 s                 ; 6.43e-10 s                 ; Yes                       ; Yes                       ;
; cap_period[1]     ; 3.3-V LVTTL  ; 0 s                 ; 0 s                 ; 3.08 V                       ; 5.04e-07 V                   ; 3.11 V              ; -0.0469 V           ; 0.191 V                              ; 0.215 V                              ; 1.08e-09 s                  ; 8.62e-10 s                  ; Yes                        ; No                         ; 3.08 V                      ; 5.04e-07 V                  ; 3.11 V             ; -0.0469 V          ; 0.191 V                             ; 0.215 V                             ; 1.08e-09 s                 ; 8.62e-10 s                 ; Yes                       ; No                        ;
; cap_period[2]     ; 3.3-V LVTTL  ; 0 s                 ; 0 s                 ; 3.08 V                       ; 7.5e-07 V                    ; 3.11 V              ; -0.0503 V           ; 0.122 V                              ; 0.172 V                              ; 7.08e-10 s                  ; 6.43e-10 s                  ; Yes                        ; Yes                        ; 3.08 V                      ; 7.5e-07 V                   ; 3.11 V             ; -0.0503 V          ; 0.122 V                             ; 0.172 V                             ; 7.08e-10 s                 ; 6.43e-10 s                 ; Yes                       ; Yes                       ;
; cap_period[3]     ; 3.3-V LVTTL  ; 0 s                 ; 0 s                 ; 3.08 V                       ; 7.5e-07 V                    ; 3.11 V              ; -0.0503 V           ; 0.122 V                              ; 0.172 V                              ; 7.08e-10 s                  ; 6.43e-10 s                  ; Yes                        ; Yes                        ; 3.08 V                      ; 7.5e-07 V                   ; 3.11 V             ; -0.0503 V          ; 0.122 V                             ; 0.172 V                             ; 7.08e-10 s                 ; 6.43e-10 s                 ; Yes                       ; Yes                       ;
; cap_period[4]     ; 3.3-V LVTTL  ; 0 s                 ; 0 s                 ; 3.08 V                       ; 7.5e-07 V                    ; 3.11 V              ; -0.0503 V           ; 0.122 V                              ; 0.172 V                              ; 7.08e-10 s                  ; 6.43e-10 s                  ; Yes                        ; Yes                        ; 3.08 V                      ; 7.5e-07 V                   ; 3.11 V             ; -0.0503 V          ; 0.122 V                             ; 0.172 V                             ; 7.08e-10 s                 ; 6.43e-10 s                 ; Yes                       ; Yes                       ;
; cap_period[5]     ; 3.3-V LVTTL  ; 0 s                 ; 0 s                 ; 3.08 V                       ; 7.5e-07 V                    ; 3.11 V              ; -0.0503 V           ; 0.122 V                              ; 0.172 V                              ; 7.08e-10 s                  ; 6.43e-10 s                  ; Yes                        ; Yes                        ; 3.08 V                      ; 7.5e-07 V                   ; 3.11 V             ; -0.0503 V          ; 0.122 V                             ; 0.172 V                             ; 7.08e-10 s                 ; 6.43e-10 s                 ; Yes                       ; Yes                       ;
; cap_period[6]     ; 3.3-V LVTTL  ; 0 s                 ; 0 s                 ; 3.08 V                       ; 7.5e-07 V                    ; 3.11 V              ; -0.0503 V           ; 0.122 V                              ; 0.172 V                              ; 7.08e-10 s                  ; 6.43e-10 s                  ; Yes                        ; Yes                        ; 3.08 V                      ; 7.5e-07 V                   ; 3.11 V             ; -0.0503 V          ; 0.122 V                             ; 0.172 V                             ; 7.08e-10 s                 ; 6.43e-10 s                 ; Yes                       ; Yes                       ;
; cap_period[7]     ; 3.3-V LVTTL  ; 0 s                 ; 0 s                 ; 3.08 V                       ; 7.5e-07 V                    ; 3.11 V              ; -0.0503 V           ; 0.122 V                              ; 0.172 V                              ; 7.08e-10 s                  ; 6.43e-10 s                  ; Yes                        ; Yes                        ; 3.08 V                      ; 7.5e-07 V                   ; 3.11 V             ; -0.0503 V          ; 0.122 V                             ; 0.172 V                             ; 7.08e-10 s                 ; 6.43e-10 s                 ; Yes                       ; Yes                       ;
; cap_period[8]     ; 3.3-V LVTTL  ; 0 s                 ; 0 s                 ; 3.08 V                       ; 7.5e-07 V                    ; 3.11 V              ; -0.0503 V           ; 0.122 V                              ; 0.172 V                              ; 7.08e-10 s                  ; 6.43e-10 s                  ; Yes                        ; Yes                        ; 3.08 V                      ; 7.5e-07 V                   ; 3.11 V             ; -0.0503 V          ; 0.122 V                             ; 0.172 V                             ; 7.08e-10 s                 ; 6.43e-10 s                 ; Yes                       ; Yes                       ;
; cap_period[9]     ; 3.3-V LVTTL  ; 0 s                 ; 0 s                 ; 3.08 V                       ; 7.5e-07 V                    ; 3.11 V              ; -0.0503 V           ; 0.122 V                              ; 0.172 V                              ; 7.08e-10 s                  ; 6.43e-10 s                  ; Yes                        ; Yes                        ; 3.08 V                      ; 7.5e-07 V                   ; 3.11 V             ; -0.0503 V          ; 0.122 V                             ; 0.172 V                             ; 7.08e-10 s                 ; 6.43e-10 s                 ; Yes                       ; Yes                       ;
; cap_period[10]    ; 3.3-V LVTTL  ; 0 s                 ; 0 s                 ; 3.08 V                       ; 7.5e-07 V                    ; 3.11 V              ; -0.0503 V           ; 0.122 V                              ; 0.172 V                              ; 7.08e-10 s                  ; 6.43e-10 s                  ; Yes                        ; Yes                        ; 3.08 V                      ; 7.5e-07 V                   ; 3.11 V             ; -0.0503 V          ; 0.122 V                             ; 0.172 V                             ; 7.08e-10 s                 ; 6.43e-10 s                 ; Yes                       ; Yes                       ;
; cap_period[11]    ; 3.3-V LVTTL  ; 0 s                 ; 0 s                 ; 3.08 V                       ; 7.5e-07 V                    ; 3.11 V              ; -0.0503 V           ; 0.122 V                              ; 0.172 V                              ; 7.08e-10 s                  ; 6.43e-10 s                  ; Yes                        ; Yes                        ; 3.08 V                      ; 7.5e-07 V                   ; 3.11 V             ; -0.0503 V          ; 0.122 V                             ; 0.172 V                             ; 7.08e-10 s                 ; 6.43e-10 s                 ; Yes                       ; Yes                       ;
; cap_period[12]    ; 3.3-V LVTTL  ; 0 s                 ; 0 s                 ; 3.08 V                       ; 7.5e-07 V                    ; 3.11 V              ; -0.0503 V           ; 0.122 V                              ; 0.172 V                              ; 7.08e-10 s                  ; 6.43e-10 s                  ; Yes                        ; Yes                        ; 3.08 V                      ; 7.5e-07 V                   ; 3.11 V             ; -0.0503 V          ; 0.122 V                             ; 0.172 V                             ; 7.08e-10 s                 ; 6.43e-10 s                 ; Yes                       ; Yes                       ;
; cap_period[13]    ; 3.3-V LVTTL  ; 0 s                 ; 0 s                 ; 3.08 V                       ; 7.5e-07 V                    ; 3.11 V              ; -0.0503 V           ; 0.122 V                              ; 0.172 V                              ; 7.08e-10 s                  ; 6.43e-10 s                  ; Yes                        ; Yes                        ; 3.08 V                      ; 7.5e-07 V                   ; 3.11 V             ; -0.0503 V          ; 0.122 V                             ; 0.172 V                             ; 7.08e-10 s                 ; 6.43e-10 s                 ; Yes                       ; Yes                       ;
; cap_period[14]    ; 3.3-V LVTTL  ; 0 s                 ; 0 s                 ; 3.08 V                       ; 7.5e-07 V                    ; 3.11 V              ; -0.0503 V           ; 0.122 V                              ; 0.172 V                              ; 7.08e-10 s                  ; 6.43e-10 s                  ; Yes                        ; Yes                        ; 3.08 V                      ; 7.5e-07 V                   ; 3.11 V             ; -0.0503 V          ; 0.122 V                             ; 0.172 V                             ; 7.08e-10 s                 ; 6.43e-10 s                 ; Yes                       ; Yes                       ;
; cap_period[15]    ; 3.3-V LVTTL  ; 0 s                 ; 0 s                 ; 3.08 V                       ; 7.5e-07 V                    ; 3.11 V              ; -0.0503 V           ; 0.122 V                              ; 0.172 V                              ; 7.08e-10 s                  ; 6.43e-10 s                  ; Yes                        ; Yes                        ; 3.08 V                      ; 7.5e-07 V                   ; 3.11 V             ; -0.0503 V          ; 0.122 V                             ; 0.172 V                             ; 7.08e-10 s                 ; 6.43e-10 s                 ; Yes                       ; Yes                       ;
; cap_high_time[0]  ; 3.3-V LVTTL  ; 0 s                 ; 0 s                 ; 3.08 V                       ; 7.5e-07 V                    ; 3.11 V              ; -0.0503 V           ; 0.122 V                              ; 0.172 V                              ; 7.08e-10 s                  ; 6.43e-10 s                  ; Yes                        ; Yes                        ; 3.08 V                      ; 7.5e-07 V                   ; 3.11 V             ; -0.0503 V          ; 0.122 V                             ; 0.172 V                             ; 7.08e-10 s                 ; 6.43e-10 s                 ; Yes                       ; Yes                       ;
; cap_high_time[1]  ; 3.3-V LVTTL  ; 0 s                 ; 0 s                 ; 3.08 V                       ; 7.5e-07 V                    ; 3.11 V              ; -0.0503 V           ; 0.122 V                              ; 0.172 V                              ; 7.08e-10 s                  ; 6.43e-10 s                  ; Yes                        ; Yes                        ; 3.08 V                      ; 7.5e-07 V                   ; 3.11 V             ; -0.0503 V          ; 0.122 V                             ; 0.172 V                             ; 7.08e-10 s                 ; 6.43e-10 s                 ; Yes                       ; Yes                       ;
; cap_high_time[2]  ; 3.3-V LVTTL  ; 0 s                 ; 0 s                 ; 3.08 V                       ; 7.5e-07 V                    ; 3.11 V              ; -0.0503 V           ; 0.122 V                              ; 0.172 V                              ; 7.08e-10 s                  ; 6.43e-10 s                  ; Yes                        ; Yes                        ; 3.08 V                      ; 7.5e-07 V                   ; 3.11 V             ; -0.0503 V          ; 0.122 V                             ; 0.172 V                             ; 7.08e-10 s                 ; 6.43e-10 s                 ; Yes                       ; Yes                       ;
; cap_high_time[3]  ; 3.3-V LVTTL  ; 0 s                 ; 0 s                 ; 3.08 V                       ; 7.5e-07 V                    ; 3.11 V              ; -0.0503 V           ; 0.122 V                              ; 0.172 V                              ; 7.08e-10 s                  ; 6.43e-10 s                  ; Yes                        ; Yes                        ; 3.08 V                      ; 7.5e-07 V                   ; 3.11 V             ; -0.0503 V          ; 0.122 V                             ; 0.172 V                             ; 7.08e-10 s                 ; 6.43e-10 s                 ; Yes                       ; Yes                       ;
; cap_high_time[4]  ; 3.3-V LVTTL  ; 0 s                 ; 0 s                 ; 3.08 V                       ; 7.5e-07 V                    ; 3.11 V              ; -0.0503 V           ; 0.122 V                              ; 0.172 V                              ; 7.08e-10 s                  ; 6.43e-10 s                  ; Yes                        ; Yes                        ; 3.08 V                      ; 7.5e-07 V                   ; 3.11 V             ; -0.0503 V          ; 0.122 V                             ; 0.172 V                             ; 7.08e-10 s                 ; 6.43e-10 s                 ; Yes                       ; Yes                       ;
; cap_high_time[5]  ; 3.3-V LVTTL  ; 0 s                 ; 0 s                 ; 3.08 V                       ; 5.04e-07 V                   ; 3.08 V              ; -0.0053 V           ; 0.206 V                              ; 0.247 V                              ; 5.77e-09 s                  ; 4.45e-09 s                  ; Yes                        ; Yes                        ; 3.08 V                      ; 5.04e-07 V                  ; 3.08 V             ; -0.0053 V          ; 0.206 V                             ; 0.247 V                             ; 5.77e-09 s                 ; 4.45e-09 s                 ; Yes                       ; Yes                       ;
; cap_high_time[6]  ; 3.3-V LVTTL  ; 0 s                 ; 0 s                 ; 3.08 V                       ; 7.5e-07 V                    ; 3.11 V              ; -0.0503 V           ; 0.122 V                              ; 0.172 V                              ; 7.08e-10 s                  ; 6.43e-10 s                  ; Yes                        ; Yes                        ; 3.08 V                      ; 7.5e-07 V                   ; 3.11 V             ; -0.0503 V          ; 0.122 V                             ; 0.172 V                             ; 7.08e-10 s                 ; 6.43e-10 s                 ; Yes                       ; Yes                       ;
; cap_high_time[7]  ; 3.3-V LVTTL  ; 0 s                 ; 0 s                 ; 3.08 V                       ; 7.5e-07 V                    ; 3.11 V              ; -0.0503 V           ; 0.122 V                              ; 0.172 V                              ; 7.08e-10 s                  ; 6.43e-10 s                  ; Yes                        ; Yes                        ; 3.08 V                      ; 7.5e-07 V                   ; 3.11 V             ; -0.0503 V          ; 0.122 V                             ; 0.172 V                             ; 7.08e-10 s                 ; 6.43e-10 s                 ; Yes                       ; Yes                       ;
; cap_high_time[8]  ; 3.3-V LVTTL  ; 0 s                 ; 0 s                 ; 3.08 V                       ; 7.5e-07 V                    ; 3.08 V              ; -0.00457 V          ; 0.185 V                              ; 0.21 V                               ; 5.8e-09 s                   ; 4.46e-09 s                  ; Yes                        ; Yes                        ; 3.08 V                      ; 7.5e-07 V                   ; 3.08 V             ; -0.00457 V         ; 0.185 V                             ; 0.21 V                              ; 5.8e-09 s                  ; 4.46e-09 s                 ; Yes                       ; Yes                       ;
; cap_high_time[9]  ; 3.3-V LVTTL  ; 0 s                 ; 0 s                 ; 3.08 V                       ; 7.5e-07 V                    ; 3.11 V              ; -0.0503 V           ; 0.122 V                              ; 0.172 V                              ; 7.08e-10 s                  ; 6.43e-10 s                  ; Yes                        ; Yes                        ; 3.08 V                      ; 7.5e-07 V                   ; 3.11 V             ; -0.0503 V          ; 0.122 V                             ; 0.172 V                             ; 7.08e-10 s                 ; 6.43e-10 s                 ; Yes                       ; Yes                       ;
; cap_high_time[10] ; 3.3-V LVTTL  ; 0 s                 ; 0 s                 ; 3.08 V                       ; 7.5e-07 V                    ; 3.11 V              ; -0.0503 V           ; 0.122 V                              ; 0.172 V                              ; 7.08e-10 s                  ; 6.43e-10 s                  ; Yes                        ; Yes                        ; 3.08 V                      ; 7.5e-07 V                   ; 3.11 V             ; -0.0503 V          ; 0.122 V                             ; 0.172 V                             ; 7.08e-10 s                 ; 6.43e-10 s                 ; Yes                       ; Yes                       ;
; cap_high_time[11] ; 3.3-V LVTTL  ; 0 s                 ; 0 s                 ; 3.08 V                       ; 7.5e-07 V                    ; 3.11 V              ; -0.0503 V           ; 0.122 V                              ; 0.172 V                              ; 7.08e-10 s                  ; 6.43e-10 s                  ; Yes                        ; Yes                        ; 3.08 V                      ; 7.5e-07 V                   ; 3.11 V             ; -0.0503 V          ; 0.122 V                             ; 0.172 V                             ; 7.08e-10 s                 ; 6.43e-10 s                 ; Yes                       ; Yes                       ;
; cap_high_time[12] ; 3.3-V LVTTL  ; 0 s                 ; 0 s                 ; 3.08 V                       ; 7.5e-07 V                    ; 3.11 V              ; -0.0503 V           ; 0.122 V                              ; 0.172 V                              ; 7.08e-10 s                  ; 6.43e-10 s                  ; Yes                        ; Yes                        ; 3.08 V                      ; 7.5e-07 V                   ; 3.11 V             ; -0.0503 V          ; 0.122 V                             ; 0.172 V                             ; 7.08e-10 s                 ; 6.43e-10 s                 ; Yes                       ; Yes                       ;
; cap_high_time[13] ; 3.3-V LVTTL  ; 0 s                 ; 0 s                 ; 3.08 V                       ; 7.5e-07 V                    ; 3.11 V              ; -0.0503 V           ; 0.122 V                              ; 0.172 V                              ; 7.08e-10 s                  ; 6.43e-10 s                  ; Yes                        ; Yes                        ; 3.08 V                      ; 7.5e-07 V                   ; 3.11 V             ; -0.0503 V          ; 0.122 V                             ; 0.172 V                             ; 7.08e-10 s                 ; 6.43e-10 s                 ; Yes                       ; Yes                       ;
; cap_high_time[14] ; 3.3-V LVTTL  ; 0 s                 ; 0 s                 ; 3.08 V                       ; 7.5e-07 V                    ; 3.11 V              ; -0.0503 V           ; 0.122 V                              ; 0.172 V                              ; 7.08e-10 s                  ; 6.43e-10 s                  ; Yes                        ; Yes                        ; 3.08 V                      ; 7.5e-07 V                   ; 3.11 V             ; -0.0503 V          ; 0.122 V                             ; 0.172 V                             ; 7.08e-10 s                 ; 6.43e-10 s                 ; Yes                       ; Yes                       ;
; cap_high_time[15] ; 3.3-V LVTTL  ; 0 s                 ; 0 s                 ; 3.08 V                       ; 5.04e-07 V                   ; 3.11 V              ; -0.0469 V           ; 0.191 V                              ; 0.215 V                              ; 1.08e-09 s                  ; 8.62e-10 s                  ; Yes                        ; No                         ; 3.08 V                      ; 5.04e-07 V                  ; 3.11 V             ; -0.0469 V          ; 0.191 V                             ; 0.215 V                             ; 1.08e-09 s                 ; 8.62e-10 s                 ; Yes                       ; No                        ;
; cap_valid         ; 3.3-V LVTTL  ; 0 s                 ; 0 s                 ; 3.08 V                       ; 7.5e-07 V                    ; 3.08 V              ; -0.00457 V          ; 0.185 V                              ; 0.21 V                               ; 5.8e-09 s                   ; 4.46e-09 s                  ; Yes                        ; Yes                        ; 3.08 V                      ; 7.5e-07 V                   ; 3.08 V             ; -0.00457 V         ; 0.185 V                             ; 0.21 V                              ; 5.8e-09 s                  ; 4.46e-09 s                 ; Yes                       ; Yes                       ;
; pll_locked        ; 3.3-V LVTTL  ; 0 s                 ; 0 s                 ; 3.08 V                       ; 7.5e-07 V                    ; 3.11 V              ; -0.0503 V           ; 0.122 V                              ; 0.172 V                              ; 7.08e-10 s                  ; 6.43e-10 s                  ; Yes                        ; Yes                        ; 3.08 V                      ; 7.5e-07 V                   ; 3.11 V             ; -0.0503 V          ; 0.122 V                             ; 0.172 V                             ; 7.08e-10 s                 ; 6.43e-10 s                 ; Yes                       ; Yes                       ;
; ~ALTERA_DCLK~     ; 3.3-V LVTTL  ; 0 s                 ; 0 s                 ; 3.08 V                       ; 2.6e-07 V                    ; 3.13 V              ; -0.103 V            ; 0.164 V                              ; 0.134 V                              ; 3.14e-10 s                  ; 4.05e-10 s                  ; Yes                        ; No                         ; 3.08 V                      ; 2.6e-07 V                   ; 3.13 V             ; -0.103 V           ; 0.164 V                             ; 0.134 V                             ; 3.14e-10 s                 ; 4.05e-10 s                 ; Yes                       ; No                        ;
; ~ALTERA_nCEO~     ; 3.3-V LVTTL  ; 0 s                 ; 0 s                 ; 3.08 V                       ; 5.04e-07 V                   ; 3.11 V              ; -0.0469 V           ; 0.191 V                              ; 0.215 V                              ; 1.08e-09 s                  ; 8.62e-10 s                  ; Yes                        ; No                         ; 3.08 V                      ; 5.04e-07 V                  ; 3.11 V             ; -0.0469 V          ; 0.191 V                             ; 0.215 V                             ; 1.08e-09 s                 ; 8.62e-10 s                 ; Yes                       ; No                        ;
+-------------------+--------------+---------------------+---------------------+------------------------------+------------------------------+---------------------+---------------------+--------------------------------------+--------------------------------------+-----------------------------+-----------------------------+----------------------------+----------------------------+-----------------------------+-----------------------------+--------------------+--------------------+-------------------------------------+-------------------------------------+----------------------------+----------------------------+---------------------------+---------------------------+


+------------------------------------------------------------------------------------------------------------------------------------------------------------------------------------------------------------------------------------------------------------------------------------------------------------------------------------------------------------------------------------------------------------------------------------------------------------------------------------------------------------------------------------------------------------------------------------------------------------------------------------------------------------------------------------------------+
; Signal Integrity Metrics (Fast 1200mv 0c Model)                                                                                                                                                                                                                                                                                                                                                                                                                                                                                                                                                                                                                                                ;
+-------------------+--------------+---------------------+---------------------+------------------------------+------------------------------+---------------------+---------------------+--------------------------------------+--------------------------------------+-----------------------------+-----------------------------+----------------------------+----------------------------+-----------------------------+-----------------------------+--------------------+--------------------+-------------------------------------+-------------------------------------+----------------------------+----------------------------+---------------------------+---------------------------+
; Pin               ; I/O Standard ; Board Delay on Rise ; Board Delay on Fall ; Steady State Voh at FPGA Pin ; Steady State Vol at FPGA Pin ; Voh Max at FPGA Pin ; Vol Min at FPGA Pin ; Ringback Voltage on Rise at FPGA Pin ; Ringback Voltage on Fall at FPGA Pin ; 10-90 Rise Time at FPGA Pin ; 90-10 Fall Time at FPGA Pin ; Monotonic Rise at FPGA Pin ; Monotonic Fall at FPGA Pin ; Steady State Voh at Far-end ; Steady State Vol at Far-end ; Voh Max at Far-end ; Vol Min at Far-end ; Ringback Voltage on Rise at Far-end ; Ringback Voltage on Fall at Far-end ; 10-90 Rise Time at Far-end ; 90-10 Fall Time at Far-end ; Monotonic Rise at Far-end ; Monotonic Fall at Far-end ;
+-------------------+--------------+---------------------+---------------------+------------------------------+------------------------------+---------------------+---------------------+--------------------------------------+--------------------------------------+-----------------------------+-----------------------------+----------------------------+----------------------------+-----------------------------+-----------------------------+--------------------+--------------------+-------------------------------------+-------------------------------------+----------------------------+----------------------------+---------------------------+---------------------------+
; gates_out[0]      ; 3.3-V LVTTL  ; 0 s                 ; 0 s                 ; 3.46 V                       ; 1.85e-07 V                   ; 3.57 V              ; -0.141 V            ; 0.301 V                              ; 0.239 V                              ; 4.61e-10 s                  ; 4.2e-10 s                   ; No                         ; No                         ; 3.46 V                      ; 1.85e-07 V                  ; 3.57 V             ; -0.141 V           ; 0.301 V                             ; 0.239 V                             ; 4.61e-10 s                 ; 4.2e-10 s                  ; No                        ; No                        ;
; gates_out[1]      ; 3.3-V LVTTL  ; 0 s                 ; 0 s                 ; 3.46 V                       ; 1.85e-07 V                   ; 3.57 V              ; -0.141 V            ; 0.301 V                              ; 0.239 V                              ; 4.61e-10 s                  ; 4.2e-10 s                   ; No                         ; No                         ; 3.46 V                      ; 1.85e-07 V                  ; 3.57 V             ; -0.141 V           ; 0.301 V                             ; 0.239 V                             ; 4.61e-10 s                 ; 4.2e-10 s                  ; No                        ; No                        ;
; gates_out[2]      ; 3.3-V LVTTL  ; 0 s                 ; 0 s                 ; 3.46 V                       ; 1.85e-07 V                   ; 3.57 V              ; -0.141 V            ; 0.301 V                              ; 0.239 V                              ; 4.61e-10 s                  ; 4.2e-10 s                   ; No                         ; No                         ; 3.46 V                      ; 1.85e-07 V                  ; 3.57 V             ; -0.141 V           ; 0.301 V                             ; 0.239 V                             ; 4.61e-10 s                 ; 4.2e-10 s                  ; No                        ; No                        ;
; gates_out[3]      ; 3.3-V LVTTL  ; 0 s                 ; 0 s                 ; 3.46 V                       ; 1.85e-07 V                   ; 3.57 V              ; -0.141 V            ; 0.301 V                              ; 0.239 V                              ; 4.61e-10 s                  ; 4.2e-10 s                   ; No                         ; No                         ; 3.46 V                      ; 1.85e-07 V                  ; 3.57 V             ; -0.141 V           ; 0.301 V                             ; 0.239 V                             ; 4.61e-10 s                 ; 4.2e-10 s                  ; No                        ; No                        ;
; gates_out[4]      ; 3.3-V LVTTL  ; 0 s                 ; 0 s                 ; 3.46 V                       ; 1.85e-07 V                   ; 3.57 V              ; -0.141 V            ; 0.301 V                              ; 0.239 V                              ; 4.61e-10 s                  ; 4.2e-10 s                   ; No                         ; No                         ; 3.46 V                      ; 1.85e-07 V                  ; 3.57 V             ; -0.141 V           ; 0.301 V                             ; 0.239 V                             ; 4.61e-10 s                 ; 4.2e-10 s                  ; No                        ; No                        ;
; gates_out[5]      ; 3.3-V LVTTL  ; 0 s                 ; 0 s                 ; 3.46 V                       ; 1.25e-07 V                   ; 3.57 V              ; -0.0855 V           ; 0.315 V                              ; 0.175 V                              ; 6.79e-10 s                  ; 6.15e-10 s                  ; No                         ; No                         ; 3.46 V                      ; 1.25e-07 V                  ; 3.57 V             ; -0.0855 V          ; 0.315 V                             ; 0.175 V                             ; 6.79e-10 s                 ; 6.15e-10 s                 ; No                        ; No                        ;
; gates_out[6]      ; 3.3-V LVTTL  ; 0 s                 ; 0 s                 ; 3.46 V                       ; 1.25e-07 V                   ; 3.6 V               ; -0.127 V            ; 0.302 V                              ; 0.21 V                               ; 4.55e-10 s                  ; 4.11e-10 s                  ; No                         ; No                         ; 3.46 V                      ; 1.25e-07 V                  ; 3.6 V              ; -0.127 V           ; 0.302 V                             ; 0.21 V                              ; 4.55e-10 s                 ; 4.11e-10 s                 ; No                        ; No                        ;
; gates_out[7]      ; 3.3-V LVTTL  ; 0 s                 ; 0 s                 ; 3.46 V                       ; 1.25e-07 V                   ; 3.57 V              ; -0.0855 V           ; 0.315 V                              ; 0.175 V                              ; 6.79e-10 s                  ; 6.15e-10 s                  ; No                         ; No                         ; 3.46 V                      ; 1.25e-07 V                  ; 3.57 V             ; -0.0855 V          ; 0.315 V                             ; 0.175 V                             ; 6.79e-10 s                 ; 6.15e-10 s                 ; No                        ; No                        ;
; gates_out[8]      ; 3.3-V LVTTL  ; 0 s                 ; 0 s                 ; 3.46 V                       ; 1.25e-07 V                   ; 3.48 V              ; -0.0162 V           ; 0.354 V                              ; 0.317 V                              ; 3.88e-09 s                  ; 3.06e-09 s                  ; No                         ; No                         ; 3.46 V                      ; 1.25e-07 V                  ; 3.48 V             ; -0.0162 V          ; 0.354 V                             ; 0.317 V                             ; 3.88e-09 s                 ; 3.06e-09 s                 ; No                        ; No                        ;
; gates_out[9]      ; 3.3-V LVTTL  ; 0 s                 ; 0 s                 ; 3.46 V                       ; 1.25e-07 V                   ; 3.6 V               ; -0.127 V            ; 0.302 V                              ; 0.21 V                               ; 4.55e-10 s                  ; 4.11e-10 s                  ; No                         ; No                         ; 3.46 V                      ; 1.25e-07 V                  ; 3.6 V              ; -0.127 V           ; 0.302 V                             ; 0.21 V                              ; 4.55e-10 s                 ; 4.11e-10 s                 ; No                        ; No                        ;
; gates_out[10]     ; 3.3-V LVTTL  ; 0 s                 ; 0 s                 ; 3.46 V                       ; 1.85e-07 V                   ; 3.57 V              ; -0.141 V            ; 0.301 V                              ; 0.239 V                              ; 4.61e-10 s                  ; 4.2e-10 s                   ; No                         ; No                         ; 3.46 V                      ; 1.85e-07 V                  ; 3.57 V             ; -0.141 V           ; 0.301 V                             ; 0.239 V                             ; 4.61e-10 s                 ; 4.2e-10 s                  ; No                        ; No                        ;
; gates_out[11]     ; 3.3-V LVTTL  ; 0 s                 ; 0 s                 ; 3.46 V                       ; 1.85e-07 V                   ; 3.57 V              ; -0.141 V            ; 0.301 V                              ; 0.239 V                              ; 4.61e-10 s                  ; 4.2e-10 s                   ; No                         ; No                         ; 3.46 V                      ; 1.85e-07 V                  ; 3.57 V             ; -0.141 V           ; 0.301 V                             ; 0.239 V                             ; 4.61e-10 s                 ; 4.2e-10 s                  ; No                        ; No                        ;
; gates_out[12]     ; 3.3-V LVTTL  ; 0 s                 ; 0 s                 ; 3.46 V                       ; 1.85e-07 V                   ; 3.57 V              ; -0.141 V            ; 0.301 V                              ; 0.239 V                              ; 4.61e-10 s                  ; 4.2e-10 s                   ; No                         ; No                         ; 3.46 V                      ; 1.85e-07 V                  ; 3.57 V             ; -0.141 V           ; 0.301 V                             ; 0.239 V                             ; 4.61e-10 s                 ; 4.2e-10 s                  ; No                        ; No                        ;
; gates_out[13]     ; 3.3-V LVTTL  ; 0 s                 ; 0 s                 ; 3.46 V                       ; 1.85e-07 V                   ; 3.57 V              ; -0.141 V            ; 0.301 V                              ; 0.239 V                              ; 4.61e-10 s                  ; 4.2e-10 s                   ; No                         ; No                         ; 3.46 V                      ; 1.85e-07 V                  ; 3.57 V             ; -0.141 V           ; 0.301 V                             ; 0.239 V                             ; 4.61e-10 s                 ; 4.2e-10 s                  ; No                        ; No                        ;
; gates_out[14]     ; 3.3-V LVTTL  ; 0 s                 ; 0 s                 ; 3.46 V                       ; 1.85e-07 V                   ; 3.57 V              ; -0.141 V            ; 0.301 V                              ; 0.239 V                              ; 4.61e-10 s                  ; 4.2e-10 s                   ; No                         ; No                         ; 3.46 V                      ; 1.85e-07 V                  ; 3.57 V             ; -0.141 V           ; 0.301 V                             ; 0.239 V                             ; 4.61e-10 s                 ; 4.2e-10 s                  ; No                        ; No                        ;
; gates_out[15]     ; 3.3-V LVTTL  ; 0 s                 ; 0 s                 ; 3.46 V                       ; 1.85e-07 V                   ; 3.57 V              ; -0.141 V            ; 0.301 V                              ; 0.239 V                              ; 4.61e-10 s                  ; 4.2e-10 s                   ; No                         ; No                         ; 3.46 V                      ; 1.85e-07 V                  ; 3.57 V             ; -0.141 V           ; 0.301 V                             ; 0.239 V                             ; 4.61e-10 s                 ; 4.2e-10 s                  ; No                        ; No                        ;
; gates_out[16]     ; 3.3-V LVTTL  ; 0 s                 ; 0 s                 ; 3.46 V                       ; 1.25e-07 V                   ; 3.57 V              ; -0.0855 V           ; 0.315 V                              ; 0.175 V                              ; 6.79e-10 s                  ; 6.15e-10 s                  ; No                         ; No                         ; 3.46 V                      ; 1.25e-07 V                  ; 3.57 V             ; -0.0855 V          ; 0.315 V                             ; 0.175 V                             ; 6.79e-10 s                 ; 6.15e-10 s                 ; No                        ; No                        ;
; gates_out[17]     ; 3.3-V LVTTL  ; 0 s                 ; 0 s                 ; 3.46 V                       ; 1.85e-07 V                   ; 3.57 V              ; -0.141 V            ; 0.301 V                              ; 0.239 V                              ; 4.61e-10 s                  ; 4.2e-10 s                   ; No                         ; No                         ; 3.46 V                      ; 1.85e-07 V                  ; 3.57 V             ; -0.141 V           ; 0.301 V                             ; 0.239 V                             ; 4.61e-10 s                 ; 4.2e-10 s                  ; No                        ; No                        ;
; gates_out[18]     ; 3.3-V LVTTL  ; 0 s                 ; 0 s                 ; 3.46 V                       ; 1.25e-07 V                   ; 3.57 V              ; -0.0855 V           ; 0.315 V                              ; 0.175 V                              ; 6.79e-10 s                  ; 6.15e-10 s                  ; No                         ; No                         ; 3.46 V                      ; 1.25e-07 V                  ; 3.57 V             ; -0.0855 V          ; 0.315 V                             ; 0.175 V                             ; 6.79e-10 s                 ; 6.15e-10 s                 ; No                        ; No                        ;
; gates_out[19]     ; 3.3-V LVTTL  ; 0 s                 ; 0 s                 ; 3.46 V                       ; 1.25e-07 V                   ; 3.57 V              ; -0.0855 V           ; 0.315 V                              ; 0.175 V                              ; 6.79e-10 s                  ; 6.15e-10 s                  ; No                         ; No                         ; 3.46 V                      ; 1.25e-07 V                  ; 3.57 V             ; -0.0855 V          ; 0.315 V                             ; 0.175 V                             ; 6.79e-10 s                 ; 6.15e-10 s                 ; No                        ; No                        ;
; gates_out[20]     ; 3.3-V LVTTL  ; 0 s                 ; 0 s                 ; 3.46 V                       ; 1.25e-07 V                   ; 3.6 V               ; -0.127 V            ; 0.302 V                              ; 0.21 V                               ; 4.55e-10 s                  ; 4.11e-10 s                  ; No                         ; No                         ; 3.46 V                      ; 1.25e-07 V                  ; 3.6 V              ; -0.127 V           ; 0.302 V                             ; 0.21 V                              ; 4.55e-10 s                 ; 4.11e-10 s                 ; No                        ; No                        ;
; gates_out[21]     ; 3.3-V LVTTL  ; 0 s                 ; 0 s                 ; 3.46 V                       ; 1.85e-07 V                   ; 3.57 V              ; -0.141 V            ; 0.301 V                              ; 0.239 V                              ; 4.61e-10 s                  ; 4.2e-10 s                   ; No                         ; No                         ; 3.46 V                      ; 1.85e-07 V                  ; 3.57 V             ; -0.141 V           ; 0.301 V                             ; 0.239 V                             ; 4.61e-10 s                 ; 4.2e-10 s                  ; No                        ; No                        ;
; gates_out[22]     ; 3.3-V LVTTL  ; 0 s                 ; 0 s                 ; 3.46 V                       ; 1.25e-07 V                   ; 3.57 V              ; -0.0855 V           ; 0.315 V                              ; 0.175 V                              ; 6.79e-10 s                  ; 6.15e-10 s                  ; No                         ; No                         ; 3.46 V                      ; 1.25e-07 V                  ; 3.57 V             ; -0.0855 V          ; 0.315 V                             ; 0.175 V                             ; 6.79e-10 s                 ; 6.15e-10 s                 ; No                        ; No                        ;
; gates_out[23]     ; 3.3-V LVTTL  ; 0 s                 ; 0 s                 ; 3.46 V                       ; 1.25e-07 V                   ; 3.57 V              ; -0.0855 V           ; 0.315 V                              ; 0.175 V                              ; 6.79e-10 s                  ; 6.15e-10 s                  ; No                         ; No                         ; 3.46 V                      ; 1.25e-07 V                  ; 3.57 V             ; -0.0855 V          ; 0.315 V                             ; 0.175 V                             ; 6.79e-10 s                 ; 6.15e-10 s                 ; No                        ; No                        ;
; cap_period[0]     ; 3.3-V LVTTL  ; 0 s                 ; 0 s                 ; 3.46 V                       ; 1.85e-07 V                   ; 3.57 V              ; -0.141 V            ; 0.301 V                              ; 0.239 V                              ; 4.61e-10 s                  ; 4.2e-10 s                   ; No                         ; No                         ; 3.46 V                      ; 1.85e-07 V                  ; 3.57 V             ; -0.141 V           ; 0.301 V                             ; 0.239 V                             ; 4.61e-10 s                 ; 4.2e-10 s                  ; No                        ; No                        ;
; cap_period[1]     ; 3.3-V LVTTL  ; 0 s                 ; 0 s                 ; 3.46 V                       ; 1.25e-07 V                   ; 3.57 V              ; -0.0855 V           ; 0.315 V                              ; 0.175 V                              ; 6.79e-10 s                  ; 6.15e-10 s                  ; No                         ; No                         ; 3.46 V                      ; 1.25e-07 V                  ; 3.57 V             ; -0.0855 V          ; 0.315 V                             ; 0.175 V                             ; 6.79e-10 s                 ; 6.15e-10 s                 ; No                        ; No                        ;
; cap_period[2]     ; 3.3-V LVTTL  ; 0 s                 ; 0 s                 ; 3.46 V                       ; 1.85e-07 V                   ; 3.57 V              ; -0.141 V            ; 0.301 V                              ; 0.239 V                              ; 4.61e-10 s                  ; 4.2e-10 s                   ; No                         ; No                         ; 3.46 V                      ; 1.85e-07 V                  ; 3.57 V             ; -0.141 V           ; 0.301 V                             ; 0.239 V                             ; 4.61e-10 s                 ; 4.2e-10 s                  ; No                        ; No                        ;
; cap_period[3]     ; 3.3-V LVTTL  ; 0 s                 ; 0 s                 ; 3.46 V                       ; 1.85e-07 V                   ; 3.57 V              ; -0.141 V            ; 0.301 V                              ; 0.239 V                              ; 4.61e-10 s                  ; 4.2e-10 s                   ; No                         ; No                         ; 3.46 V                      ; 1.85e-07 V                  ; 3.57 V             ; -0.141 V           ; 0.301 V                             ; 0.239 V                             ; 4.61e-10 s                 ; 4.2e-10 s                  ; No                        ; No                        ;
; cap_period[4]     ; 3.3-V LVTTL  ; 0 s                 ; 0 s                 ; 3.46 V                       ; 1.85e-07 V                   ; 3.57 V              ; -0.141 V            ; 0.301 V                              ; 0.239 V                              ; 4.61e-10 s                  ; 4.2e-10 s                   ; No                         ; No                         ; 3.46 V                      ; 1.85e-07 V                  ; 3.57 V             ; -0.141 V           ; 0.301 V                             ; 0.239 V                             ; 4.61e-10 s                 ; 4.2e-10 s                  ; No                        ; No                        ;
; cap_period[5]     ; 3.3-V LVTTL  ; 0 s                 ; 0 s                 ; 3.46 V                       ; 1.85e-07 V                   ; 3.57 V              ; -0.141 V            ; 0.301 V                              ; 0.239 V                              ; 4.61e-10 s                  ; 4.2e-10 s                   ; No                         ; No                         ; 3.46 V                      ; 1.85e-07 V                  ; 3.57 V             ; -0.141 V           ; 0.301 V                             ; 0.239 V                             ; 4.61e-10 s                 ; 4.2e-10 s                  ; No                        ; No                        ;
; cap_period[6]     ; 3.3-V LVTTL  ; 0 s                 ; 0 s                 ; 3.46 V                       ; 1.85e-07 V                   ; 3.57 V              ; -0.141 V            ; 0.301 V                              ; 0.239 V                              ; 4.61e-10 s                  ; 4.2e-10 s                   ; No                         ; No                         ; 3.46 V                      ; 1.85e-07 V                  ; 3.57 V             ; -0.141 V           ; 0.301 V                             ; 0.239 V                             ; 4.61e-10 s                 ; 4.2e-10 s                  ; No                        ; No                        ;
; cap_period[7]     ; 3.3-V LVTTL  ; 0 s                 ; 0 s                 ; 3.46 V                       ; 1.85e-07 V                   ; 3.57 V              ; -0.141 V            ; 0.301 V                              ; 0.239 V                              ; 4.61e-10 s                  ; 4.2e-10 s                   ; No                         ; No                         ; 3.46 V                      ; 1.85e-07 V                  ; 3.57 V             ; -0.141 V           ; 0.301 V                             ; 0.239 V                             ; 4.61e-10 s                 ; 4.2e-10 s                  ; No                        ; No                        ;
; cap_period[8]     ; 3.3-V LVTTL  ; 0 s                 ; 0 s                 ; 3.46 V                       ; 1.85e-07 V                   ; 3.57 V              ; -0.141 V            ; 0.301 V                              ; 0.239 V                              ; 4.61e-10 s                  ; 4.2e-10 s                   ; No                         ; No                         ; 3.46 V                      ; 1.85e-07 V                  ; 3.57 V             ; -0.141 V           ; 0.301 V                             ; 0.239 V                             ; 4.61e-10 s                 ; 4.2e-10 s                  ; No                        ; No                        ;
; cap_period[9]     ; 3.3-V LVTTL  ; 0 s                 ; 0 s                 ; 3.46 V                       ; 1.85e-07 V                   ; 3.57 V              ; -0.141 V            ; 0.301 V                              ; 0.239 V                              ; 4.61e-10 s                  ; 4.2e-10 s                   ; No                         ; No                         ; 3.46 V                      ; 1.85e-07 V                  ; 3.57 V             ; -0.141 V           ; 0.301 V                             ; 0.239 V                             ; 4.61e-10 s                 ; 4.2e-10 s                  ; No                        ; No                        ;
; cap_period[10]    ; 3.3-V LVTTL  ; 0 s                 ; 0 s                 ; 3.46 V                       ; 1.85e-07 V                   ; 3.57 V              ; -0.141 V            ; 0.301 V                              ; 0.239 V                              ; 4.61e-10 s                  ; 4.2e-10 s                   ; No                         ; No                         ; 3.46 V                      ; 1.85e-07 V                  ; 3.57 V             ; -0.141 V           ; 0.301 V                             ; 0.239 V                             ; 4.61e-10 s                 ; 4.2e-10 s                  ; No                        ; No                        ;
; cap_period[11]    ; 3.3-V LVTTL  ; 0 s                 ; 0 s                 ; 3.46 V                       ; 1.85e-07 V                   ; 3.57 V              ; -0.141 V            ; 0.301 V                              ; 0.239 V                              ; 4.61e-10 s                  ; 4.2e-10 s                   ; No                         ; No                         ; 3.46 V                      ; 1.85e-07 V                  ; 3.57 V             ; -0.141 V           ; 0.301 V                             ; 0.239 V                             ; 4.61e-10 s                 ; 4.2e-10 s                  ; No                        ; No                        ;
; cap_period[12]    ; 3.3-V LVTTL  ; 0 s                 ; 0 s                 ; 3.46 V                       ; 1.85e-07 V                   ; 3.57 V              ; -0.141 V            ; 0.301 V                              ; 0.239 V                              ; 4.61e-10 s                  ; 4.2e-10 s                   ; No                         ; No                         ; 3.46 V                      ; 1.85e-07 V                  ; 3.57 V             ; -0.141 V           ; 0.301 V                             ; 0.239 V                             ; 4.61e-10 s                 ; 4.2e-10 s                  ; No                        ; No                        ;
; cap_period[13]    ; 3.3-V LVTTL  ; 0 s                 ; 0 s                 ; 3.46 V                       ; 1.85e-07 V                   ; 3.57 V              ; -0.141 V            ; 0.301 V                              ; 0.239 V                              ; 4.61e-10 s                  ; 4.2e-10 s                   ; No                         ; No                         ; 3.46 V                      ; 1.85e-07 V                  ; 3.57 V             ; -0.141 V           ; 0.301 V                             ; 0.239 V                             ; 4.61e-10 s                 ; 4.2e-10 s                  ; No                        ; No                        ;
; cap_period[14]    ; 3.3-V LVTTL  ; 0 s                 ; 0 s                 ; 3.46 V                       ; 1.85e-07 V                   ; 3.57 V              ; -0.141 V            ; 0.301 V                              ; 0.239 V                              ; 4.61e-10 s                  ; 4.2e-10 s                   ; No                         ; No                         ; 3.46 V                      ; 1.85e-07 V                  ; 3.57 V             ; -0.141 V           ; 0.301 V                             ; 0.239 V                             ; 4.61e-10 s                 ; 4.2e-10 s                  ; No                        ; No                        ;
; cap_period[15]    ; 3.3-V LVTTL  ; 0 s                 ; 0 s                 ; 3.46 V                       ; 1.85e-07 V                   ; 3.57 V              ; -0.141 V            ; 0.301 V                              ; 0.239 V                              ; 4.61e-10 s                  ; 4.2e-10 s                   ; No                         ; No                         ; 3.46 V                      ; 1.85e-07 V                  ; 3.57 V             ; -0.141 V           ; 0.301 V                             ; 0.239 V                             ; 4.61e-10 s                 ; 4.2e-10 s                  ; No                        ; No                        ;
; cap_high_time[0]  ; 3.3-V LVTTL  ; 0 s                 ; 0 s                 ; 3.46 V                       ; 1.85e-07 V                   ; 3.57 V              ; -0.141 V            ; 0.301 V                              ; 0.239 V                              ; 4.61e-10 s                  ; 4.2e-10 s                   ; No                         ; No                         ; 3.46 V                      ; 1.85e-07 V                  ; 3.57 V             ; -0.141 V           ; 0.301 V                             ; 0.239 V                             ; 4.61e-10 s                 ; 4.2e-10 s                  ; No                        ; No                        ;
; cap_high_time[1]  ; 3.3-V LVTTL  ; 0 s                 ; 0 s                 ; 3.46 V                       ; 1.85e-07 V                   ; 3.57 V              ; -0.141 V            ; 0.301 V                              ; 0.239 V                              ; 4.61e-10 s                  ; 4.2e-10 s                   ; No                         ; No                         ; 3.46 V                      ; 1.85e-07 V                  ; 3.57 V             ; -0.141 V           ; 0.301 V                             ; 0.239 V                             ; 4.61e-10 s                 ; 4.2e-10 s                  ; No                        ; No                        ;
; cap_high_time[2]  ; 3.3-V LVTTL  ; 0 s                 ; 0 s                 ; 3.46 V                       ; 1.85e-07 V                   ; 3.57 V              ; -0.141 V            ; 0.301 V                              ; 0.239 V                              ; 4.61e-10 s                  ; 4.2e-10 s                   ; No                         ; No                         ; 3.46 V                      ; 1.85e-07 V                  ; 3.57 V             ; -0.141 V           ; 0.301 V                             ; 0.239 V                             ; 4.61e-10 s                 ; 4.2e-10 s                  ; No                        ; No                        ;
; cap_high_time[3]  ; 3.3-V LVTTL  ; 0 s                 ; 0 s                 ; 3.46 V                       ; 1.85e-07 V                   ; 3.57 V              ; -0.141 V            ; 0.301 V                              ; 0.239 V                              ; 4.61e-10 s                  ; 4.2e-10 s                   ; No                         ; No                         ; 3.46 V                      ; 1.85e-07 V                  ; 3.57 V             ; -0.141 V           ; 0.301 V                             ; 0.239 V                             ; 4.61e-10 s                 ; 4.2e-10 s                  ; No                        ; No                        ;
; cap_high_time[4]  ; 3.3-V LVTTL  ; 0 s                 ; 0 s                 ; 3.46 V                       ; 1.85e-07 V                   ; 3.57 V              ; -0.141 V            ; 0.301 V                              ; 0.239 V                              ; 4.61e-10 s                  ; 4.2e-10 s                   ; No                         ; No                         ; 3.46 V                      ; 1.85e-07 V                  ; 3.57 V             ; -0.141 V           ; 0.301 V                             ; 0.239 V                             ; 4.61e-10 s                 ; 4.2e-10 s                  ; No                        ; No                        ;
; cap_high_time[5]  ; 3.3-V LVTTL  ; 0 s                 ; 0 s                 ; 3.46 V                       ; 1.25e-07 V                   ; 3.48 V              ; -0.0162 V           ; 0.354 V                              ; 0.317 V                              ; 3.88e-09 s                  ; 3.06e-09 s                  ; No                         ; No                         ; 3.46 V                      ; 1.25e-07 V                  ; 3.48 V             ; -0.0162 V          ; 0.354 V                             ; 0.317 V                             ; 3.88e-09 s                 ; 3.06e-09 s                 ; No                        ; No                        ;
; cap_high_time[6]  ; 3.3-V LVTTL  ; 0 s                 ; 0 s                 ; 3.46 V                       ; 1.85e-07 V                   ; 3.57 V              ; -0.141 V            ; 0.301 V                              ; 0.239 V                              ; 4.61e-10 s                  ; 4.2e-10 s                   ; No                         ; No                         ; 3.46 V                      ; 1.85e-07 V                  ; 3.57 V             ; -0.141 V           ; 0.301 V                             ; 0.239 V                             ; 4.61e-10 s                 ; 4.2e-10 s                  ; No                        ; No                        ;
; cap_high_time[7]  ; 3.3-V LVTTL  ; 0 s                 ; 0 s                 ; 3.46 V                       ; 1.85e-07 V                   ; 3.57 V              ; -0.141 V            ; 0.301 V                              ; 0.239 V                              ; 4.61e-10 s                  ; 4.2e-10 s                   ; No                         ; No                         ; 3.46 V                      ; 1.85e-07 V                  ; 3.57 V             ; -0.141 V           ; 0.301 V                             ; 0.239 V                             ; 4.61e-10 s                 ; 4.2e-10 s                  ; No                        ; No                        ;
; cap_high_time[8]  ; 3.3-V LVTTL  ; 0 s                 ; 0 s                 ; 3.46 V                       ; 1.85e-07 V                   ; 3.48 V              ; -0.0173 V           ; 0.356 V                              ; 0.324 V                              ; 3.89e-09 s                  ; 3.06e-09 s                  ; No                         ; No                         ; 3.46 V                      ; 1.85e-07 V                  ; 3.48 V             ; -0.0173 V          ; 0.356 V                             ; 0.324 V                             ; 3.89e-09 s                 ; 3.06e-09 s                 ; No                        ; No                        ;
; cap_high_time[9]  ; 3.3-V LVTTL  ; 0 s                 ; 0 s                 ; 3.46 V                       ; 1.85e-07 V                   ; 3.57 V              ; -0.141 V            ; 0.301 V                              ; 0.239 V                              ; 4.61e-10 s                  ; 4.2e-10 s                   ; No                         ; No                         ; 3.46 V                      ; 1.85e-07 V                  ; 3.57 V             ; -0.141 V           ; 0.301 V                             ; 0.239 V                             ; 4.61e-10 s                 ; 4.2e-10 s                  ; No                        ; No                        ;
; cap_high_time[10] ; 3.3-V LVTTL  ; 0 s                 ; 0 s                 ; 3.46 V                       ; 1.85e-07 V                   ; 3.57 V              ; -0.141 V            ; 0.301 V                              ; 0.239 V                              ; 4.61e-10 s                  ; 4.2e-10 s                   ; No                         ; No                         ; 3.46 V                      ; 1.85e-07 V                  ; 3.57 V             ; -0.141 V           ; 0.301 V                             ; 0.239 V                             ; 4.61e-10 s                 ; 4.2e-10 s                  ; No                        ; No                        ;
; cap_high_time[11] ; 3.3-V LVTTL  ; 0 s                 ; 0 s                 ; 3.46 V                       ; 1.85e-07 V                   ; 3.57 V              ; -0.141 V            ; 0.301 V                              ; 0.239 V                              ; 4.61e-10 s                  ; 4.2e-10 s                   ; No                         ; No                         ; 3.46 V                      ; 1.85e-07 V                  ; 3.57 V             ; -0.141 V           ; 0.301 V                             ; 0.239 V                             ; 4.61e-10 s                 ; 4.2e-10 s                  ; No                        ; No                        ;
; cap_high_time[12] ; 3.3-V LVTTL  ; 0 s                 ; 0 s                 ; 3.46 V                       ; 1.85e-07 V                   ; 3.57 V              ; -0.141 V            ; 0.301 V                              ; 0.239 V                              ; 4.61e-10 s                  ; 4.2e-10 s                   ; No                         ; No                         ; 3.46 V                      ; 1.85e-07 V                  ; 3.57 V             ; -0.141 V           ; 0.301 V                             ; 0.239 V                             ; 4.61e-10 s                 ; 4.2e-10 s                  ; No                        ; No                        ;
; cap_high_time[13] ; 3.3-V LVTTL  ; 0 s                 ; 0 s                 ; 3.46 V                       ; 1.85e-07 V                   ; 3.57 V              ; -0.141 V            ; 0.301 V                              ; 0.239 V                              ; 4.61e-10 s                  ; 4.2e-10 s                   ; No                         ; No                         ; 3.46 V                      ; 1.85e-07 V                  ; 3.57 V             ; -0.141 V           ; 0.301 V                             ; 0.239 V                             ; 4.61e-10 s                 ; 4.2e-10 s                  ; No                        ; No                        ;
; cap_high_time[14] ; 3.3-V LVTTL  ; 0 s                 ; 0 s                 ; 3.46 V                       ; 1.85e-07 V                   ; 3.57 V              ; -0.141 V            ; 0.301 V                              ; 0.239 V                              ; 4.61e-10 s                  ; 4.2e-10 s                   ; No                         ; No                         ; 3.46 V                      ; 1.85e-07 V                  ; 3.57 V             ; -0.141 V           ; 0.301 V                             ; 0.239 V                             ; 4.61e-10 s                 ; 4.2e-10 s                  ; No                        ; No                        ;
; cap_high_time[15] ; 3.3-V LVTTL  ; 0 s                 ; 0 s                 ; 3.46 V                       ; 1.25e-07 V                   ; 3.57 V              ; -0.0855 V           ; 0.315 V                              ; 0.175 V                              ; 6.79e-10 s                  ; 6.15e-10 s                  ; No                         ; No                         ; 3.46 V                      ; 1.25e-07 V                  ; 3.57 V             ; -0.0855 V          ; 0.315 V                             ; 0.175 V                             ; 6.79e-10 s                 ; 6.15e-10 s                 ; No                        ; No                        ;
; cap_valid         ; 3.3-V LVTTL  ; 0 s                 ; 0 s                 ; 3.46 V                       ; 1.85e-07 V                   ; 3.48 V              ; -0.0173 V           ; 0.356 V                              ; 0.324 V                              ; 3.89e-09 s                  ; 3.06e-09 s                  ; No                         ; No                         ; 3.46 V                      ; 1.85e-07 V                  ; 3.48 V             ; -0.0173 V          ; 0.356 V                             ; 0.324 V                             ; 3.89e-09 s                 ; 3.06e-09 s                 ; No                        ; No                        ;
; pll_locked        ; 3.3-V LVTTL  ; 0 s                 ; 0 s                 ; 3.46 V                       ; 1.85e-07 V                   ; 3.57 V              ; -0.141 V            ; 0.301 V                              ; 0.239 V                              ; 4.61e-10 s                  ; 4.2e-10 s                   ; No                         ; No                         ; 3.46 V                      ; 1.85e-07 V                  ; 3.57 V             ; -0.141 V           ; 0.301 V                             ; 0.239 V                             ; 4.61e-10 s                 ; 4.2e-10 s                  ; No                        ; No                        ;
; ~ALTERA_DCLK~     ; 3.3-V LVTTL  ; 0 s                 ; 0 s                 ; 3.46 V                       ; 6.54e-08 V                   ; 3.66 V              ; -0.26 V             ; 0.41 V                               ; 0.32 V                               ; 1.57e-10 s                  ; 2.15e-10 s                  ; No                         ; Yes                        ; 3.46 V                      ; 6.54e-08 V                  ; 3.66 V             ; -0.26 V            ; 0.41 V                              ; 0.32 V                              ; 1.57e-10 s                 ; 2.15e-10 s                 ; No                        ; Yes                       ;
; ~ALTERA_nCEO~     ; 3.3-V LVTTL  ; 0 s                 ; 0 s                 ; 3.46 V                       ; 1.25e-07 V                   ; 3.57 V              ; -0.0855 V           ; 0.315 V                              ; 0.175 V                              ; 6.79e-10 s                  ; 6.15e-10 s                  ; No                         ; No                         ; 3.46 V                      ; 1.25e-07 V                  ; 3.57 V             ; -0.0855 V          ; 0.315 V                             ; 0.175 V                             ; 6.79e-10 s                 ; 6.15e-10 s                 ; No                        ; No                        ;
+-------------------+--------------+---------------------+---------------------+------------------------------+------------------------------+---------------------+---------------------+--------------------------------------+--------------------------------------+-----------------------------+-----------------------------+----------------------------+----------------------------+-----------------------------+-----------------------------+--------------------+--------------------+-------------------------------------+-------------------------------------+----------------------------+----------------------------+---------------------------+---------------------------+


+---------------------------------------------------------------------------------------------------------------------------------------------------+
; Setup Transfers                                                                                                                                   ;
+---------------------------------------------------+---------------------------------------------------+----------+----------+----------+----------+
; From Clock                                        ; To Clock                                          ; RR Paths ; FR Paths ; RF Paths ; FF Paths ;
+---------------------------------------------------+---------------------------------------------------+----------+----------+----------+----------+
; u_pll|altpll_component|auto_generated|pll1|clk[0] ; u_pll|altpll_component|auto_generated|pll1|clk[0] ; 4062     ; 0        ; 0        ; 0        ;
+---------------------------------------------------+---------------------------------------------------+----------+----------+----------+----------+
Entries labeled "false path" only account for clock-to-clock false paths and not path-based false paths. As a result, actual path counts may be lower than reported.


+---------------------------------------------------------------------------------------------------------------------------------------------------+
; Hold Transfers                                                                                                                                    ;
+---------------------------------------------------+---------------------------------------------------+----------+----------+----------+----------+
; From Clock                                        ; To Clock                                          ; RR Paths ; FR Paths ; RF Paths ; FF Paths ;
+---------------------------------------------------+---------------------------------------------------+----------+----------+----------+----------+
; u_pll|altpll_component|auto_generated|pll1|clk[0] ; u_pll|altpll_component|auto_generated|pll1|clk[0] ; 4062     ; 0        ; 0        ; 0        ;
+---------------------------------------------------+---------------------------------------------------+----------+----------+----------+----------+
Entries labeled "false path" only account for clock-to-clock false paths and not path-based false paths. As a result, actual path counts may be lower than reported.


---------------
; Report TCCS ;
---------------
No dedicated SERDES Transmitter circuitry present in device or used in design


---------------
; Report RSKM ;
---------------
No dedicated SERDES Receiver circuitry present in device or used in design


+------------------------------------------------+
; Unconstrained Paths                            ;
+---------------------------------+-------+------+
; Property                        ; Setup ; Hold ;
+---------------------------------+-------+------+
; Illegal Clocks                  ; 0     ; 0    ;
; Unconstrained Clocks            ; 0     ; 0    ;
; Unconstrained Input Ports       ; 1     ; 1    ;
; Unconstrained Input Port Paths  ; 292   ; 292  ;
; Unconstrained Output Ports      ; 55    ; 55   ;
; Unconstrained Output Port Paths ; 94    ; 94   ;
+---------------------------------+-------+------+


+------------------------------------+
; TimeQuest Timing Analyzer Messages ;
+------------------------------------+
Info: *******************************************************************
Info: Running Quartus II 64-Bit TimeQuest Timing Analyzer
    Info: Version 13.0.1 Build 232 06/12/2013 Service Pack 1 SJ Web Edition
    Info: Processing started: Fri Aug 07 15:02:32 2026
Info: Command: quartus_sta CPLD_pwm -c CPLD_pwm
Info: qsta_default_script.tcl version: #1
Warning (20028): Parallel compilation is not licensed and has been disabled
Info (21077): Low junction temperature is 0 degrees C
Info (21077): High junction temperature is 85 degrees C
Info (332104): Reading SDC File: 'CPLD_pwm.sdc'
Info (332110): Deriving PLL clocks
    Info (332110): create_generated_clock -source {u_pll|altpll_component|auto_generated|pll1|inclk[0]} -multiply_by 3 -duty_cycle 50.00 -name {u_pll|altpll_component|auto_generated|pll1|clk[0]} {u_pll|altpll_component|auto_generated|pll1|clk[0]}
Info (332151): Clock uncertainty is not calculated until you update the timing netlist.
Info (332123): Deriving Clock Uncertainty. Please refer to report_sdc in TimeQuest to see clock uncertainties.
Info: Found TIMEQUEST_REPORT_SCRIPT_INCLUDE_DEFAULT_ANALYSIS = ON
Info: Analyzing Slow 1200mV 85C Model
Info (332146): Worst-case setup slack is 1.852
    Info (332119):     Slack End Point TNS Clock 
    Info (332119): ========= ============= =====================
    Info (332119):     1.852         0.000 u_pll|altpll_component|auto_generated|pll1|clk[0] 
Info (332146): Worst-case hold slack is 0.454
    Info (332119):     Slack End Point TNS Clock 
    Info (332119): ========= ============= =====================
    Info (332119):     0.454         0.000 u_pll|altpll_component|auto_generated|pll1|clk[0] 
Info (332140): No Recovery paths to report
Info (332140): No Removal paths to report
Info (332146): Worst-case minimum pulse width slack is 3.050
    Info (332119):     Slack End Point TNS Clock 
    Info (332119): ========= ============= =====================
    Info (332119):     3.050         0.000 u_pll|altpll_component|auto_generated|pll1|clk[0] 
    Info (332119):     9.858         0.000 clk_50m 
Info: Analyzing Slow 1200mV 0C Model
Info (334003): Started post-fitting delay annotation
Info (334004): Delay annotation completed successfully
Info (332123): Deriving Clock Uncertainty. Please refer to report_sdc in TimeQuest to see clock uncertainties.
Info (332146): Worst-case setup slack is 2.244
    Info (332119):     Slack End Point TNS Clock 
    Info (332119): ========= ============= =====================
    Info (332119):     2.244         0.000 u_pll|altpll_component|auto_generated|pll1|clk[0] 
Info (332146): Worst-case hold slack is 0.402
    Info (332119):     Slack End Point TNS Clock 
    Info (332119): ========= ============= =====================
    Info (332119):     0.402         0.000 u_pll|altpll_component|auto_generated|pll1|clk[0] 
Info (332140): No Recovery paths to report
Info (332140): No Removal paths to report
Info (332146): Worst-case minimum pulse width slack is 3.047
    Info (332119):     Slack End Point TNS Clock 
    Info (332119): ========= ============= =====================
    Info (332119):     3.047         0.000 u_pll|altpll_component|auto_generated|pll1|clk[0] 
    Info (332119):     9.855         0.000 clk_50m 
Info: Analyzing Fast 1200mV 0C Model
Info (332123): Deriving Clock Uncertainty. Please refer to report_sdc in TimeQuest to see clock uncertainties.
Info (332146): Worst-case setup slack is 4.545
    Info (332119):     Slack End Point TNS Clock 
    Info (332119): ========= ============= =====================
    Info (332119):     4.545         0.000 u_pll|altpll_component|auto_generated|pll1|clk[0] 
Info (332146): Worst-case hold slack is 0.186
    Info (332119):     Slack End Point TNS Clock 
    Info (332119): ========= ============= =====================
    Info (332119):     0.186         0.000 u_pll|altpll_component|auto_generated|pll1|clk[0] 
Info (332140): No Recovery paths to report
Info (332140): No Removal paths to report
Info (332146): Worst-case minimum pulse width slack is 3.130
    Info (332119):     Slack End Point TNS Clock 
    Info (332119): ========= ============= =====================
    Info (332119):     3.130         0.000 u_pll|altpll_component|auto_generated|pll1|clk[0] 
    Info (332119):     9.423         0.000 clk_50m 
Info (332102): Design is not fully constrained for setup requirements
Info (332102): Design is not fully constrained for hold requirements
Info: Quartus II 64-Bit TimeQuest Timing Analyzer was successful. 0 errors, 1 warning
    Info: Peak virtual memory: 4603 megabytes
    Info: Processing ended: Fri Aug 07 15:02:33 2026
    Info: Elapsed time: 00:00:01
    Info: Total CPU time (on all processors): 00:00:01


